Winner,Winner id,Loser,Loser id,No Contest/Draw
Jean Silva,52ef95b5860fb28c,Jose Delgado,7d6ceff6747f2de2,Y
Brandon Moreno,792be9a24df82ed6,Joseph Morales,2fe9032955c2e013,Y
Tommy McMillen,6b0a6def604de298,Marwan Rahiki,6eedb757f13b9978,Y
Alexa Grasso,e8b731feff72294b,Manon Fiorot,34ff304266360297,Y
Curtis Blaydes,fa6796c55d6c5440,Waldo Cortes Acosta,fc08099550072fe4,Y
David Martinez,9a97acbfd5a08bfa,Dan Ige,82a5152216251682,Y
Tim Elliott,c96d9178c9ed9e62,Edgar Chairez,5ef94841c4bc3f86,Y
Ignacio Bahamondes,e4a47b07044ddd72,Muslim Salikhov,447f9858ae78f921,Y
Yousri Belgaroui,7674b836ce0698a0,Djorden Santos,312f7d7b2b2f7de4,Y
Tommy Gantt,de83f920fd302871,Drakkar Klose,7cbf7c78d3b34218,Y
Rongzhu,a13d755965a4ec9f,Rafa Garcia,e132d47bd9efbbe0,Y
Sean King III,41523699f37d400c,Jessie Rosas,d1026588fa65693f,Y
Regina Tarin,9f5609dba6584ab2,JJ Aldrich,6fd953151d981979,Y
Salahdine Parnasse,b3cb9dfccff3be76,Dan Hooker,193b9d1858bc4df3,Y
Axel Sola,1d2d98ddd05b38fb,Fares Ziam,1e4f273069fb9e85,Y
Michael Page,a67d071163962af8,Nursulton Ruziboev,49d2a08964c5eb11,Y
Daniil Donchenko,70dd69b6a703257e,Punahele Soriano,64facb6cc564262d,Y
Kurtis Campbell,9d51798e61f2e0c7,Trevor Peek,0bc697c5936a2d0a,Y
Losene Keita,5b43d68174b6e2ab,Muhammad Naimov,8d11d9c13e2ccdf7,Y
Felipe Lima,9256f591b30c073e,Morgan Charriere,5b03b61f9d90125e,Y
Mario Pinto,39d309957c5c210d,Ryan Spann,a67f5afa8d6a1b80,Y
Modestas Bukauskas,476fe566d2df676e,Oumar Sy,46e2011d92463b7e,Y
Pavel Andrusca,93f9c19ae41d2a97,Nathaniel Wood,329e403448756217,Y
Fabia Sintes,9911989cf48b195d,Michael Aljarouj,22e3458965d5d08a,Y
Nora Cornolle,f2b3f4ef3f780168,Klaudia Sygula,9f5e3c20ce40b344,Y
Matthieu Duclos,ec322adbabbfa6e7,Luis Felipe Dias,33a86e839ad202d8,Y
Delphine Benouaich,3138df4d117ebc12,Sofia Montenegro,8b1b051038354655,Y
Song Yadong,efb96bf3e9ada36f,Umar Nurmagomedov,2b6fc1c02736833d,Y
Denise Gomes,cffb87059e645bd1,Yan Xiaonan,c41d426cc7326d1b,Y
Kai Asakura,d33da8a3d82bdb62,Aoriqileng,7d420039bbfe7c1a,Y
Sumudaerji,3cf18e01cb6cbde3,Alex Perez,ab2b4ff41d6ebe0f,Y
Liu Ce,a9936818d709e2d7,Levi Rodrigues Jr.,9ac4e43ed56429ed,Y
Bilal Hasan,5182316da3c1d891,Nilson Rojas,bf60dd3256801649,Y
Andre Lima,b1f21ce050035d58,Namsrai Batbayar,e1f8beeb6d2d871a,Y
Rei Tsuruya,2f43a3e82661fa99,Kevin Borjas,34b96d52db1d26e6,Y
Sean Woodson,4682bc59d5f55145,Jack Jenkins,a9da3158dd2c2b5a,Y
Francesco Nuzzi,874cfc98877daecd,Xiao Long,86bace9e4ad85542,Y
Hector Santiago,8e4902b4a8045070,Lawrence Lui,a1ad35b98a9136e5,Y
Julia Polastri,abb68e3c7ca128f2,Xiong Jingnan,2cdb479a0ef0ee1d,Y
Cam Nelson,34d4cae19105eb68,Ding Meng,e0664abaa023fd6f,Y
Gregory Rodrigues,d1c65d2cf2925ddd,Anthony Hernandez,093e1f5bb73850be,Y
Vitor Petrino,71171fc96445bf65,Serghei Spivac,e2f6b2769aaedd6c,Y
Reinier de Ridder,d549cefc7c54ab78,Roman Dolidze,327d5f279895110d,Y
MarQuel Mederos,e2be0c1a9b886d92,Mason Jones,f6ad6a1e4d600e0d,Y
Carli Judice,f1ab6f37492c630a,Jeisla Chaves,8061a3136026a673,Y
Anthony Wint,b34976c022b24568,Terrance Chatman,23a81656507b56a3,Y
Jamall Emmers,e00a3dee329a51f7,Lerryan Douglas,640a0f838f057a81,Y
Shamil Gaziev,6747ccd6d1acd266,Kennedy Nzechukwu,8667caa0451d245b,Y
Chris Padilla,06626b6287e1ae1e,Nasrat Haqparast,b7b84ccd221be298,Y
Marcio Barbosa,c85bad793cd14e28,Ryan Kuse,d958ed9e5a08c849,Y
Stan Dorsainvil,5be51426ff3c1929,Gauge Young,b2a78df161bd67f9,Y
Jackson McVey,3eeec2f53cebdf12,Wes Schultz,b4443fae47e7eb9d,Y
Shanelle Dyer,cfbb3edab781dfd2,Elise Reed,ac7c765882f2c68c,Y
Islam Makhachev,275aca31f61ba28c,Ian Machado Garry,442c9011034ae1fd,Y
Mackenzie Dern,7447e9f28508106a,Gillian Robertson,38c7f72747f4f712,Y
Jalin Turner,4d8fa64202cee4c1,Kaue Fernandes,ec13c393d029297d,Y
Dustin Stoltzfus,71505842fb6455c3,Mansur Abdul-Malik,841695e02c99a521,Y
Esteban Ribovics,323d4ca260dfa0ba,Edson Barboza,64a50dad704d1d49,Y
Chidi Njokuani,c68c68efaa5ca6ef,Joel Alvarez,58bbef3770bb2dfc,Y
Charles Johnson,814e5233e2acf2ee,Eduardo Chapolin,62f3039da2f92a8c,Y
Donte Johnson,ad5cb64af10fc946,Eric McConico,9508cc6184cb2450,Y
Tresean Gore,147e70aa6cc48cfc,Vicente Luque,6d4b63c767106d3a,Y
Lucas Fernando,3df223aeaacecf3f,Rafael Tobias,d6a8edb7410223a0,Y
Neil Magny,84b3e7d38f2d2ec5,Ramiz Brahimaj,3d074044a33825e7,Y
Jeremiah Wells,d66a46de8d705353,Myktybek Orolbai,bf2c8e01b07d3eb1,Y
Quillan Salkilld,17734443a833cdf7,Mateusz Gamrot,72db2a14ffa73ece,Y
Diego Ferreira,f53d4f21d1b5f2dc,Billy Quarantillo,aa171d55d4b5208f,Y
Yadier del Valle,70380ccdc81915b8,Darren Elkins,92a9aa9c93192871,Y
Alexia Thainara,545092d13c67aa49,Amanda Lemos,3df5493bb279226f,Y
Ty Miller,0859524157a19045,Billy Ray Goff,fa07345cc9db5cc9,Y
Steven Asplund,e56cee1ad697db04,Guilherme Pat,ba15006c804a8de0,Y
Diyar Nurgozhay,709fadb644ee3f51,Bruno Lopes,0abcf6bc47191219,Y
Jose Montanha,1f8cd7634e8286ff,Louie Sutherland,cdb7b38b1b357f26,Y
Manoel Sousa,5870c541798124ae,Richie Miranda,abde3388a589103c,Y
Miles Johns,46e0d677f91bacc0,Gianni Vazquez,51ec9dc3b4964f19,Y
Juliana Miller,aa0c573da7119292,Ravena Oliveira,4948e412fa6ab67d,Y
Carol Foro,77ba5b2939c4018b,Gigi Canuto,651d209fa8c8cd83,Y
Uros Medic,681399317dbf4701,Daniel Rodriguez,8a1f3b5c526cd6e6,Y
Navajo Stirling,b4b496ec2197ee3e,Jan Blachowicz,99df7d0a2a08a8a8,Y
Aleksandar Rakic,333b9e5c723ac873,Marcin Tybura,c9cf753cfdf77fc2,Y
Robert Valentin,0cd0456d6029cec2,Dusko Todorovic,866fd7b1a6c90e7f,Y
Gilbert Urbina,b12fb759e02378de,Vlasto Cepo,025c1ee70b2cedf4,Y
Noah Gugnon,6266abf6e4245c72,Milos Janicic,dfcadfcbd3a3f097,Y
Tofiq Musayev,ae81a3ac7b260411,Ludovit Klein,5b86d491d63890c5,Y
Michael Oliveira,037cfd34a27d59e9,Oban Elliott,6b56e94a59b7b134,Y
Borislav Nikolic,5f926979c980b87e,Mark Vologdin,0e6b611451a9a7d8,Y
Bogdan Grad,fb37795db81f93f3,Dennis Buzukja,c4d039123e62f6a9,Y
Mateusz Rebecki,849c5d9979df5357,Kyle Prepolec,873626e5547b5235,Y
Nina Milosevic,eabece0edc2d62ca,Hailey Cowan,3c26c420584d912d,Y
Jovan Leka,182a73d5b4e57871,Alexander Poppeck,56bf3ed155bd0fcd,Y
Stephanie Luciano,1b35af4d1529adf6,Marina Spasic,5847c1a960bb23af,Y
Magomed Ankalaev,d802174b0c0c1f4e,Bogdan Guskov,ef5dcb10d2bd4b0f,Y
Ramazan Temirov,7d0a1968b38ca439,Steve Erceg,32ab52e5de93092d,Y
Magomed Zaynukov,04ff3a711504d6b3,Damian Rzepecki,99223fbb4a05326b,Y
Rizvan Kuniev,739fd4fbb5d862f4,Tyrell Fortune,bc7f4b2d4c2724a2,Y
Abubakar Vagaev,f7adc1fd115f8fdd,Saygid Izagakhmaev,de26d906f2874dd4,Y
Valter Walker,f5779a2303ed76ec,Thomas Petersen,764d39074a352e33,Y
Muhammad Saidov,b01a5e0dcd9f231d,Dustin Jacoby,e4277e87a789d687,Y
Sam Patterson,8b6e5dc2ba1edbe7,Santiago Ponzinibbio,6d1bffff14897645,Y
Axel Sola,1d2d98ddd05b38fb,Ismael Bonfim,eb393afdbe3293d5,Y
Magomed Tuchalov,bc5a51159ec2fdf2,Brendson Ribeiro,49edd0d90f60fb7d,Y
Nurullo Aliev,ca28cdf526d6b6e9,Mike Davis,fb3e61720be4690c,Y
Abdul Hussein,0e6bc8d1d6c0ad90,Cody Gibson,700a674c042b7a96,Y
Dricus Du Plessis,0d7b51c9d2649a6e,Kamaru Usman,f1b2aa7853d1ed6e,Y
Christian Leroy Duncan,a93f94c923c3a9cb,Jared Cannonier,13a0275fa13c4d26,Y
Chase Hooper,971246648e162f0d,Mitch Ramirez,e99eb0ef25885de5,Y
Fatima Kline,745fa7b605f8e2da,Tabatha Ricci,d25240135aee03e5,Y
Tommy McMillen,6b0a6def604de298,Alberto Montes,a112097ad877a48f,Y
Jose Delgado,7d6ceff6747f2de2,Austin Bashi,d3f89fa685bd8420,Y
Jean-Paul Lebosnoyani,a3dda21be645be93,Seokhyeon Ko,4a07b1988477502c,Y
Felipe Franco,e564146b9cf6dbef,Levi Rodrigues Jr.,9ac4e43ed56429ed,Y
Ezra Elliott,b852ad2b35354fcb,Damien Anderson,df619b9a86ce0a9a,Y
Alden Coria,5e9ca8dd7d783a75,Stewart Nicoll,2bd98ab77a8daa75,Y
RJ Harris,e03187ec8b5b6abc,Alvin Hines,ab2a4b5e04dc5fe9,Y
Dione Barbosa,27b388f0aab49780,Anna Melisano,40a7ec5d1ad6ffa8,Y
Max Holloway,150ff4cc642270b9,Conor McGregor,f4c49976c75c5ab2,Y
Paddy Pimblett,7826923b47f8d72a,Benoit Saint Denis,c2299ec916bc7c56,Y
Mario Bautista,bc711b6dd95c1af6,Cory Sandhagen,65f09bacd3957381,Y
Brandon Royval,6e15f63b6c2e2c15,Lone'er Kavanagh,bb2c3c3a466224af,Y
King Green,887961364be5ceb3,Terrance McKinney,809bd1a871491508,Y
Robert Whittaker,e1147d3d2dabe1ce,Nikita Krylov,1091d4d957141094,Y
Gable Steveson,f7e856a73c96048e,Elisha Ellison,87e4a3a5080ee7ce,Y
Adrian Yanez,0232cabbc30a2372,Cody Garbrandt,d8c7c61b176e3994,Y
Luke Riley,b1de86d835638319,Kai Kamaka III,eee0ef3e2b14816b,Y
Wang Cong,2997e7fe3c9d3d4a,Tracy Cortez,68d4a891e5cf2029,Y
Damian Pinas,fdd22e895a70e4a8,Cesar Almeida,64d47ef881a437a4,Y
Farid Basharat,a09ed60aa67a3f67,John Garza,a54b961a1f8be1d5,Y
Ryan Gandra,e463ce0a2ca474f4,Zach Reese,23dec7c47cb418f8,Y
Alessandro Costa,3fa97913cfd205d3,Cody Durden,7f6ed67d3ed3c036,Y
Rafael Fiziev,c814b4c899793af6,Manuel Torres,2e7878927067fdca,Y
Shara Magomedov,06734ca9d88dec3a,Michel Pereira,595db60957de51d3,Y
Matheus Camilo,72f890c5d421e705,Nazim Sadykhov,ff62013d2fce6d13,Y
Asu Almabayev,8d3273573b85be09,Charles Johnson,814e5233e2acf2ee,Y
Ikram Aliskerov,b07aed698fba8624,Brunno Ferreira,1e719d4b676dc19a,Y
Abus Magomedov,36b8f265bcd1b7a4,Michal Oleksiejczuk,0d65c432720accb9,Y
Farman Hasanov,c88f8a9c1ea7165d,Eric Nolan,64b12fe31be7560c,Y
Abdul Rakhman Yakhyaev,95aff2fd8d09a5f0,Julius Walker,6add18754930182b,Y
Nursulton Ruziboev,49d2a08964c5eb11,Andrey Pulyaev,22e07d3da1aa3475,Y
Kaan Ofli,7facc9c45d792985,Javier Reyes,4a574b8512fc1b30,Y
Daniil Donchenko,70dd69b6a703257e,Theodor Berggren,feef5f8f5629e5e7,Y
Jean Matsumoto,ffd3224638c01b57,Bekzat Almakhan,a4dc0f2b95df4cc1,Y
Tahir Abdullayev,e047d3b541afd4a7,Jefferson Nascimento,4b85abc5abbe657c,Y
Manel Kape,5d1b7e3dd9e11074,Kyoji Horiguchi,98aa60cf58071fd6,Y
Navajo Stirling,b4b496ec2197ee3e,Ion Cutelaba,cd13728ae1151f46,Y
Christian Rodriguez,5ec591b78349ba7e,Hyder Amil,41cc71cbf210e0fe,Y
Murtazali Magomedov,d436f5d55156a521,Melsik Baghdasaryan,a52bc1e62cf0b7c6,Y
Vinicius Oliveira,18d01f7f8338ae72,Andre Fili,8fd808923cffff82,Y
Kevin Borjas,34b96d52db1d26e6,Andre Lima,b1f21ce050035d58,Y
Bia Mesquita,eff9074bc066f0f2,Melissa Mullins,bd532e9a2b93870c,Y
Mitch Raposo,0be6776db31d98ec,Allan Nascimento,253076a23d03dcd0,Y
Gaston Bolanos,96924b0019b3aff1,Michael Aswell Jr.,01c9e4013afce141,Y
Levan Chokheli,a69a7120cf26669d,Leon Shahbazyan,9eed2bcc9e0b92af,Y
Luana Santos,5078e1dacf9d25f4,Karol Rosa,351c4ec637380ad5,Y
Shane Collins,70fc8214822b5a85,Otari Tanzilovi,b9124c308671e303,Y
Justin Gaethje,9e8f6c728eb01124,Ilia Topuria,54f64b5e283b0ce7,Y
Ciryl Gane,787bb1f087ccff8a,Alex Pereira,e5549c82bfb5582d,Y
Sean O'Malley,b50a426a33da0012,Aiemann Zahabi,24656ef4d605c96f,Y
Josh Hokit,955da1675ad58a50,Derrick Lewis,d3df1add9d9a7efb,Y
Mauricio Ruffy,9c393e836a852f30,Michael Chandler,4b93a88f3b1de35b,Y
Bo Nickal,35673bf5204524ee,Kyle Daukaus,d6c0cdd7e467c440,Y
Diego Lopes,f166e93d04a8c274,Steve Garcia,97cf1a2c7c5e7889,Y
Gabriel Bonfim,01641ba5df0c69b0,Belal Muhammad,b1b0729d27936f2f,Y
Brendan Allen,2f181c0467965b98,Edmen Shahbazyan,4144798612ef96e5,Y
Tom Nolan,6c3b2525436cf5d4,Fares Ziam,1e4f273069fb9e85,Y
Bryce Mitchell,d9c6f19f958643e9,Santiago Luna,faf317c665546a36,Y
Iwo Baraniewski,1c23ec2f1b71be40,Junior Tafa,c15fa95b9a12fde4,Y
Alessandro Costa,3fa97913cfd205d3,Matt Schnell,67c1d46f4ed16f9e,Y
Marcus McGhee,c0ac37a4a1133da9,John Yannis,450bcab0968562c4,Y
Edgar Chairez,5ef94841c4bc3f86,Bruno Silva,294aa73dbf37d281,Y
Chelsea Chandler,af9efbfd63d39734,Priscila Cachoeira,b1e5bcaad32a3cac,Y
Joanderson Brito,791c8437b341fba5,Jordan Leavitt,ac026518a9b4dc0f,Y
Jeisla Chaves,8061a3136026a673,Yuneisy Duben,c3d2b9bcb4cead6b,Y
Ketlen Souza,8bd4200561c77a62,Ariane Carnelossi,c0d5c0c95c59050b,Y
Song Yadong,efb96bf3e9ada36f,Deiveson Figueiredo,aa72b0f831d0bfe5,Y
Alonzo Menifield,a495f599e787614f,Zhang Mingyang,8a65fd9ba31fd3f7,Y
Sergei Pavlovich,f14cf73e51b29254,Tallison Teixeira,17923f676f100e16,Y
Kai Asakura,d33da8a3d82bdb62,Cameron Smotherman,5c84f673b7bb7c15,Y
Jake Matthews,a845f0735bc67405,Carlston Harris,a53d30163304aa6e,Y
Alex Perez,ab2b4ff41d6ebe0f,Sumudaerji,3cf18e01cb6cbde3,N
Luis Felipe Dias,33a86e839ad202d8,YiSak Lee,e6666480a830f764,Y
Jose Souza,20a0e4cc5227c117,Ding Meng,e0664abaa023fd6f,Y
Cody Haddon,8e6654e9f0461b8f,Aoriqileng,7d420039bbfe7c1a,Y
Rei Tsuruya,2f43a3e82661fa99,Luis Gurule,29162be25ebef5f0,Y
Angela Hill,f0feeb2192937424,Xiong Jingnan,2cdb479a0ef0ee1d,Y
Rodrigo Vera,2b266e623e20737a,Zhu Kangjie,6f4ec5aa3eced219,Y
Jaqueline Amorim,bc7d1ad49fcb2d08,Loma Lookboonmee,4e30e4250cb08b61,Y
Arnold Allen,040a74bb0a465c54,Melquizael Costa,20bccc9bb4ceb23e,Y
Dooho Choi,e93b04e308913c2e,Daniel Santos,b67d6bacc68d4c92,Y
Juan Diaz,74939a16c7b56f33,Malcolm Wellmaker,2e45d08b3f2f02c8,Y
Modestas Bukauskas,476fe566d2df676e,Christian Edwards,f5d82eccdea4e2dd,Y
Benardo Sopaj,b6c37948cb226e8c,Timmy Cuamba,0e46690e55a8df75,Y
Khaos Williams,2558ae2e5671e318,Nikolay Veretennikov,0f1efce7d2571d10,Y
Ivan Erslan,64ad3e3b0efa30bb,Tuco Tokkos,3e8118c1ab52f211,Y
Tommy Gantt,de83f920fd302871,Artur Minev,20d37922ba85e6fc,Y
Ketlen Vieira,b9706f80d005036c,Jacqueline Cavalcanti,e3964ece586e0635,Y
Cody Brundage,f14f644d41ade29f,Andre Petroski,5f61780fe5e9b6d0,Y
Alice Ardelean,87f8699fdcc2c404,Polyana Viana,9673a497a9da119a,Y
Luis Gurule,29162be25ebef5f0,Daniel Barez,e8fe9c15d348e778,Y
Nicolle Caliari,fc0a4053eb8a3a59,Shauna Bannon,9c442aaf149ea982,Y
Sean Strickland,0d8011111be000b2,Khamzat Chimaev,767755fd74662dbf,Y
Joshua Van,17e97649403ba428,Tatsuro Taira,4461d7e47375a895,Y
Alexander Volkov,279566840aa55bf2,Waldo Cortes Acosta,fc08099550072fe4,Y
Sean Brady,45f7cb591c3ab00b,Joaquin Buckley,b9437600497350f3,Y
King Green,887961364be5ceb3,Jeremy Stephens,18968f97ad34f15c,Y
Ateba Gautier,2f815ed5f8278ba6,Ozzy Diaz,6967153c7edb4d87,Y
Yaroslav Amosov,f139d6836efd43dd,Joel Alvarez,58bbef3770bb2dfc,Y
Grant Dawson,99bd51917728c25d,Mateusz Rebecki,849c5d9979df5357,Y
Jim Miller,d1941565abf50b16,Jared Gordon,7026eca45f65377b,Y
Roman Kopylov,9d83f6da776ff7d6,Marco Tulio,9384e71bca6c409d,Y
Pat Sabatini,b8bbdeff718dbb7d,William Gomis,e1d40e8782d80bc2,Y
Baisangur Susurkaev,d1feea7a4bdcd503,Djorden Santos,312f7d7b2b2f7de4,Y
Jose Ochoa,88be62d6c1e6dadb,Clayton Carpenter,b62d5280966b2460,Y
Carlos Prates,7ee0fd831c0fe7c3,Jack Della Maddalena,6b453bc35a823c3f,Y
Quillan Salkilld,17734443a833cdf7,Beneil Dariush,08af939f41b5a57b,Y
Steve Erceg,32ab52e5de93092d,Tim Elliott,c96d9178c9ed9e62,Y
Marwan Rahiki,6eedb757f13b9978,Ollie Schmid,b701f095e6ccb149,Y
Brando Pericic,d0fd0d9ee560dae7,Shamil Gaziev,6747ccd6d1acd266,Y
Louie Sutherland,cdb7b38b1b357f26,Tai Tuivasa,c62fbc117d57b943,Y
Cam Rowston,8ebc3a8da015d70c,Robert Bryczek,f96856f9d69fd7e4,Y
Junior Tafa,c15fa95b9a12fde4,Kevin Christian,7e9b36a9847db116,Y
Jacob Malkoun,d4270315cbcf2569,Gerald Meerschaert,6ac9bc2953c47345,Y
Colby Thicknesse,ed7d329d7c29428d,Vince Morales,37098a6e6c27fb66,Y
Wes Schultz,b4443fae47e7eb9d,Ben Johnston,3261aa79bf6caa64,Y
Jonathan Micallef,f782f953bfe7b5f2,Themba Gorimbo,40f3cb27fc7305a1,Y
Kody Steele,aebaa8cec15b083d,Dom Mar Fan,530af2900b5a1693,Y
Aljamain Sterling,cb696ebfb6598724,Youssef Zalal,52c2ae6d2f2d2613,Y
Joselyne Edwards,f9ab66e67240db7b,Norma Dumont,d3f5d33d61cd00c9,Y
Rafa Garcia,e132d47bd9efbbe0,Alexander Hernandez,262a7d06203657e6,Y
Davey Grant,113df4fde64735c6,Adrian Luna Martinetti,e3b30b573e7f0d19,Y
Raoni Barcelos,b9f28e7045fdfce7,Montel Jackson,cc1a8b4b38b92c6d,Y
Ryan Spann,a67f5afa8d6a1b80,Marcus Buchecha,095854a135e6db55,Y
Eric McConico,9508cc6184cb2450,Rodolfo Vieira,260e9e0d4954aea6,Y
Jackson McVey,3eeec2f53cebdf12,Sedriques Dumas,4e6738062d469256,Y
Michelle Montague,ca80d72da81d7224,Mayra Bueno Silva,cc8c623cca88f54f,Y
Cody Durden,7f6ed67d3ed3c036,Jafel Filho,65adf3856c4d9256,Y
Francis Marshall,5d495dec23d7c68e,Lucas Brennan,33a8708747b7f943,Y
Victor Valenzuela,078695e385ec2f57,Max Griffin,b0d6a1d8ac3d563d,Y
Talita Alencar,d35298b6df168456,Julia Polastri,abb68e3c7ca128f2,Y
Mike Malott,dd6103dd7127db1d,Gilbert Burns,23024fdfc966410a,Y
Charles Jourdain,f1d64ae34e088832,Kyler Phillips,60425d07ef4b91a7,Y
Jai Herbert,4c88a1db5a46c6a4,Mandel Nallo,8f4528c10bd34fab,Y
Jasmine Jasudavicius,a9e260472d321361,Karine Silva,9d62c2d8ee151f08,Y
Gauge Young,b2a78df161bd67f9,Thiago Moises,d945aae53e3e54e6,Y
Marcio Barbosa,c85bad793cd14e28,Dennis Buzukja,c4d039123e62f6a9,Y
Robert Valentin,0cd0456d6029cec2,Julien Leblanc,cd0dfd9846bd03b9,Y
Gokhan Saricam,1a97a3ef4c758fae,Tanner Boser,04c8b08b16a5b99e,Y
Melissa Croden,51e2f44a8dbf6984,Daria Zhelezniakova,07047eb7d17fb0a2,Y
JJ Aldrich,6fd953151d981979,Jamey-Lyn Horth,5c637af9472ae7cc,Y
John Castaneda,5fa2974cbd18e05c,Mark Vologdin,0e6b611451a9a7d8,N
John Yannis,450bcab0968562c4,Jamie Siraj,e6679e38e7fab7a8,Y
Carlos Ulberg,9014c02eff8b3d62,Jiri Prochazka,009341ed974bad72,Y
Paulo Costa,2e5c2aa8e4ab9d82,Azamat Murzakanov,e90a2f22417af68e,Y
Josh Hokit,955da1675ad58a50,Curtis Blaydes,fa6796c55d6c5440,Y
Dominick Reyes,2e19380f34871c6a,Johnny Walker,c21f26bbde777573,Y
Cub Swanson,d247691a6c0e9034,Nate Landwehr,583ee11abddfc581,Y
Aaron Pico,5537efc6e496dd84,Patricio Pitbull,98a58c26c5b1ed17,Y
Kevin Holland,3a46b268013afede,Randy Brown,c6aee362c7a7d482,Y
Mateusz Gamrot,72db2a14ffa73ece,Esteban Ribovics,323d4ca260dfa0ba,Y
Tatiana Suarez,b08012bbe542592a,Loopy Godinez,8e5d953bdb9ae5e7,Y
Chris Padilla,06626b6287e1ae1e,MarQuel Mederos,e2be0c1a9b886d92,N
Vicente Luque,6d4b63c767106d3a,Kelvin Gastelum,8c0580d4fff106c1,Y
Charles Radtke,feedf3053472fe56,Francisco Prado,3920d0cc288f9b0d,Y
Renato Moicano,b6452706b373eea1,Chris Duncan,fd406a32a6fb3a29,Y
Virna Jandiroba,7dda2cf308f24a02,Tabatha Ricci,d25240135aee03e5,Y
Abdul Rakhman Yakhyaev,95aff2fd8d09a5f0,Brendson Ribeiro,49edd0d90f60fb7d,Y
Ethyn Ewing,d776b5814f2400b4,Rafael Estevam,83455a9d17f57dae,Y
Tommy McMillen,6b0a6def604de298,Manolo Zecchini,fd7ab338e4953644,Y
Jose Delano,d7c4956d61ae76a9,Robert Ruchala,92aed9d16794f42b,Y
Thomas Petersen,764d39074a352e33,Guilherme Pat,ba15006c804a8de0,Y
Alessandro Costa,3fa97913cfd205d3,Stewart Nicoll,2bd98ab77a8daa75,Y
Darrius Flowers,65db4065e2bc107d,Lando Vannata,f9b200db02b488d9,Y
Alice Pereira,81d2c551886bd5a1,Hailey Cowan,3c26c420584d912d,Y
Tresean Gore,147e70aa6cc48cfc,Azamat Bekoev,3bc3f60b21cddc6a,Y
Dione Barbosa,27b388f0aab49780,Melissa Gatto,a4a80dd7336ffd59,Y
Kai Kamaka III,eee0ef3e2b14816b,Dakota Hope,6142edbd477d20c9,Y
Joe Pyfer,c1085e1701b13eca,Israel Adesanya,1338e2c7480bdf9e,Y
Alexa Grasso,e8b731feff72294b,Maycee Barber,6a740daf1b279661,Y
Michael Chiesa,c58f51dedb310998,Niko Price,d8da10db80131bec,Y
Lerryan Douglas,640a0f838f057a81,Julian Erosa,902ec2cc48c8ae8a,Y
Yousri Belgaroui,7674b836ce0698a0,Mansur Abdul-Malik,841695e02c99a521,Y
Terrance McKinney,809bd1a871491508,Kyle Nelson,31f8081c7600da93,Y
Tofiq Musayev,ae81a3ac7b260411,Ignacio Bahamondes,e4a47b07044ddd72,Y
Lance Gibson Jr.,07bc580bdf3eb9c8,Chase Hooper,971246648e162f0d,Y
Tyrell Fortune,bc7f4b2d4c2724a2,Marcin Tybura,c9cf753cfdf77fc2,Y
Casey O'Neill,04835018f90b118c,Gabriella Fernandes,a6eb54ae17a551be,Y
Navajo Stirling,b4b496ec2197ee3e,Bruno Lopes,0abcf6bc47191219,Y
Ricky Simon,5987b2458f4b5290,Adrian Yanez,0232cabbc30a2372,N
Alexia Thainara,545092d13c67aa49,Bruna Brasil,7138a15258dabf20,Y
Movsar Evloev,76e2870ffafbe38f,Lerone Murphy,396fe87b84ac2e1c,Y
Luke Riley,b1de86d835638319,Michael Aswell Jr.,01c9e4013afce141,Y
Michael Page,a67d071163962af8,Sam Patterson,8b6e5dc2ba1edbe7,Y
Iwo Baraniewski,1c23ec2f1b71be40,Austen Lane,be9bdec19b7e9ffe,Y
Christian Leroy Duncan,a93f94c923c3a9cb,Roman Dolidze,327d5f279895110d,Y
Danny Silva,d964a59c48381cb6,Kurtis Campbell,9d51798e61f2e0c7,Y
Mason Jones,f6ad6a1e4d600e0d,Axel Sola,1d2d98ddd05b38fb,Y
Nathaniel Wood,329e403448756217,Losene Keita,5b43d68174b6e2ab,Y
Mario Pinto,39d309957c5c210d,Felipe Franco,e564146b9cf6dbef,Y
Mantas Kondratavicius,3cc506f115cbb9d5,Antonio Trocoli,6d48a2df51749d91,Y
Brando Pericic,d0fd0d9ee560dae7,Louie Sutherland,cdb7b38b1b357f26,Y
Abdul-Kareem Al-Selwady,597499ac7a5aac62,Shem Rock,52b6bf4528130e86,Y
Shanelle Dyer,cfbb3edab781dfd2,Ravena Oliveira,4948e412fa6ab67d,Y
Kevin Vallejos,239d8e5359022f3b,Josh Emmett,fba03cd6cc28dc41,Y
Gillian Robertson,38c7f72747f4f712,Amanda Lemos,3df5493bb279226f,Y
Jose Delgado,7d6ceff6747f2de2,Andre Fili,8fd808923cffff82,Y
Marwan Rahiki,6eedb757f13b9978,Harry Hardwick,2dbc60c52de126d8,Y
Ion Cutelaba,cd13728ae1151f46,Oumar Sy,46e2011d92463b7e,Y
Charles Johnson,814e5233e2acf2ee,Bruno Silva,294aa73dbf37d281,Y
Myktybek Orolbai,bf2c8e01b07d3eb1,Chris Curtis,5442f1bc4b47eaf3,Y
Vitor Petrino,71171fc96445bf65,Steven Asplund,e56cee1ad697db04,Y
Elijah Smith,7478b7f959ba61f5,SuYoung You,a474aade8eb3a8f0,Y
Manoel Sousa,5870c541798124ae,Bolaji Oki,4bdedbdeedff7d1d,Y
Eryk Anders,cad24459b28592ca,Brad Tavares,0c6d9ea8306c029e,Y
Bia Mesquita,eff9074bc066f0f2,Montse Rendon,60193e707634e560,Y
Hecher Sosa,ec3bd30378d63dd1,Luan Lacerda,6fc506e1099afe20,Y
Piera Rodriguez,e375cb5caf4717b6,Sam Hughes,e94085e821bd81de,Y
Charles Oliveira,07225ba28ae309b6,Max Holloway,150ff4cc642270b9,Y
Caio Borralho,4126a78111c0855a,Reinier de Ridder,d549cefc7c54ab78,Y
Raul Rosas Jr.,fe2babf95de24fb1,Rob Font,05339613bf8e9808,Y
Drew Dober,519e4fe37ce9ff75,Michael Johnson,511e82663651438d,Y
Gregory Rodrigues,d1c65d2cf2925ddd,Brunno Ferreira,1e719d4b676dc19a,Y
Cody Garbrandt,d8c7c61b176e3994,Xiao Long,86bace9e4ad85542,Y
Donte Johnson,ad5cb64af10fc946,Cody Brundage,f14f644d41ade29f,Y
Alberto Montes,a112097ad877a48f,Ricky Turcios,cd3d7e37ff2d679c,Y
Nyamjargal Tumendemberel,17cb6d8e8187f304,Cody Durden,7f6ed67d3ed3c036,Y
Sumudaerji,3cf18e01cb6cbde3,Jesus Aguilar,c051c2e12d692b8a,Y
Diyar Nurgozhay,709fadb644ee3f51,Rafael Tobias,d6a8edb7410223a0,Y
Rodolfo Bellato,69898645d600abdb,Luke Fernandez,d62e280d0f7b6d6f,Y
Lone'er Kavanagh,bb2c3c3a466224af,Brandon Moreno,792be9a24df82ed6,Y
David Martinez,9a97acbfd5a08bfa,Marlon Vera,7c7332319c14094c,Y
King Green,887961364be5ceb3,Daniel Zellhuber,4148802ae4a50768,Y
Edgar Chairez,5ef94841c4bc3f86,Felipe Bunes,53c10176e3bc7416,Y
Imanol Rodriguez,6e8349a0a0476d60,Kevin Borjas,34b96d52db1d26e6,Y
Santiago Luna,faf317c665546a36,Angel Pacheco,07797f10b9569cfc,Y
Ryan Gandra,e463ce0a2ca474f4,Jose Daniel Medina,baa9be02c3e3e038,Y
Ailin Perez,06e4245d16fc5315,Macy Chiasson,9cdd2da1a9104a0b,Y
Cristian Quinonez,7debc13b36343605,Kris Moutinho,9c27f3217891f3f0,Y
Javier Reyes,4a574b8512fc1b30,Douglas Silva de Andrade,3a314d9fa7c6825d,Y
Regina Tarin,9f5609dba6584ab2,Ernesta Kareckaite,e4faa79383c9f214,Y
Francis Marshall,5d495dec23d7c68e,Erik Silva,21b813b919776d90,Y
Damian Pinas,fdd22e895a70e4a8,Wes Schultz,b4443fae47e7eb9d,Y
Sean Strickland,0d8011111be000b2,Anthony Hernandez,093e1f5bb73850be,Y
Uros Medic,681399317dbf4701,Geoff Neal,b997be68943010fc,Y
Melquizael Costa,20bccc9bb4ceb23e,Dan Ige,82a5152216251682,Y
Serghei Spivac,e2f6b2769aaedd6c,Ante Delija,7d8435c56043b0ae,Y
Jacobe Smith,85497ffd934ecf7e,Josiah Harrell,e5864a42c80294f6,Y
Michel Pereira,595db60957de51d3,Zach Reese,23dec7c47cb418f8,Y
Carlos Leal,28d421729451c8ca,Chidi Njokuani,c68c68efaa5ca6ef,Y
Ode Osbourne,6d68c1afe954f121,Alibi Idiris,30cad5a751adcb48,N
Alden Coria,5e9ca8dd7d783a75,Luis Gurule,29162be25ebef5f0,Y
Joselyne Edwards,f9ab66e67240db7b,Nora Cornolle,f2b3f4ef3f780168,Y
Punahele Soriano,64facb6cc564262d,Ramiz Brahimaj,3d074044a33825e7,Y
Jean-Paul Lebosnoyani,a3dda21be645be93,Phil Rowe,8e382b585a92affe,Y
Jordan Leavitt,ac026518a9b4dc0f,Yadier del Valle,70380ccdc81915b8,Y
Carli Judice,f1ab6f37492c630a,Juliana Miller,aa0c573da7119292,Y
Mario Bautista,bc711b6dd95c1af6,Vinicius Oliveira,18d01f7f8338ae72,Y
Kyoji Horiguchi,98aa60cf58071fd6,Amir Albazi,6d35bf94f7d30241,Y
Rizvan Kuniev,739fd4fbb5d862f4,Jailton Almeida,41e83a89929d1327,Y
Michal Oleksiejczuk,0d65c432720accb9,Marc-Andre Barriault,8e9eb3fc86db0f7d,Y
Farid Basharat,a09ed60aa67a3f67,Jean Matsumoto,ffd3224638c01b57,Y
Dustin Jacoby,e4277e87a789d687,Julius Walker,6add18754930182b,Y
Daniil Donchenko,70dd69b6a703257e,Alex Morono,cdb96af67d096b1e,Y
Nikolay Veretennikov,0f1efce7d2571d10,Niko Price,d8da10db80131bec,Y
Ketlen Souza,8bd4200561c77a62,Bruna Brasil,7138a15258dabf20,Y
Javid Basharat,bbab3baf66128ae2,Gianni Vazquez,51ec9dc3b4964f19,Y
Wang Cong,2997e7fe3c9d3d4a,Eduarda Moura,de594b35c45c2e9a,Y
Jakub Wiklacz,6902fcf0610dd303,Muin Gafurov,a54660deb6a8489c,Y
Klaudia Sygula,9f5e3c20ce40b344,Priscila Cachoeira,b1e5bcaad32a3cac,Y
Alexander Volkanovski,e1248941344b3288,Diego Lopes,f166e93d04a8c274,Y
Benoit Saint Denis,c2299ec916bc7c56,Dan Hooker,193b9d1858bc4df3,Y
Mauricio Ruffy,9c393e836a852f30,Rafael Fiziev,c814b4c899793af6,Y
Tallison Teixeira,17923f676f100e16,Tai Tuivasa,c62fbc117d57b943,Y
Quillan Salkilld,17734443a833cdf7,Jamie Mullarkey,af9f42e6894047fc,Y
Billy Elekana,07a74004d964c7f4,Junior Tafa,c15fa95b9a12fde4,Y
Cam Rowston,8ebc3a8da015d70c,Cody Brundage,f14f644d41ade29f,Y
Jacob Malkoun,d4270315cbcf2569,Torrez Finney,fbb60f24af5d5a02,Y
Jonathan Micallef,f782f953bfe7b5f2,Oban Elliott,6b56e94a59b7b134,Y
Kaan Ofli,7facc9c45d792985,Yizha,3f11fd1751fa83b1,Y
Dom Mar Fan,530af2900b5a1693,Sangwook Kim,a264d4e9a4d6bfe4,Y
Keiichiro Nakamura,3618e0632ecdba9c,Sebastian Szalay,f201f21cf2c79eb2,Y
Lawrence Lui,a1ad35b98a9136e5,Sulangrangbo,1dd1a3aacde66f72,Y
Justin Gaethje,9e8f6c728eb01124,Paddy Pimblett,7826923b47f8d72a,Y
Sean O'Malley,b50a426a33da0012,Song Yadong,efb96bf3e9ada36f,Y
Waldo Cortes Acosta,fc08099550072fe4,Derrick Lewis,d3df1add9d9a7efb,Y
Natalia Silva,262d32ebda89efc4,Rose Namajunas,47b63240018d5d86,Y
Jean Silva,52ef95b5860fb28c,Arnold Allen,040a74bb0a465c54,Y
Umar Nurmagomedov,2b6fc1c02736833d,Deiveson Figueiredo,aa72b0f831d0bfe5,Y
Ateba Gautier,2f815ed5f8278ba6,Andrey Pulyaev,22e07d3da1aa3475,Y
Nikita Krylov,1091d4d957141094,Modestas Bukauskas,476fe566d2df676e,Y
Alex Perez,ab2b4ff41d6ebe0f,Charles Johnson,814e5233e2acf2ee,Y
Josh Hokit,955da1675ad58a50,Denzel Freeman,b5c19c34f12c917e,Y
Ty Miller,0859524157a19045,Adam Fugitt,a01a62132460a98d,Y
Manel Kape,5d1b7e3dd9e11074,Brandon Royval,6e15f63b6c2e2c15,Y
Kevin Vallejos,239d8e5359022f3b,Giga Chikadze,9560ff14eb3129f7,Y
Cezary Oleksiejczuk,084532da3d25f3b8,Cesar Almeida,64d47ef881a437a4,Y
Melquizael Costa,20bccc9bb4ceb23e,Morgan Charriere,5b03b61f9d90125e,Y
Kennedy Nzechukwu,8667caa0451d245b,Marcus Buchecha,095854a135e6db55,N
King Green,887961364be5ceb3,Lance Gibson Jr.,07bc580bdf3eb9c8,Y
Yaroslav Amosov,f139d6836efd43dd,Neil Magny,84b3e7d38f2d2ec5,Y
Joanderson Brito,791c8437b341fba5,Isaac Thomson,5d8006587d6a6711,Y
Steven Asplund,e56cee1ad697db04,Sean Sharaf,0f3a990526c5e706,Y
Luana Santos,5078e1dacf9d25f4,Melissa Croden,51e2f44a8dbf6984,Y
Guilherme Pat,ba15006c804a8de0,Allen Frye Jr.,73a78713bd899f4c,Y
Jamey-Lyn Horth,5c637af9472ae7cc,Tereza Bleda,59c438c81fbf3ece,Y
Petr Yan,d661ce4da776fc20,Merab Dvalishvili,c03520b5c88ed6b4,Y
Joshua Van,17e97649403ba428,Alexandre Pantoja,a0f0004aadf10b71,Y
Tatsuro Taira,4461d7e47375a895,Brandon Moreno,792be9a24df82ed6,Y
Payton Talbott,6e743a33d56bdaa4,Henry Cejudo,056c493bbd76a918,Y
Jan Blachowicz,99df7d0a2a08a8a8,Bogdan Guskov,ef5dcb10d2bd4b0f,N
Manuel Torres,2e7878927067fdca,Grant Dawson,99bd51917728c25d,Y
Chris Duncan,fd406a32a6fb3a29,Terrance McKinney,809bd1a871491508,Y
Maycee Barber,6a740daf1b279661,Karine Silva,9d62c2d8ee151f08,Y
Fares Ziam,1e4f273069fb9e85,Nazim Sadykhov,ff62013d2fce6d13,Y
Brunno Ferreira,1e719d4b676dc19a,Marvin Vettori,7acbb0972e75281a,Y
Jalin Turner,4d8fa64202cee4c1,Edson Barboza,64a50dad704d1d49,Y
Iwo Baraniewski,1c23ec2f1b71be40,Ibo Aslan,6e8f1bcdda94ff45,Y
Mansur Abdul-Malik,841695e02c99a521,Antonio Trocoli,6d48a2df51749d91,Y
Mairon Santos,480779d7f9a424d3,Muhammad Naimov,8d11d9c13e2ccdf7,Y
Arman Tsarukyan,eae48ff31db420c2,Dan Hooker,193b9d1858bc4df3,Y
Ian Machado Garry,442c9011034ae1fd,Belal Muhammad,b1b0729d27936f2f,Y
Volkan Oezdemir,0845c81e37d3bcb3,Alonzo Menifield,a495f599e787614f,Y
Myktybek Orolbai,bf2c8e01b07d3eb1,Jack Hermansson,0a1942069c9ad6b6,Y
Waldo Cortes Acosta,fc08099550072fe4,Shamil Gaziev,6747ccd6d1acd266,Y
Kyoji Horiguchi,98aa60cf58071fd6,Tagir Ulanbekov,f00ac08ab056af5d,Y
Luke Riley,b1de86d835638319,Bogdan Grad,fb37795db81f93f3,Y
Nicolas Dalby,9d19d9e4aa2662e8,Saygid Izagakhmaev,de26d906f2874dd4,Y
Asu Almabayev,8d3273573b85be09,Alex Perez,ab2b4ff41d6ebe0f,Y
Abdul Rakhman Yakhyaev,95aff2fd8d09a5f0,Rafael Cerqueira,09a4447655fd4b7b,Y
Aleksandre Topuria,4a6dff1b260bcf61,Bekzat Almakhan,a4dc0f2b95df4cc1,Y
Ismail Naurdiev,6a96ad1bc34fb113,Ryan Loder,d5bab53a1a603aac,Y
Nurullo Aliev,ca28cdf526d6b6e9,Shem Rock,52b6bf4528130e86,Y
Denzel Freeman,b5c19c34f12c917e,Marek Bujlo,ac0874309da489b9,Y
Islam Makhachev,275aca31f61ba28c,Jack Della Maddalena,6b453bc35a823c3f,Y
Valentina Shevchenko,132deb59abae64b1,Zhang Weili,1ebe20ebbfa15e29,Y
Michael Morales,c32aeb1a59e6272d,Sean Brady,45f7cb591c3ab00b,Y
Carlos Prates,7ee0fd831c0fe7c3,Leon Edwards,f1fac969a1d70b08,Y
Benoit Saint Denis,c2299ec916bc7c56,Beneil Dariush,08af939f41b5a57b,Y
Bo Nickal,35673bf5204524ee,Rodolfo Vieira,260e9e0d4954aea6,Y
Gregory Rodrigues,d1c65d2cf2925ddd,Roman Kopylov,9d83f6da776ff7d6,Y
Erin Blanchfield,669970f7feba8ecd,Tracy Cortez,68d4a891e5cf2029,Y
Ethyn Ewing,d776b5814f2400b4,Malcolm Wellmaker,2e45d08b3f2f02c8,Y
Kyle Daukaus,d6c0cdd7e467c440,Gerald Meerschaert,6ac9bc2953c47345,Y
Pat Sabatini,b8bbdeff718dbb7d,Chepe Mariscal,e0c6edcb5b5d0b90,Y
Fatima Kline,745fa7b605f8e2da,Angela Hill,f0feeb2192937424,Y
Baisangur Susurkaev,d1feea7a4bdcd503,Eric McConico,9508cc6184cb2450,Y
Matheus Camilo,72f890c5d421e705,Viacheslav Borshchev,19c591115a58982c,Y
Gabriel Bonfim,01641ba5df0c69b0,Randy Brown,c6aee362c7a7d482,Y
Joseph Morales,2fe9032955c2e013,Matt Schnell,67c1d46f4ed16f9e,Y
Uros Medic,681399317dbf4701,Muslim Salikhov,447f9858ae78f921,Y
Chris Padilla,06626b6287e1ae1e,Ismael Bonfim,eb393afdbe3293d5,Y
Christian Leroy Duncan,a93f94c923c3a9cb,Marco Tulio,9384e71bca6c409d,Y
Jamall Emmers,e00a3dee329a51f7,Hyder Amil,41cc71cbf210e0fe,Y
Raoni Barcelos,b9f28e7045fdfce7,Ricky Simon,5987b2458f4b5290,Y
Jacqueline Cavalcanti,e3964ece586e0635,Mayra Bueno Silva,cc8c623cca88f54f,Y
Josh Hokit,955da1675ad58a50,Max Gimenis,6a311920edd73c85,Y
Denise Gomes,cffb87059e645bd1,Tecia Pennington,31ef8b67e13495b3,Y
Daniel Marcos,850266b3dc4e506e,Miles Johns,46e0d677f91bacc0,Y
Zach Reese,23dec7c47cb418f8,Jackson McVey,3eeec2f53cebdf12,Y
Steve Garcia,97cf1a2c7c5e7889,David Onama,ffe9703408fb5964,Y
Waldo Cortes Acosta,fc08099550072fe4,Ante Delija,7d8435c56043b0ae,Y
Jeremiah Wells,d66a46de8d705353,Themba Gorimbo,40f3cb27fc7305a1,Y
Yadier del Valle,70380ccdc81915b8,Isaac Dulgarian,a57cb948c4c70a47,Y
Charles Radtke,feedf3053472fe56,Daniel Frunza,7cec3c4a5e7b6d68,Y
Allan Nascimento,253076a23d03dcd0,Cody Durden,7f6ed67d3ed3c036,Y
Billy Elekana,07a74004d964c7f4,Kevin Christian,7e9b36a9847db116,Y
Timmy Cuamba,0e46690e55a8df75,ChangHo Lee,117a06469813e4ef,Y
Donte Johnson,ad5cb64af10fc946,Sedriques Dumas,4e6738062d469256,Y
Norma Dumont,d3f5d33d61cd00c9,Ketlen Vieira,b9706f80d005036c,Y
Alice Ardelean,87f8699fdcc2c404,Montserrat Conejo Ruiz,1235b31de15d0c6e,Y
Seokhyeon Ko,4a07b1988477502c,Phil Rowe,8e382b585a92affe,Y
Talita Alencar,d35298b6df168456,Ariane Carnelossi,c0d5c0c95c59050b,Y
Tom Aspinall,399afbabc02376b5,Ciryl Gane,787bb1f087ccff8a,N
Mackenzie Dern,7447e9f28508106a,Virna Jandiroba,7dda2cf308f24a02,Y
Umar Nurmagomedov,2b6fc1c02736833d,Mario Bautista,bc711b6dd95c1af6,Y
Alexander Volkov,279566840aa55bf2,Jailton Almeida,41e83a89929d1327,Y
Azamat Murzakanov,e90a2f22417af68e,Aleksandar Rakic,333b9e5c723ac873,Y
Quillan Salkilld,17734443a833cdf7,Nasrat Haqparast,b7b84ccd221be298,Y
Ikram Aliskerov,b07aed698fba8624,JunYong Park,285ae0b4a68221f4,Y
Ludovit Klein,5b86d491d63890c5,Mateusz Rebecki,849c5d9979df5357,Y
Valter Walker,f5779a2303ed76ec,Louie Sutherland,cdb7b38b1b357f26,Y
Nathaniel Wood,329e403448756217,Jose Delgado,7d6ceff6747f2de2,Y
Hamdy Abdelwahab,3329d692aea4dc28,Chris Barnett,7a5e8c94a86f9895,Y
Mitch Raposo,0be6776db31d98ec,Azat Maksum,7f1bf0c255ec8756,Y
Mizuki,43a59ce3bb40449e,Jaqueline Amorim,bc7d1ad49fcb2d08,Y
Brendan Allen,2f181c0467965b98,Reinier de Ridder,d549cefc7c54ab78,Y
Mike Malott,dd6103dd7127db1d,Kevin Holland,3a46b268013afede,Y
Aiemann Zahabi,24656ef4d605c96f,Marlon Vera,7c7332319c14094c,Y
Manon Fiorot,34ff304266360297,Jasmine Jasudavicius,a9e260472d321361,Y
Charles Jourdain,f1d64ae34e088832,Davey Grant,113df4fde64735c6,Y
Kyle Nelson,31f8081c7600da93,Matt Frevola,dccb63727f2f5f74,Y
Drew Dober,519e4fe37ce9ff75,Kyle Prepolec,873626e5547b5235,Y
Aoriqileng,7d420039bbfe7c1a,Cody Gibson,700a674c042b7a96,Y
Bruno Silva,294aa73dbf37d281,HyunSung Park,b671bdf981ad527d,Y
Djorden Santos,312f7d7b2b2f7de4,Danny Barlow,b7c5eb7cdbac6a63,Y
Stephanie Luciano,1b35af4d1529adf6,Ravena Oliveira,4948e412fa6ab67d,Y
Yousri Belgaroui,7674b836ce0698a0,Azamat Bekoev,3bc3f60b21cddc6a,Y
Melissa Croden,51e2f44a8dbf6984,Tainara Lisboa,2c5f5749569eef66,Y
Charles Oliveira,07225ba28ae309b6,Mateusz Gamrot,72db2a14ffa73ece,Y
Deiveson Figueiredo,aa72b0f831d0bfe5,Montel Jackson,cc1a8b4b38b92c6d,Y
Joel Alvarez,58bbef3770bb2dfc,Vicente Luque,6d4b63c767106d3a,Y
Mario Pinto,39d309957c5c210d,Jhonata Diniz,25f9a5f3e8a52618,Y
Kaan Ofli,7facc9c45d792985,Ricardo Ramos,1ae8f3c723aacff4,Y
Michael Aswell Jr.,01c9e4013afce141,Lucas Almeida,710f0f8c5d5c9d41,Y
Jafel Filho,65adf3856c4d9256,Clayton Carpenter,b62d5280966b2460,Y
Vitor Petrino,71171fc96445bf65,Thomas Petersen,764d39074a352e33,Y
Bia Mesquita,eff9074bc066f0f2,Irina Alekseeva,103e2e33a60683e1,Y
Lucas Rocha,e0d3d9b564f95635,Stewart Nicoll,2bd98ab77a8daa75,Y
Julia Polastri,abb68e3c7ca128f2,Karolina Kowalkiewicz,d7c3816669784109,Y
Luan Lacerda,6fc506e1099afe20,Saimon Oliveira,72ea1984c52019b5,Y
Alex Pereira,e5549c82bfb5582d,Magomed Ankalaev,d802174b0c0c1f4e,Y
Merab Dvalishvili,c03520b5c88ed6b4,Cory Sandhagen,65f09bacd3957381,Y
Jiri Prochazka,009341ed974bad72,Khalil Rountree Jr.,749f572d1d3161fb,Y
Youssef Zalal,52c2ae6d2f2d2613,Josh Emmett,fba03cd6cc28dc41,Y
Joe Pyfer,c1085e1701b13eca,Abus Magomedov,36b8f265bcd1b7a4,Y
Ateba Gautier,2f815ed5f8278ba6,Tre'ston Vines,563a1d42bb0e3cef,Y
Daniel Santos,b67d6bacc68d4c92,JooSang Yoo,a44020ea2e8cd026,Y
Jakub Wiklacz,6902fcf0610dd303,Patchy Mix,2cfba6c837c03ed0,Y
Edmen Shahbazyan,4144798612ef96e5,Andre Muniz,886264a0c9f4ea5e,Y
Punahele Soriano,64facb6cc564262d,Nikolay Veretennikov,0f1efce7d2571d10,Y
Yana Santos,3143bf892608139a,Macy Chiasson,9cdd2da1a9104a0b,Y
Farid Basharat,a09ed60aa67a3f67,Chris Gutierrez,45f0cc9d18f35137,Y
Ramiz Brahimaj,3d074044a33825e7,Austin Vanderford,32c3ee378671a5d9,Y
Veronica Hardy,4798e823ada58fe9,Brogan Walker,4333a8e70a672eb7,Y
Carlos Ulberg,9014c02eff8b3d62,Dominick Reyes,2e19380f34871c6a,Y
Jimmy Crute,70e1f8a821b72c8b,Ivan Erslan,64ad3e3b0efa30bb,Y
Jack Jenkins,a9da3158dd2c2b5a,Ramon Taveras,c5ccd878231c5407,Y
Neil Magny,84b3e7d38f2d2ec5,Jake Matthews,a845f0735bc67405,Y
Tom Nolan,6c3b2525436cf5d4,Charlie Campbell,b39f7a6c2be17ee8,Y
Navajo Stirling,b4b496ec2197ee3e,Rodolfo Bellato,69898645d600abdb,Y
Cam Rowston,8ebc3a8da015d70c,Andre Petroski,5f61780fe5e9b6d0,Y
Jamie Mullarkey,af9f42e6894047fc,Rolando Bedoya,40a456a25d52ee65,Y
Colby Thicknesse,ed7d329d7c29428d,Josias Musasa,723b64c0e9a8f348,Y
Michelle Montague,ca80d72da81d7224,Luana Carolina,528b071cf3da7c56,Y
Brando Pericic,d0fd0d9ee560dae7,Elisha Ellison,87e4a3a5080ee7ce,Y
Alexia Thainara,545092d13c67aa49,Loma Lookboonmee,4e30e4250cb08b61,Y
Diego Lopes,f166e93d04a8c274,Jean Silva,52ef95b5860fb28c,Y
David Martinez,9a97acbfd5a08bfa,Rob Font,05339613bf8e9808,Y
Rafa Garcia,e132d47bd9efbbe0,Jared Gordon,7026eca45f65377b,Y
Kelvin Gastelum,8c0580d4fff106c1,Dustin Stoltzfus,71505842fb6455c3,Y
Alexander Hernandez,262a7d06203657e6,Diego Ferreira,f53d4f21d1b5f2dc,Y
Santiago Luna,faf317c665546a36,Quang Le,32feae6d9a1e5047,Y
Dusko Todorovic,866fd7b1a6c90e7f,Jose Daniel Medina,baa9be02c3e3e038,Y
Joaquim Silva,ae7fe94f117f98cf,Claudio Puelles,d747eb273a40a920,Y
Tatiana Suarez,b08012bbe542592a,Amanda Lemos,3df5493bb279226f,Y
Jesus Aguilar,c051c2e12d692b8a,Luis Gurule,29162be25ebef5f0,Y
Zach Reese,23dec7c47cb418f8,Sedriques Dumas,4e6738062d469256,N
Alden Coria,5e9ca8dd7d783a75,Alessandro Costa,3fa97913cfd205d3,Y
Montse Rendon,60193e707634e560,Alice Pereira,81d2c551886bd5a1,Y
Daniil Donchenko,70dd69b6a703257e,Rodrigo Sezinando,c06d6b18862f9a53,Y
Nassourdine Imavov,881bf86d4cba8578,Caio Borralho,4126a78111c0855a,Y
Benoit Saint Denis,c2299ec916bc7c56,Mauricio Ruffy,9c393e836a852f30,Y
Modestas Bukauskas,476fe566d2df676e,Paul Craig,eabf206b162b3b83,Y
Mason Jones,f6ad6a1e4d600e0d,Bolaji Oki,4bdedbdeedff7d1d,Y
Axel Sola,1d2d98ddd05b38fb,Rhys McKee,f748267c4ab6c127,Y
William Gomis,e1d40e8782d80bc2,Robert Ruchala,92aed9d16794f42b,Y
Oumar Sy,46e2011d92463b7e,Brendson Ribeiro,49edd0d90f60fb7d,Y
Ante Delija,7d8435c56043b0ae,Marcin Tybura,c9cf753cfdf77fc2,Y
Kaue Fernandes,ec13c393d029297d,Harry Hardwick,2dbc60c52de126d8,Y
Sam Patterson,8b6e5dc2ba1edbe7,Trey Waters,31dbfbe4e7a6727c,Y
Robert Bryczek,f96856f9d69fd7e4,Brad Tavares,0c6d9ea8306c029e,Y
Rinat Fakhretdinov,8f765fd5775a8873,Andreas Gustafsson,2caf993f53541fa1,Y
Sam Hughes,e94085e821bd81de,Shauna Bannon,9c442aaf149ea982,Y
Johnny Walker,c21f26bbde777573,Zhang Mingyang,8a65fd9ba31fd3f7,Y
Aljamain Sterling,cb696ebfb6598724,Brian Ortega,def8166ff24bd237,Y
Sergei Pavlovich,f14cf73e51b29254,Waldo Cortes Acosta,fc08099550072fe4,Y
Sumudaerji,3cf18e01cb6cbde3,Kevin Borjas,34b96d52db1d26e6,Y
Taiyilake Nueraji,7498b3ac79a3b948,Kiefer Crosbie,4729c93ba705a3bf,Y
Gauge Young,b2a78df161bd67f9,Maheshate,8c1ca54b5089d199,Y
Charles Johnson,814e5233e2acf2ee,Lone'er Kavanagh,bb2c3c3a466224af,Y
Rongzhu,a13d755965a4ec9f,Austin Hubbard,d2cd7a69cc55e7ed,Y
Kyle Daukaus,d6c0cdd7e467c440,Michel Pereira,595db60957de51d3,Y
Yizha,3f11fd1751fa83b1,Westin Wilson,7b3503352cd53abb,Y
SuYoung You,a474aade8eb3a8f0,Xiao Long,86bace9e4ad85542,Y
Uran Satybaldiev,02f484417a6fa69d,Diyar Nurgozhay,709fadb644ee3f51,Y
Khamzat Chimaev,767755fd74662dbf,Dricus Du Plessis,0d7b51c9d2649a6e,Y
Lerone Murphy,396fe87b84ac2e1c,Aaron Pico,5537efc6e496dd84,Y
Carlos Prates,7ee0fd831c0fe7c3,Geoff Neal,b997be68943010fc,Y
Michael Page,a67d071163962af8,Jared Cannonier,13a0275fa13c4d26,Y
Tim Elliott,c96d9178c9ed9e62,Kai Asakura,d33da8a3d82bdb62,Y
Baisangur Susurkaev,d1feea7a4bdcd503,Eric Nolan,64b12fe31be7560c,Y
Michal Oleksiejczuk,0d65c432720accb9,Gerald Meerschaert,6ac9bc2953c47345,Y
Loopy Godinez,8e5d953bdb9ae5e7,Jessica Andrade,6a1901c62ab3870f,Y
Alexander Hernandez,262a7d06203657e6,Chase Hooper,971246648e162f0d,Y
Drakkar Klose,7cbf7c78d3b34218,Edson Barboza,64a50dad704d1d49,Y
Karine Silva,9d62c2d8ee151f08,Dione Barbosa,27b388f0aab49780,Y
Joseph Morales,2fe9032955c2e013,Alibi Idiris,30cad5a751adcb48,Y
Anthony Hernandez,093e1f5bb73850be,Roman Dolidze,327d5f279895110d,Y
Steve Erceg,32ab52e5de93092d,Ode Osbourne,6d68c1afe954f121,Y
Iasmin Lucindo,abcf2cc6efc42031,Angela Hill,f0feeb2192937424,Y
Andre Fili,8fd808923cffff82,Christian Rodriguez,5ec591b78349ba7e,Y
Jean Matsumoto,ffd3224638c01b57,Miles Johns,46e0d677f91bacc0,Y
Christian Leroy Duncan,a93f94c923c3a9cb,Eryk Anders,cad24459b28592ca,Y
Julius Walker,6add18754930182b,Rafael Cerqueira,09a4447655fd4b7b,Y
Elijah Smith,7478b7f959ba61f5,Toshiomi Kazama,148bb103cfbf123e,Y
Joselyne Edwards,f9ab66e67240db7b,Priscila Cachoeira,b1e5bcaad32a3cac,Y
Uros Medic,681399317dbf4701,Gilbert Urbina,b12fb759e02378de,Y
Gabriella Fernandes,a6eb54ae17a551be,Julija Stoliarenko,a78a87d8c2bbb1cb,Y
Eric McConico,9508cc6184cb2450,Cody Brundage,f14f644d41ade29f,Y
Tatsuro Taira,4461d7e47375a895,HyunSung Park,b671bdf981ad527d,Y
Chris Duncan,fd406a32a6fb3a29,Mateusz Rebecki,849c5d9979df5357,Y
Esteban Ribovics,323d4ca260dfa0ba,Elves Brener,48a9a128784d53d1,Y
Karol Rosa,351c4ec637380ad5,Nora Cornolle,f2b3f4ef3f780168,Y
Neil Magny,84b3e7d38f2d2ec5,Elizeu Zaleski dos Santos,8adcbd525fab8d9b,Y
Kevin Vallejos,239d8e5359022f3b,Danny Silva,d964a59c48381cb6,Y
Rinya Nakamura,d8c811df0386d5e8,Nathan Fletcher,a2d342ffc83913ed,Y
Rodolfo Vieira,260e9e0d4954aea6,Tresean Gore,147e70aa6cc48cfc,Y
Andrey Pulyaev,22e07d3da1aa3475,Nick Klein,7eaa5e31c2dd86aa,Y
Austin Bashi,d3f89fa685bd8420,John Yannis,450bcab0968562c4,Y
Rafael Estevam,83455a9d17f57dae,Felipe Bunes,53c10176e3bc7416,Y
Piera Rodriguez,e375cb5caf4717b6,Ketlen Souza,8bd4200561c77a62,Y
Reinier de Ridder,d549cefc7c54ab78,Robert Whittaker,e1147d3d2dabe1ce,Y
Petr Yan,d661ce4da776fc20,Marcus McGhee,c0ac37a4a1133da9,Y
Shara Magomedov,06734ca9d88dec3a,Marc-Andre Barriault,8e9eb3fc86db0f7d,Y
Asu Almabayev,8d3273573b85be09,Jose Ochoa,88be62d6c1e6dadb,Y
Bogdan Guskov,ef5dcb10d2bd4b0f,Nikita Krylov,1091d4d957141094,Y
Bryce Mitchell,d9c6f19f958643e9,Said Nurmagomedov,0fd5f4b838e890cc,Y
Muslim Salikhov,447f9858ae78f921,Carlos Leal,28d421729451c8ca,Y
Davey Grant,113df4fde64735c6,Da'Mon Blackshear,da22387a0407a2dc,Y
Tabatha Ricci,d25240135aee03e5,Amanda Ribas,beecb672a279223e,Y
Billy Elekana,07a74004d964c7f4,Ibo Aslan,6e8f1bcdda94ff45,Y
Steven Nguyen,69037fc7730e4225,Mohammad Yahya,3753714927f18437,Y
Martin Buday,8eb046f83e82bf26,Marcus Buchecha,095854a135e6db55,Y
Max Holloway,150ff4cc642270b9,Dustin Poirier,029eaff01e6bb8f0,Y
Paulo Costa,2e5c2aa8e4ab9d82,Roman Kopylov,9d83f6da776ff7d6,Y
Daniel Rodriguez,8a1f3b5c526cd6e6,Kevin Holland,3a46b268013afede,Y
Patricio Pitbull,98a58c26c5b1ed17,Dan Ige,82a5152216251682,Y
Michael Johnson,511e82663651438d,Daniel Zellhuber,4148802ae4a50768,Y
Vinicius Oliveira,18d01f7f8338ae72,Kyler Phillips,60425d07ef4b91a7,Y
Brendan Allen,2f181c0467965b98,Marvin Vettori,7acbb0972e75281a,Y
Nikolay Veretennikov,0f1efce7d2571d10,Francisco Prado,3920d0cc288f9b0d,Y
Ateba Gautier,2f815ed5f8278ba6,Robert Valentin,0cd0456d6029cec2,Y
Islam Dulatov,e803242fb2e41112,Adam Fugitt,a01a62132460a98d,Y
Jimmy Crute,70e1f8a821b72c8b,Marcin Prachnio,6370c1c1e12723d5,Y
Ryan Spann,a67f5afa8d6a1b80,Lukasz Brzeski,0c25d0a5e8cdbf19,Y
Brunno Ferreira,1e719d4b676dc19a,Jackson McVey,3eeec2f53cebdf12,Y
Carli Judice,f1ab6f37492c630a,Nicolle Caliari,fc0a4053eb8a3a59,Y
Derrick Lewis,d3df1add9d9a7efb,Tallison Teixeira,17923f676f100e16,Y
Gabriel Bonfim,01641ba5df0c69b0,Stephen Thompson,4a28cb716c19157a,Y
Steve Garcia,97cf1a2c7c5e7889,Calvin Kattar,751de04455cfaac0,Y
Morgan Charriere,5b03b61f9d90125e,Nate Landwehr,583ee11abddfc581,Y
Vitor Petrino,71171fc96445bf65,Austen Lane,be9bdec19b7e9ffe,Y
Tuco Tokkos,3e8118c1ab52f211,Junior Tafa,c15fa95b9a12fde4,Y
Chris Curtis,5442f1bc4b47eaf3,Max Griffin,b0d6a1d8ac3d563d,Y
Jake Matthews,a845f0735bc67405,Chidi Njokuani,c68c68efaa5ca6ef,Y
Eduarda Moura,de594b35c45c2e9a,Lauren Murphy,729d4bd5a6cd0a97,Y
Valter Walker,f5779a2303ed76ec,Kennedy Nzechukwu,8667caa0451d245b,Y
Mike Davis,fb3e61720be4690c,Mitch Ramirez,e99eb0ef25885de5,Y
Fatima Kline,745fa7b605f8e2da,Melissa Martinez,3f4c3bc822bea45d,Y
Ilia Topuria,54f64b5e283b0ce7,Charles Oliveira,07225ba28ae309b6,Y
Alexandre Pantoja,a0f0004aadf10b71,Kai Kara-France,853eb0dd5c0e2149,Y
Joshua Van,17e97649403ba428,Brandon Royval,6e15f63b6c2e2c15,Y
Beneil Dariush,08af939f41b5a57b,Renato Moicano,b6452706b373eea1,Y
Payton Talbott,6e743a33d56bdaa4,Felipe Lima,9256f591b30c073e,Y
Gregory Rodrigues,d1c65d2cf2925ddd,Jack Hermansson,0a1942069c9ad6b6,Y
Jose Delgado,7d6ceff6747f2de2,Hyder Amil,41cc71cbf210e0fe,Y
Tracy Cortez,68d4a891e5cf2029,Viviane Araujo,36541f1e6c5d4955,Y
Terrance McKinney,809bd1a871491508,Viacheslav Borshchev,19c591115a58982c,Y
Jacobe Smith,85497ffd934ecf7e,Niko Price,d8da10db80131bec,Y
Jhonata Diniz,25f9a5f3e8a52618,Alvin Hines,ab2a4b5e04dc5fe9,Y
Khalil Rountree Jr.,749f572d1d3161fb,Jamahal Hill,5444c5a201d3ee5a,Y
Rafael Fiziev,c814b4c899793af6,Ignacio Bahamondes,e4a47b07044ddd72,Y
Curtis Blaydes,fa6796c55d6c5440,Rizvan Kuniev,739fd4fbb5d862f4,Y
Myktybek Orolbai,bf2c8e01b07d3eb1,Tofiq Musayev,ae81a3ac7b260411,Y
Nazim Sadykhov,ff62013d2fce6d13,Nikolas Motta,37f560436d745c18,Y
Muhammad Naimov,8d11d9c13e2ccdf7,Bogdan Grad,fb37795db81f93f3,Y
Seokhyeon Ko,4a07b1988477502c,Oban Elliott,6b56e94a59b7b134,Y
JunYong Park,285ae0b4a68221f4,Ismail Naurdiev,6a96ad1bc34fb113,Y
Daria Zhelezniakova,07047eb7d17fb0a2,Melissa Mullins,bd532e9a2b93870c,Y
Klaudia Sygula,9f5e3c20ce40b344,Irina Alekseeva,103e2e33a60683e1,Y
Tagir Ulanbekov,f00ac08ab056af5d,Azat Maksum,7f1bf0c255ec8756,Y
Mohammed Usman,da7f113b5ea39c43,Hamdy Abdelwahab,3329d692aea4dc28,Y
Kamaru Usman,f1b2aa7853d1ed6e,Joaquin Buckley,b9437600497350f3,Y
Rose Namajunas,47b63240018d5d86,Miranda Maverick,f29a6350c69f4a33,Y
Edmen Shahbazyan,4144798612ef96e5,Andre Petroski,5f61780fe5e9b6d0,Y
Raoni Barcelos,b9f28e7045fdfce7,Cody Garbrandt,d8c7c61b176e3994,Y
Mansur Abdul-Malik,841695e02c99a521,Cody Brundage,f14f644d41ade29f,N
Alonzo Menifield,a495f599e787614f,Oumar Sy,46e2011d92463b7e,Y
Paul Craig,eabf206b162b3b83,Rodolfo Bellato,69898645d600abdb,N
Michael Chiesa,c58f51dedb310998,Court McGee,523fa774700d7d3f,Y
Malcolm Wellmaker,2e45d08b3f2f02c8,Kris Moutinho,9c27f3217891f3f0,Y
Jose Ochoa,88be62d6c1e6dadb,Cody Durden,7f6ed67d3ed3c036,Y
Ricky Simon,5987b2458f4b5290,Cameron Smotherman,5c84f673b7bb7c15,Y
Phil Rowe,8e382b585a92affe,Ange Loosa,1497e735d9f2560a,Y
Jamey-Lyn Horth,5c637af9472ae7cc,Vanessa Demopoulos,2c483cf443f38ece,Y
Merab Dvalishvili,c03520b5c88ed6b4,Sean O'Malley,b50a426a33da0012,Y
Kayla Harrison,1af1170ed937cba7,Julianna Pena,3253b16d38ae087d,Y
Joe Pyfer,c1085e1701b13eca,Kelvin Gastelum,8c0580d4fff106c1,Y
Mario Bautista,bc711b6dd95c1af6,Patchy Mix,2cfba6c837c03ed0,Y
Kevin Holland,3a46b268013afede,Vicente Luque,6d4b63c767106d3a,Y
Joshua Van,17e97649403ba428,Bruno Silva,294aa73dbf37d281,Y
Azamat Murzakanov,e90a2f22417af68e,Brendson Ribeiro,49edd0d90f60fb7d,Y
Waldo Cortes Acosta,fc08099550072fe4,Serghei Spivac,e2f6b2769aaedd6c,Y
Andreas Gustafsson,2caf993f53541fa1,Khaos Williams,2558ae2e5671e318,Y
Wang Cong,2997e7fe3c9d3d4a,Ariane da Silva,6551c64fbcd1a467,Y
JooSang Yoo,a44020ea2e8cd026,Jeka Saragih,57186c150c645200,Y
Quillan Salkilld,17734443a833cdf7,Yanal Ashmouz,c739c2995a275314,Y
MarQuel Mederos,e2be0c1a9b886d92,Mark Choinski,001eb2ab0f30e7ea,Y
Mateusz Gamrot,72db2a14ffa73ece,Ludovit Klein,5b86d491d63890c5,Y
Ramiz Brahimaj,3d074044a33825e7,Billy Ray Goff,fa07345cc9db5cc9,Y
Dustin Jacoby,e4277e87a789d687,Bruno Lopes,0abcf6bc47191219,Y
Ketlen Vieira,b9706f80d005036c,Macy Chiasson,9cdd2da1a9104a0b,Y
Zach Reese,23dec7c47cb418f8,Dusko Todorovic,866fd7b1a6c90e7f,Y
Allan Nascimento,253076a23d03dcd0,Jafel Filho,65adf3856c4d9256,Y
Jordan Leavitt,ac026518a9b4dc0f,Kurt Holobaugh,a7151778b3381036,Y
Bolaji Oki,4bdedbdeedff7d1d,Michael Aswell Jr.,01c9e4013afce141,Y
Alice Ardelean,87f8699fdcc2c404,Rayanne dos Santos,02bb48869eb7ac8f,Y
Michael Morales,c32aeb1a59e6272d,Gilbert Burns,23024fdfc966410a,Y
Mairon Santos,480779d7f9a424d3,Sodiq Yusuff,94426bb170c88115,Y
Nursulton Ruziboev,49d2a08964c5eb11,Dustin Stoltzfus,71505842fb6455c3,Y
Melquizael Costa,20bccc9bb4ceb23e,Julian Erosa,902ec2cc48c8ae8a,Y
Gabe Green,5eb50529a8418b77,Matheus Camilo,72f890c5d421e705,Y
Jared Gordon,7026eca45f65377b,Thiago Moises,d945aae53e3e54e6,Y
Yadier del Valle,70380ccdc81915b8,Connor Matthews,36e78278a77006d4,Y
Luana Santos,5078e1dacf9d25f4,Tainara Lisboa,2c5f5749569eef66,Y
Denise Gomes,cffb87059e645bd1,Elise Reed,ac7c765882f2c68c,Y
HyunSung Park,b671bdf981ad527d,Carlos Hernandez,798e48f9e7f6ba22,Y
Tecia Pennington,31ef8b67e13495b3,Luana Pinheiro,a3a542074109b347,Y
Jack Della Maddalena,6b453bc35a823c3f,Belal Muhammad,b1b0729d27936f2f,Y
Valentina Shevchenko,132deb59abae64b1,Manon Fiorot,34ff304266360297,Y
Aiemann Zahabi,24656ef4d605c96f,Jose Aldo,d0f3959b4a9747e6,Y
Natalia Silva,262d32ebda89efc4,Alexa Grasso,e8b731feff72294b,Y
Benoit Saint Denis,c2299ec916bc7c56,Kyle Prepolec,873626e5547b5235,Y
Mike Malott,dd6103dd7127db1d,Charles Radtke,feedf3053472fe56,Y
Jasmine Jasudavicius,a9e260472d321361,Jessica Andrade,6a1901c62ab3870f,Y
Modestas Bukauskas,476fe566d2df676e,Ion Cutelaba,cd13728ae1151f46,Y
Navajo Stirling,b4b496ec2197ee3e,Ivan Erslan,64ad3e3b0efa30bb,Y
Marc-Andre Barriault,8e9eb3fc86db0f7d,Bruno Silva,12ebd7d157e91701,Y
Daniel Santos,b67d6bacc68d4c92,JeongYeong Lee,d008d785f6347dc2,Y
Bekzat Almakhan,a4dc0f2b95df4cc1,Brad Katona,7b433309b0fd12aa,Y
Cory Sandhagen,65f09bacd3957381,Deiveson Figueiredo,aa72b0f831d0bfe5,Y
Reinier de Ridder,d549cefc7c54ab78,Bo Nickal,35673bf5204524ee,Y
Daniel Rodriguez,8a1f3b5c526cd6e6,Santiago Ponzinibbio,6d1bffff14897645,Y
Montel Jackson,cc1a8b4b38b92c6d,Daniel Marcos,850266b3dc4e506e,Y
Serhiy Sidey,1a2bf44edb8055b6,Cameron Smotherman,5c84f673b7bb7c15,Y
Mason Jones,f6ad6a1e4d600e0d,Jeremy Stephens,18968f97ad34f15c,Y
Yana Santos,3143bf892608139a,Miesha Tate,b96619b3acd7d9da,Y
Azamat Bekoev,3bc3f60b21cddc6a,Ryan Loder,d5bab53a1a603aac,Y
Gillian Robertson,38c7f72747f4f712,Marina Rodriguez,cd2c4d30c6e13b47,Y
Quang Le,32feae6d9a1e5047,Gaston Bolanos,96924b0019b3aff1,Y
Thomas Petersen,764d39074a352e33,Don'Tale Mayes,1a9480fc288e55d7,Y
Juliana Miller,aa0c573da7119292,Ivana Petrovic,38c5817ade8a8014,Y
Ian Machado Garry,442c9011034ae1fd,Carlos Prates,7ee0fd831c0fe7c3,Y
Zhang Mingyang,8a65fd9ba31fd3f7,Anthony Smith,d4c9dcd330403612,Y
David Onama,ffe9703408fb5964,Giga Chikadze,9560ff14eb3129f7,Y
Abus Magomedov,36b8f265bcd1b7a4,Michel Pereira,595db60957de51d3,Y
Randy Brown,c6aee362c7a7d482,Nicolas Dalby,9d19d9e4aa2662e8,Y
Ikram Aliskerov,b07aed698fba8624,Andre Muniz,886264a0c9f4ea5e,Y
Matt Schnell,67c1d46f4ed16f9e,Jimmy Flick,09e62c450e754913,Y
Evan Elder,d9a56ecb6e94f02e,Gauge Young,b2a78df161bd67f9,Y
Chris Gutierrez,45f0cc9d18f35137,John Castaneda,5fa2974cbd18e05c,Y
Da'Mon Blackshear,da22387a0407a2dc,Alatengheili,1897b7b913736a7c,Y
Malcolm Wellmaker,2e45d08b3f2f02c8,Cameron Saaiman,3c8a5200436e19f3,Y
Jaqueline Amorim,bc7d1ad49fcb2d08,Polyana Viana,9673a497a9da119a,Y
Timmy Cuamba,0e46690e55a8df75,Roberto Romero,15ea371202eb25e1,Y
Joselyne Edwards,f9ab66e67240db7b,Chelsea Chandler,af9efbfd63d39734,Y
Alexander Volkanovski,e1248941344b3288,Diego Lopes,f166e93d04a8c274,Y
Paddy Pimblett,7826923b47f8d72a,Michael Chandler,4b93a88f3b1de35b,Y
Yair Rodriguez,cbf5e6f231b55443,Patricio Pitbull,98a58c26c5b1ed17,Y
Jean Silva,52ef95b5860fb28c,Bryce Mitchell,d9c6f19f958643e9,Y
Dominick Reyes,2e19380f34871c6a,Nikita Krylov,1091d4d957141094,Y
Dan Ige,82a5152216251682,Sean Woodson,4682bc59d5f55145,Y
Virna Jandiroba,7dda2cf308f24a02,Yan Xiaonan,c41d426cc7326d1b,Y
Chase Hooper,971246648e162f0d,Jim Miller,d1941565abf50b16,Y
Julian Erosa,902ec2cc48c8ae8a,Darren Elkins,92a9aa9c93192871,Y
Michal Oleksiejczuk,0d65c432720accb9,Sedriques Dumas,4e6738062d469256,Y
Sumudaerji,3cf18e01cb6cbde3,Mitch Raposo,0be6776db31d98ec,Y
Marco Tulio,9384e71bca6c409d,Tresean Gore,147e70aa6cc48cfc,Y
Nora Cornolle,f2b3f4ef3f780168,Hailey Cowan,3c26c420584d912d,Y
Lerone Murphy,396fe87b84ac2e1c,Josh Emmett,fba03cd6cc28dc41,Y
Pat Sabatini,b8bbdeff718dbb7d,Joanderson Brito,791c8437b341fba5,Y
ChangHo Lee,117a06469813e4ef,Cortavious Romious,8173f134396cb971,Y
Brad Tavares,0c6d9ea8306c029e,Gerald Meerschaert,6ac9bc2953c47345,Y
Ode Osbourne,6d68c1afe954f121,Luis Gurule,29162be25ebef5f0,Y
Torrez Finney,fbb60f24af5d5a02,Robert Valentin,0cd0456d6029cec2,Y
Dione Barbosa,27b388f0aab49780,Diana Belbita,d7e40dca3ae125be,Y
Rhys McKee,f748267c4ab6c127,Daniel Frunza,7cec3c4a5e7b6d68,Y
Loma Lookboonmee,4e30e4250cb08b61,Istela Nunes,efc67b07eed39794,Y
Victor Henry,eb8d8c2a95cfccb8,Pedro Falcao,f7be1db194e03d7e,Y
Martin Buday,8eb046f83e82bf26,Uran Satybaldiev,02f484417a6fa69d,Y
Talita Alencar,d35298b6df168456,Vanessa Demopoulos,2c483cf443f38ece,Y
Brandon Moreno,792be9a24df82ed6,Steve Erceg,32ab52e5de93092d,Y
Manuel Torres,2e7878927067fdca,Drew Dober,519e4fe37ce9ff75,Y
Edgar Chairez,5ef94841c4bc3f86,CJ Vergara,077e3ace32b72be9,Y
Raul Rosas Jr.,fe2babf95de24fb1,Vince Morales,37098a6e6c27fb66,Y
David Martinez,9a97acbfd5a08bfa,Saimon Oliveira,72ea1984c52019b5,Y
Kevin Borjas,34b96d52db1d26e6,Ronaldo Rodriguez,f2900678e98f6d6a,Y
Ateba Gautier,2f815ed5f8278ba6,Jose Daniel Medina,baa9be02c3e3e038,Y
Melquizael Costa,20bccc9bb4ceb23e,Christian Rodriguez,5ec591b78349ba7e,Y
Loopy Godinez,8e5d953bdb9ae5e7,Julia Polastri,abb68e3c7ca128f2,Y
Rafa Garcia,e132d47bd9efbbe0,Vinc Pichel,c77a953488e5607d,Y
Jamall Emmers,e00a3dee329a51f7,Gabriel Miranda,b909a9a9688b5284,Y
MarQuel Mederos,e2be0c1a9b886d92,Austin Hubbard,d2cd7a69cc55e7ed,Y
Sean Brady,45f7cb591c3ab00b,Leon Edwards,f1fac969a1d70b08,Y
Carlos Ulberg,9014c02eff8b3d62,Jan Blachowicz,99df7d0a2a08a8a8,Y
Kevin Holland,3a46b268013afede,Gunnar Nelson,fd55393021a8c255,Y
Alexia Thainara,545092d13c67aa49,Molly McCann,51018a31ddf31eb2,Y
Chris Duncan,fd406a32a6fb3a29,Jordan Vucenic,6d38e41efa47a72d,Y
Nathaniel Wood,329e403448756217,Morgan Charriere,5b03b61f9d90125e,Y
Chris Padilla,06626b6287e1ae1e,Jai Herbert,4c88a1db5a46c6a4,Y
Lone'er Kavanagh,bb2c3c3a466224af,Felipe dos Santos,5cdf5339728f580d,Y
Marcin Tybura,c9cf753cfdf77fc2,Mick Parkin,0d5cc0170c1a7e71,Y
Christian Leroy Duncan,a93f94c923c3a9cb,Andrey Pulyaev,22e07d3da1aa3475,Y
Shauna Bannon,9c442aaf149ea982,Puja Tomar,19f8a2f6eecd92ac,Y
Caolan Loughran,42ac4020cba261ad,Nathan Fletcher,a2d342ffc83913ed,Y
Kaue Fernandes,ec13c393d029297d,Guram Kutateladze,7772b283d288dbe2,Y
Roman Dolidze,327d5f279895110d,Marvin Vettori,7acbb0972e75281a,Y
Chidi Njokuani,c68c68efaa5ca6ef,Elizeu Zaleski dos Santos,8adcbd525fab8d9b,Y
Alexander Hernandez,262a7d06203657e6,Kurt Holobaugh,a7151778b3381036,Y
Da'Mon Blackshear,da22387a0407a2dc,Cody Gibson,700a674c042b7a96,Y
Brendson Ribeiro,49edd0d90f60fb7d,Diyar Nurgozhay,709fadb644ee3f51,Y
Kevin Vallejos,239d8e5359022f3b,SeungWoo Choi,a68575214ecad140,Y
Waldo Cortes Acosta,fc08099550072fe4,Ryan Spann,a67f5afa8d6a1b80,Y
SuYoung You,a474aade8eb3a8f0,AJ Cunningham,d1053e55f00e53fe,Y
Carlos Vera,07f959e6596307bb,Josias Musasa,723b64c0e9a8f348,Y
Sam Hughes,e94085e821bd81de,Stephanie Luciano,1b35af4d1529adf6,Y
Andre Lima,b1f21ce050035d58,Daniel Barez,e8fe9c15d348e778,Y
Priscila Cachoeira,b1e5bcaad32a3cac,Josiane Nunes,68d35296f566792b,Y
Carli Judice,f1ab6f37492c630a,Yuneisy Duben,c3d2b9bcb4cead6b,Y
Magomed Ankalaev,d802174b0c0c1f4e,Alex Pereira,e5549c82bfb5582d,Y
Justin Gaethje,9e8f6c728eb01124,Rafael Fiziev,c814b4c899793af6,Y
Ignacio Bahamondes,e4a47b07044ddd72,Jalin Turner,4d8fa64202cee4c1,Y
Amanda Lemos,3df5493bb279226f,Iasmin Lucindo,abcf2cc6efc42031,Y
Mauricio Ruffy,9c393e836a852f30,King Green,887961364be5ceb3,Y
Joshua Van,17e97649403ba428,Rei Tsuruya,2f43a3e82661fa99,Y
Brunno Ferreira,1e719d4b676dc19a,Armen Petrosyan,369ea36e450ae62a,Y
Carlos Leal,28d421729451c8ca,Alex Morono,cdb96af67d096b1e,Y
Mairon Santos,480779d7f9a424d3,Francis Marshall,5d495dec23d7c68e,Y
Ozzy Diaz,6967153c7edb4d87,Djorden Santos,312f7d7b2b2f7de4,Y
Manel Kape,5d1b7e3dd9e11074,Asu Almabayev,8d3273573b85be09,Y
Cody Brundage,f14f644d41ade29f,Julian Marquez,d0e1b42d41dab603,Y
Nasrat Haqparast,b7b84ccd221be298,Esteban Ribovics,323d4ca260dfa0ba,Y
Hyder Amil,41cc71cbf210e0fe,William Gomis,e1d40e8782d80bc2,Y
Sam Patterson,8b6e5dc2ba1edbe7,Danny Barlow,b7c5eb7cdbac6a63,Y
Mario Pinto,39d309957c5c210d,Austen Lane,be9bdec19b7e9ffe,Y
Chepe Mariscal,e0c6edcb5b5d0b90,Ricardo Ramos,1ae8f3c723aacff4,Y
Danny Silva,d964a59c48381cb6,Lucas Almeida,710f0f8c5d5c9d41,Y
JJ Aldrich,6fd953151d981979,Andrea Lee,05fa626cb33d15b8,Y
Ramazan Temirov,7d0a1968b38ca439,Charles Johnson,814e5233e2acf2ee,Y
Song Yadong,efb96bf3e9ada36f,Henry Cejudo,056c493bbd76a918,Y
Anthony Hernandez,093e1f5bb73850be,Brendan Allen,2f181c0467965b98,Y
Rob Font,05339613bf8e9808,Jean Matsumoto,ffd3224638c01b57,Y
Jean Silva,52ef95b5860fb28c,Melsik Baghdasaryan,a52bc1e62cf0b7c6,Y
Alonzo Menifield,a495f599e787614f,Julius Walker,6add18754930182b,Y
Ion Cutelaba,cd13728ae1151f46,Ibo Aslan,6e8f1bcdda94ff45,Y
Melquizael Costa,20bccc9bb4ceb23e,Andre Fili,8fd808923cffff82,Y
Mansur Abdul-Malik,841695e02c99a521,Nick Klein,7eaa5e31c2dd86aa,Y
Ricky Simon,5987b2458f4b5290,Javid Basharat,bbab3baf66128ae2,Y
Austin Vanderford,32c3ee378671a5d9,Nikolay Veretennikov,0f1efce7d2571d10,Y
Nursulton Ruziboev,49d2a08964c5eb11,Eric McConico,9508cc6184cb2450,Y
Modestas Bukauskas,476fe566d2df676e,Rafael Cerqueira,09a4447655fd4b7b,Y
Jared Cannonier,13a0275fa13c4d26,Gregory Rodrigues,d1c65d2cf2925ddd,Y
Youssef Zalal,52c2ae6d2f2d2613,Calvin Kattar,751de04455cfaac0,Y
Edmen Shahbazyan,4144798612ef96e5,Dylan Budka,a817e238b2747404,Y
Nazim Sadykhov,ff62013d2fce6d13,Ismael Bonfim,eb393afdbe3293d5,Y
Andre Petroski,5f61780fe5e9b6d0,Rodolfo Vieira,260e9e0d4954aea6,Y
Jose Delgado,7d6ceff6747f2de2,Connor Matthews,36e78278a77006d4,Y
Angela Hill,f0feeb2192937424,Ketlen Souza,8bd4200561c77a62,Y
Rafael Estevam,83455a9d17f57dae,Jesus Aguilar,c051c2e12d692b8a,Y
Gabriel Bonfim,01641ba5df0c69b0,Khaos Williams,2558ae2e5671e318,Y
Elijah Smith,7478b7f959ba61f5,Vince Morales,37098a6e6c27fb66,Y
Valter Walker,f5779a2303ed76ec,Don'Tale Mayes,1a9480fc288e55d7,Y
Jacqueline Cavalcanti,e3964ece586e0635,Julia Avila,86d9dbe1bfcbade7,Y
Dricus Du Plessis,0d7b51c9d2649a6e,Sean Strickland,0d8011111be000b2,Y
Zhang Weili,1ebe20ebbfa15e29,Tatiana Suarez,b08012bbe542592a,Y
Tallison Teixeira,17923f676f100e16,Justin Tafa,e13abac8089a801a,Y
Jimmy Crute,70e1f8a821b72c8b,Rodolfo Bellato,69898645d600abdb,N
Jake Matthews,a845f0735bc67405,Francisco Prado,3920d0cc288f9b0d,Y
Gabriel Santos,f2f140ce7532e327,Jack Jenkins,a9da3158dd2c2b5a,Y
Tom Nolan,6c3b2525436cf5d4,Viacheslav Borshchev,19c591115a58982c,Y
Wang Cong,2997e7fe3c9d3d4a,Bruna Brasil,7138a15258dabf20,Y
Aleksandre Topuria,4a6dff1b260bcf61,Colby Thicknesse,ed7d329d7c29428d,Y
Rongzhu,a13d755965a4ec9f,Kody Steele,aebaa8cec15b083d,Y
Jonathan Micallef,f782f953bfe7b5f2,Kevin Jousset,dda15dbfafb792df,Y
Quillan Salkilld,17734443a833cdf7,Anshul Jubli,a72a2a769fa5a2be,Y
Nassourdine Imavov,881bf86d4cba8578,Israel Adesanya,1338e2c7480bdf9e,Y
Michael Page,a67d071163962af8,Shara Magomedov,06734ca9d88dec3a,Y
Sergei Pavlovich,f14cf73e51b29254,Jairzinho Rozenstruik,2cd428e9606856fd,Y
Vinicius Oliveira,18d01f7f8338ae72,Said Nurmagomedov,0fd5f4b838e890cc,Y
Fares Ziam,1e4f273069fb9e85,Mike Davis,fb3e61720be4690c,Y
Muhammad Naimov,8d11d9c13e2ccdf7,Kaan Ofli,7facc9c45d792985,Y
Shamil Gaziev,6747ccd6d1acd266,Thomas Petersen,764d39074a352e33,Y
Terrance McKinney,809bd1a871491508,Damir Hadzovic,38c626ca912c7bac,Y
Jasmine Jasudavicius,a9e260472d321361,Mayra Bueno Silva,cc8c623cca88f54f,Y
Bogdan Grad,fb37795db81f93f3,Lucas Alexander,11583163f45c7b31,Y
Hamdy Abdelwahab,3329d692aea4dc28,Jamal Pogues,f41b9f5efc7162d6,Y
Islam Makhachev,275aca31f61ba28c,Renato Moicano,b6452706b373eea1,Y
Merab Dvalishvili,c03520b5c88ed6b4,Umar Nurmagomedov,2b6fc1c02736833d,Y
Jiri Prochazka,009341ed974bad72,Jamahal Hill,5444c5a201d3ee5a,Y
Jailton Almeida,41e83a89929d1327,Serghei Spivac,e2f6b2769aaedd6c,Y
Reinier de Ridder,d549cefc7c54ab78,Kevin Holland,3a46b268013afede,Y
Raoni Barcelos,b9f28e7045fdfce7,Payton Talbott,6e743a33d56bdaa4,Y
Azamat Bekoev,3bc3f60b21cddc6a,Zach Reese,23dec7c47cb418f8,Y
Bogdan Guskov,ef5dcb10d2bd4b0f,Billy Elekana,07a74004d964c7f4,Y
Grant Dawson,99bd51917728c25d,Diego Ferreira,f53d4f21d1b5f2dc,Y
Ailin Perez,06e4245d16fc5315,Karol Rosa,351c4ec637380ad5,Y
Muin Gafurov,a54660deb6a8489c,Rinya Nakamura,d8c811df0386d5e8,Y
Benardo Sopaj,b6c37948cb226e8c,Ricky Turcios,cd3d7e37ff2d679c,Y
Tagir Ulanbekov,f00ac08ab056af5d,Clayton Carpenter,b62d5280966b2460,Y
Mackenzie Dern,7447e9f28508106a,Amanda Ribas,beecb672a279223e,Y
Santiago Ponzinibbio,6d1bffff14897645,Carlston Harris,a53d30163304aa6e,Y
Cesar Almeida,64d47ef881a437a4,Abdul Razak Alhassan,eae431e70064e046,Y
Roman Kopylov,9d83f6da776ff7d6,Chris Curtis,5442f1bc4b47eaf3,Y
Christian Rodriguez,5ec591b78349ba7e,Austin Bashi,d3f89fa685bd8420,Y
Punahele Soriano,64facb6cc564262d,Uros Medic,681399317dbf4701,Y
Felipe Bunes,53c10176e3bc7416,Jose Johnson,84f727cf0166d6f2,Y
Marco Tulio,9384e71bca6c409d,Ihor Potieria,260bd4cef10b033f,Y
Thiago Moises,d945aae53e3e54e6,Trey Ogden,cfc3e7bb44685289,Y
Jacobe Smith,85497ffd934ecf7e,Preston Parsons,9fe7af8b3fbe00a0,Y
Ernesta Kareckaite,e4faa79383c9f214,Nicolle Caliari,fc0a4053eb8a3a59,Y
Bruno Lopes,0abcf6bc47191219,Magomed Gadzhiyasulov,6e344b71421103da,Y
Fatima Kline,745fa7b605f8e2da,Viktoriia Dudakova,6c9b66b43663f2f7,Y
Nurullo Aliev,ca28cdf526d6b6e9,Joe Solecki,af65aa688d13eedf,Y
Joaquin Buckley,b9437600497350f3,Colby Covington,dc9572dd6ec74859,Y
Cub Swanson,d247691a6c0e9034,Billy Quarantillo,aa171d55d4b5208f,Y
Manel Kape,5d1b7e3dd9e11074,Bruno Silva,294aa73dbf37d281,Y
Dustin Jacoby,e4277e87a789d687,Vitor Petrino,71171fc96445bf65,Y
Daniel Marcos,850266b3dc4e506e,Adrian Yanez,0232cabbc30a2372,Y
Navajo Stirling,b4b496ec2197ee3e,Tuco Tokkos,3e8118c1ab52f211,Y
Michael Johnson,511e82663651438d,Ottman Azaitar,ee18ff42063174df,Y
Joel Alvarez,58bbef3770bb2dfc,Drakkar Klose,7cbf7c78d3b34218,Y
Sean Woodson,4682bc59d5f55145,Fernando Padilla,d2f43cfaf8ca3560,Y
Felipe Lima,9256f591b30c073e,Miles Johns,46e0d677f91bacc0,Y
Miranda Maverick,f29a6350c69f4a33,Jamey-Lyn Horth,5c637af9472ae7cc,Y
Davey Grant,113df4fde64735c6,Ramon Taveras,c5ccd878231c5407,Y
Piera Rodriguez,e375cb5caf4717b6,Josefine Knutsson,971dba22c622af12,Y
Alexandre Pantoja,a0f0004aadf10b71,Kai Asakura,d33da8a3d82bdb62,Y
Shavkat Rakhmonov,01afe0916a40c7c5,Ian Machado Garry,442c9011034ae1fd,Y
Ciryl Gane,787bb1f087ccff8a,Alexander Volkov,279566840aa55bf2,Y
Bryce Mitchell,d9c6f19f958643e9,Kron Gracie,242d36d241b43c12,Y
Dooho Choi,e93b04e308913c2e,Nate Landwehr,583ee11abddfc581,Y
Dominick Reyes,2e19380f34871c6a,Anthony Smith,d4c9dcd330403612,Y
Vicente Luque,6d4b63c767106d3a,Themba Gorimbo,40f3cb27fc7305a1,Y
Movsar Evloev,76e2870ffafbe38f,Aljamain Sterling,cb696ebfb6598724,Y
Bryan Battle,f626118b6da0e020,Randy Brown,c6aee362c7a7d482,Y
Eryk Anders,cad24459b28592ca,Chris Weidman,3a8176e15b9887c1,Y
Joshua Van,17e97649403ba428,Cody Durden,7f6ed67d3ed3c036,Y
Michael Chiesa,c58f51dedb310998,Max Griffin,b0d6a1d8ac3d563d,Y
Chase Hooper,971246648e162f0d,Clay Guida,c47df9303d318c67,Y
Kennedy Nzechukwu,8667caa0451d245b,Lukasz Brzeski,0c25d0a5e8cdbf19,Y
Petr Yan,d661ce4da776fc20,Deiveson Figueiredo,aa72b0f831d0bfe5,Y
Yan Xiaonan,c41d426cc7326d1b,Tabatha Ricci,d25240135aee03e5,Y
Muslim Salikhov,447f9858ae78f921,Song Kenan,32490e80ddab1e5a,Y
Gabriella Fernandes,a6eb54ae17a551be,Wang Cong,2997e7fe3c9d3d4a,Y
Carlos Ulberg,9014c02eff8b3d62,Volkan Oezdemir,0845c81e37d3bcb3,Y
Zhang Mingyang,8a65fd9ba31fd3f7,Ozzy Diaz,6967153c7edb4d87,Y
SuYoung You,a474aade8eb3a8f0,Baergeng Jieleyisi,8677e67a75d65b8e,Y
DongHun Choi,3be16d817b36098b,Kiru Sahota,296a120cb880477b,Y
Shi Ming,d683f4870742b273,Feng Xiaocan,c940b42df95bbd28,Y
Carlos Hernandez,798e48f9e7f6ba22,Nyamjargal Tumendemberel,17cb6d8e8187f304,Y
Lone'er Kavanagh,bb2c3c3a466224af,Jose Ochoa,88be62d6c1e6dadb,Y
Xiao Long,86bace9e4ad85542,Quang Le,32feae6d9a1e5047,Y
Nikolas Motta,37f560436d745c18,Maheshate,8c1ca54b5089d199,Y
Jon Jones,07f72a2a7591b409,Stipe Miocic,d28dee5c705991df,Y
Charles Oliveira,07225ba28ae309b6,Michael Chandler,4b93a88f3b1de35b,Y
Bo Nickal,35673bf5204524ee,Paul Craig,eabf206b162b3b83,Y
Viviane Araujo,36541f1e6c5d4955,Karine Silva,9d62c2d8ee151f08,Y
Mauricio Ruffy,9c393e836a852f30,James Llontop,93b2b7caa457cbea,Y
Marcus McGhee,c0ac37a4a1133da9,Jonathan Martinez,f2477cf43c4975cc,Y
Jim Miller,d1941565abf50b16,Damon Jackson,29af297d9f1de0f8,Y
David Onama,ffe9703408fb5964,Roberto Romero,15ea371202eb25e1,Y
Marcin Tybura,c9cf753cfdf77fc2,Jhonata Diniz,25f9a5f3e8a52618,Y
Ramiz Brahimaj,3d074044a33825e7,Mickey Gall,9e50097a89442158,Y
Oban Elliott,6b56e94a59b7b134,Bassil Hafez,f4d92416da98804b,Y
Eduarda Moura,de594b35c45c2e9a,Veronica Hardy,4798e823ada58fe9,Y
Carlos Prates,7ee0fd831c0fe7c3,Neil Magny,84b3e7d38f2d2ec5,Y
Reinier de Ridder,d549cefc7c54ab78,Gerald Meerschaert,6ac9bc2953c47345,Y
Gaston Bolanos,96924b0019b3aff1,Cortavious Romious,8173f134396cb971,Y
Gillian Robertson,38c7f72747f4f712,Luana Pinheiro,a3a542074109b347,Y
Mansur Abdul-Malik,841695e02c99a521,Dusko Todorovic,866fd7b1a6c90e7f,Y
Denise Gomes,cffb87059e645bd1,Karolina Kowalkiewicz,d7c3816669784109,Y
Elizeu Zaleski dos Santos,8adcbd525fab8d9b,Zachary Scroggin,03dee485905dbc9f,Y
Charles Radtke,feedf3053472fe56,Matthew Semelsberger,4aa58269d0664b5b,Y
Da'Mon Blackshear,da22387a0407a2dc,Cody Stamann,bf7ad5628363eec9,Y
Tresean Gore,147e70aa6cc48cfc,Antonio Trocoli,6d48a2df51749d91,Y
Melissa Mullins,bd532e9a2b93870c,Klaudia Sygula,9f5e3c20ce40b344,Y
Brandon Moreno,792be9a24df82ed6,Amir Albazi,6d35bf94f7d30241,Y
Erin Blanchfield,669970f7feba8ecd,Rose Namajunas,47b63240018d5d86,Y
Brendson Ribeiro,49edd0d90f60fb7d,Caio Machado,89839250eb25c9c1,Y
Jasmine Jasudavicius,a9e260472d321361,Ariane da Silva,6551c64fbcd1a467,Y
Dustin Stoltzfus,71505842fb6455c3,Marc-Andre Barriault,8e9eb3fc86db0f7d,Y
Mike Malott,dd6103dd7127db1d,Trevin Giles,b27a1fcb56a3035a,Y
Aiemann Zahabi,24656ef4d605c96f,Pedro Munhoz,6bd02119599741a4,Y
Charles Jourdain,f1d64ae34e088832,Victor Henry,eb8d8c2a95cfccb8,Y
Youssef Zalal,52c2ae6d2f2d2613,Jack Shore,b8a85389d115e35a,Y
Alexandr Romanov,c0badf3243907e59,Rodrigo Nascimento,d31a5546c0e9b213,Y
Serhiy Sidey,1a2bf44edb8055b6,Garrett Armfield,1effd880e1f1bb30,Y
Cody Gibson,700a674c042b7a96,Chad Anheliger,c7c39e2fb70248b3,Y
Jamey-Lyn Horth,5c637af9472ae7cc,Ivana Petrovic,38c5817ade8a8014,Y
Ilia Topuria,54f64b5e283b0ce7,Max Holloway,150ff4cc642270b9,Y
Khamzat Chimaev,767755fd74662dbf,Robert Whittaker,e1147d3d2dabe1ce,Y
Magomed Ankalaev,d802174b0c0c1f4e,Aleksandar Rakic,333b9e5c723ac873,Y
Lerone Murphy,396fe87b84ac2e1c,Dan Ige,82a5152216251682,Y
Shara Magomedov,06734ca9d88dec3a,Armen Petrosyan,369ea36e450ae62a,Y
Ibo Aslan,6e8f1bcdda94ff45,Rafael Cerqueira,09a4447655fd4b7b,Y
Geoff Neal,b997be68943010fc,Rafael Dos Anjos,6a2f7c151031653d,Y
Mateusz Rebecki,849c5d9979df5357,Myktybek Orolbai,bf2c8e01b07d3eb1,Y
Abus Magomedov,36b8f265bcd1b7a4,Brunno Ferreira,1e719d4b676dc19a,Y
Kennedy Nzechukwu,8667caa0451d245b,Chris Barnett,7a5e8c94a86f9895,Y
Farid Basharat,a09ed60aa67a3f67,Victor Hugo,f264ba50b007f39e,Y
Ismail Naurdiev,6a96ad1bc34fb113,Bruno Silva,12ebd7d157e91701,Y
Rinat Fakhretdinov,8f765fd5775a8873,Carlos Leal,28d421729451c8ca,Y
Anthony Hernandez,093e1f5bb73850be,Michel Pereira,595db60957de51d3,Y
Rob Font,05339613bf8e9808,Kyler Phillips,60425d07ef4b91a7,Y
Charles Johnson,814e5233e2acf2ee,Sumudaerji,3cf18e01cb6cbde3,Y
Cameron Smotherman,5c84f673b7bb7c15,Jake Hadley,60a42bf82447c919,Y
Darren Elkins,92a9aa9c93192871,Daniel Pineda,361d49960a196976,Y
Asu Almabayev,8d3273573b85be09,Matheus Nicolau,1a31ef98efce7a79,Y
Jean Matsumoto,ffd3224638c01b57,Brad Katona,7b433309b0fd12aa,Y
Joselyne Edwards,f9ab66e67240db7b,Tamires Vidal,4f3064faf17aa711,Y
Elise Reed,ac7c765882f2c68c,Jessica Penne,c742287ed86a09bc,Y
Melissa Martinez,3f4c3bc822bea45d,Alice Ardelean,87f8699fdcc2c404,Y
Austen Lane,be9bdec19b7e9ffe,Robelis Despaigne,140567899d98978a,Y
Brandon Royval,6e15f63b6c2e2c15,Tatsuro Taira,4461d7e47375a895,Y
JunYong Park,285ae0b4a68221f4,Brad Tavares,0c6d9ea8306c029e,Y
Chidi Njokuani,c68c68efaa5ca6ef,Jared Gooden,c730a0be691dc081,Y
Grant Dawson,99bd51917728c25d,Rafa Garcia,e132d47bd9efbbe0,Y
Daniel Rodriguez,8a1f3b5c526cd6e6,Alex Morono,cdb96af67d096b1e,Y
Ramazan Temirov,7d0a1968b38ca439,CJ Vergara,077e3ace32b72be9,Y
Pat Sabatini,b8bbdeff718dbb7d,Jonathan Pearce,87c0b1c696ddfb43,Y
Themba Gorimbo,40f3cb27fc7305a1,Niko Price,d8da10db80131bec,Y
Junior Tafa,c15fa95b9a12fde4,Sean Sharaf,0f3a990526c5e706,Y
Julia Polastri,abb68e3c7ca128f2,Cory McKenna,3351aa64aa83c4d9,Y
Cody Haddon,8e6654e9f0461b8f,Dan Argueta,e4ba58725825412d,Y
Clayton Carpenter,b62d5280966b2460,Lucas Rocha,e0d3d9b564f95635,Y
Alex Pereira,e5549c82bfb5582d,Khalil Rountree Jr.,749f572d1d3161fb,Y
Julianna Pena,3253b16d38ae087d,Raquel Pennington,fc169c387b4b465d,Y
Mario Bautista,bc711b6dd95c1af6,Jose Aldo,d0f3959b4a9747e6,Y
Roman Dolidze,327d5f279895110d,Kevin Holland,3a46b268013afede,Y
Kayla Harrison,1af1170ed937cba7,Ketlen Vieira,b9706f80d005036c,Y
Joaquin Buckley,b9437600497350f3,Stephen Thompson,4a28cb716c19157a,Y
Iasmin Lucindo,abcf2cc6efc42031,Marina Rodriguez,cd2c4d30c6e13b47,Y
Alexander Hernandez,262a7d06203657e6,Austin Hubbard,d2cd7a69cc55e7ed,Y
Cesar Almeida,64d47ef881a437a4,Ihor Potieria,260bd4cef10b033f,Y
Ryan Spann,a67f5afa8d6a1b80,Ovince Saint Preux,50db8711c70196cd,Y
Tecia Pennington,31ef8b67e13495b3,Carla Esparza,d910665038efc639,Y
Court McGee,523fa774700d7d3f,Tim Means,4b47e71384a9522f,Y
Renato Moicano,b6452706b373eea1,Benoit Saint Denis,c2299ec916bc7c56,Y
Nassourdine Imavov,881bf86d4cba8578,Brendan Allen,2f181c0467965b98,Y
William Gomis,e1d40e8782d80bc2,Joanderson Brito,791c8437b341fba5,Y
Bryan Battle,f626118b6da0e020,Kevin Jousset,dda15dbfafb792df,Y
Morgan Charriere,5b03b61f9d90125e,Gabriel Miranda,b909a9a9688b5284,Y
Fares Ziam,1e4f273069fb9e85,Matt Frevola,dccb63727f2f5f74,Y
Ion Cutelaba,cd13728ae1151f46,Ivan Erslan,64ad3e3b0efa30bb,Y
Oumar Sy,46e2011d92463b7e,Da Woon Jung,74f9448b97bf8bec,Y
Ludovit Klein,5b86d491d63890c5,Roosevelt Roberts,37c5366d18ed6c05,Y
Taylor Lapilus,8b1ed83b02303075,Vince Morales,37098a6e6c27fb66,Y
Ailin Perez,06e4245d16fc5315,Daria Zhelezniakova,07047eb7d17fb0a2,Y
Daniel Barez,e8fe9c15d348e778,Victor Altamirano,dc7927cd622676a7,Y
Jacqueline Cavalcanti,e3964ece586e0635,Nora Cornolle,f2b3f4ef3f780168,Y
Chris Duncan,fd406a32a6fb3a29,Bolaji Oki,4bdedbdeedff7d1d,Y
Merab Dvalishvili,c03520b5c88ed6b4,Sean O'Malley,b50a426a33da0012,Y
Valentina Shevchenko,132deb59abae64b1,Alexa Grasso,e8b731feff72294b,Y
Diego Lopes,f166e93d04a8c274,Brian Ortega,def8166ff24bd237,Y
Esteban Ribovics,323d4ca260dfa0ba,Daniel Zellhuber,4148802ae4a50768,Y
Ronaldo Rodriguez,f2900678e98f6d6a,Ode Osbourne,6d68c1afe954f121,Y
Norma Dumont,d3f5d33d61cd00c9,Irene Aldana,578ef12674df1e6a,Y
Ignacio Bahamondes,e4a47b07044ddd72,Manuel Torres,2e7878927067fdca,Y
Ketlen Souza,8bd4200561c77a62,Yazmin Jauregui,40cb680ae1cd331f,Y
Joshua Van,17e97649403ba428,Edgar Chairez,5ef94841c4bc3f86,Y
Raul Rosas Jr.,fe2babf95de24fb1,Aoriqileng,7d420039bbfe7c1a,Y
Sean Brady,45f7cb591c3ab00b,Gilbert Burns,23024fdfc966410a,Y
Natalia Silva,262d32ebda89efc4,Jessica Andrade,6a1901c62ab3870f,Y
Steve Garcia,97cf1a2c7c5e7889,Kyle Nelson,31f8081c7600da93,Y
Cody Durden,7f6ed67d3ed3c036,Matt Schnell,67c1d46f4ed16f9e,Y
Yanal Ashmouz,c739c2995a275314,Trevor Peek,0bc697c5936a2d0a,Y
Chris Padilla,06626b6287e1ae1e,Rongzhu,a13d755965a4ec9f,Y
Isaac Dulgarian,a57cb948c4c70a47,Brendon Marotte,d7fe8c6b7d2872e5,Y
Andre Lima,b1f21ce050035d58,Felipe dos Santos,5cdf5339728f580d,Y
Gabriel Santos,f2f140ce7532e327,Yizha,3f11fd1751fa83b1,Y
Jaqueline Amorim,bc7d1ad49fcb2d08,Vanessa Demopoulos,2c483cf443f38ece,Y
Andre Petroski,5f61780fe5e9b6d0,Dylan Budka,a817e238b2747404,Y
Nathan Fletcher,a2d342ffc83913ed,Zygimantas Ramaska,641ca2c2ed91b93c,Y
Caio Borralho,4126a78111c0855a,Jared Cannonier,13a0275fa13c4d26,Y
Tabatha Ricci,d25240135aee03e5,Angela Hill,f0feeb2192937424,Y
Ryan Loder,d5bab53a1a603aac,Robert Valentin,0cd0456d6029cec2,Y
Mairon Santos,480779d7f9a424d3,Kaan Ofli,7facc9c45d792985,Y
Michael Morales,c32aeb1a59e6272d,Neil Magny,84b3e7d38f2d2ec5,Y
Gerald Meerschaert,6ac9bc2953c47345,Edmen Shahbazyan,4144798612ef96e5,Y
Francis Marshall,5d495dec23d7c68e,Dennis Buzukja,c4d039123e62f6a9,Y
Zach Reese,23dec7c47cb418f8,Jose Daniel Medina,baa9be02c3e3e038,Y
Viacheslav Borshchev,19c591115a58982c,James Llontop,93b2b7caa457cbea,Y
Jacqueline Cavalcanti,e3964ece586e0635,Josiane Nunes,68d35296f566792b,Y
Wang Cong,2997e7fe3c9d3d4a,Victoria Leonardo,9dedfdd91070ddd8,Y
Dricus Du Plessis,0d7b51c9d2649a6e,Israel Adesanya,1338e2c7480bdf9e,Y
Kai Kara-France,853eb0dd5c0e2149,Steve Erceg,32ab52e5de93092d,Y
Dan Hooker,193b9d1858bc4df3,Mateusz Gamrot,72db2a14ffa73ece,Y
Jairzinho Rozenstruik,2cd428e9606856fd,Tai Tuivasa,c62fbc117d57b943,Y
Carlos Prates,7ee0fd831c0fe7c3,Li Jingliang,e64b96c07d7ce999,Y
Valter Walker,f5779a2303ed76ec,Junior Tafa,c15fa95b9a12fde4,Y
Ricardo Ramos,1ae8f3c723aacff4,Josh Culibao,6751eacd16bd59bc,Y
Casey O'Neill,04835018f90b118c,Luana Santos,5078e1dacf9d25f4,Y
Jack Jenkins,a9da3158dd2c2b5a,Herbert Burns,4f140403000158b5,Y
Tom Nolan,6c3b2525436cf5d4,Alex Reyes,dc07493a87dc0a6e,Y
Song Kenan,32490e80ddab1e5a,Ricky Glenn,814ff3018127e8fc,Y
Jesus Aguilar,c051c2e12d692b8a,Stewart Nicoll,2bd98ab77a8daa75,Y
Serghei Spivac,e2f6b2769aaedd6c,Marcin Tybura,c9cf753cfdf77fc2,Y
Chepe Mariscal,e0c6edcb5b5d0b90,Damon Jackson,29af297d9f1de0f8,Y
Danny Barlow,b7c5eb7cdbac6a63,Nikolay Veretennikov,0f1efce7d2571d10,Y
Chris Gutierrez,45f0cc9d18f35137,Quang Le,32feae6d9a1e5047,Y
Yana Santos,3143bf892608139a,Chelsea Chandler,af9efbfd63d39734,Y
Toshiomi Kazama,148bb103cfbf123e,Charalampos Grigoriou,68b8ebdfce9dbb61,Y
Karol Rosa,351c4ec637380ad5,Pannie Kianzad,91dac5e69e28d5b5,Y
Jhonata Diniz,25f9a5f3e8a52618,Karl Williams,d35f734c56a89103,Y
Youssef Zalal,52c2ae6d2f2d2613,Jarno Errens,082eba4cd80f736f,Y
Stephanie Luciano,1b35af4d1529adf6,Talita Alencar,d35298b6df168456,Y
Umar Nurmagomedov,2b6fc1c02736833d,Cory Sandhagen,65f09bacd3957381,Y
Shara Magomedov,06734ca9d88dec3a,Michal Oleksiejczuk,0d65c432720accb9,Y
Deiveson Figueiredo,aa72b0f831d0bfe5,Marlon Vera,7c7332319c14094c,Y
Michael Chiesa,c58f51dedb310998,Tony Ferguson,22a92d7f62195791,Y
Mackenzie Dern,7447e9f28508106a,Loopy Godinez,8e5d953bdb9ae5e7,Y
Joel Alvarez,58bbef3770bb2dfc,Elves Brener,48a9a128784d53d1,Y
Azamat Murzakanov,e90a2f22417af68e,Alonzo Menifield,a495f599e787614f,Y
Kaue Fernandes,ec13c393d029297d,Mohammad Yahya,3753714927f18437,Y
Shamil Gaziev,6747ccd6d1acd266,Don'Tale Mayes,1a9480fc288e55d7,Y
Guram Kutateladze,7772b283d288dbe2,Jordan Vucenic,6d38e41efa47a72d,Y
Sam Hughes,e94085e821bd81de,Viktoriia Dudakova,6c9b66b43663f2f7,Y
Jai Herbert,4c88a1db5a46c6a4,Rolando Bedoya,40a456a25d52ee65,Y
Sedriques Dumas,4e6738062d469256,Denis Tiuliulin,0112352cb32f5026,Y
Belal Muhammad,b1b0729d27936f2f,Leon Edwards,f1fac969a1d70b08,Y
Tom Aspinall,399afbabc02376b5,Curtis Blaydes,fa6796c55d6c5440,Y
Paddy Pimblett,7826923b47f8d72a,King Green,887961364be5ceb3,Y
Gregory Rodrigues,d1c65d2cf2925ddd,Christian Leroy Duncan,a93f94c923c3a9cb,Y
Arnold Allen,040a74bb0a465c54,Giga Chikadze,9560ff14eb3129f7,Y
Nathaniel Wood,329e403448756217,Daniel Pineda,361d49960a196976,Y
Bruna Brasil,7138a15258dabf20,Molly McCann,51018a31ddf31eb2,Y
Jake Hadley,60a42bf82447c919,Caolan Loughran,42ac4020cba261ad,Y
Muhammad Mokaev,75353550928a7921,Manel Kape,5d1b7e3dd9e11074,Y
Oban Elliott,6b56e94a59b7b134,Preston Parsons,9fe7af8b3fbe00a0,Y
Modestas Bukauskas,476fe566d2df676e,Marcin Prachnio,6370c1c1e12723d5,Y
Sam Patterson,8b6e5dc2ba1edbe7,Kiefer Crosbie,4729c93ba705a3bf,Y
Mick Parkin,0d5cc0170c1a7e71,Lukasz Brzeski,0c25d0a5e8cdbf19,Y
Shauna Bannon,9c442aaf149ea982,Alice Ardelean,87f8699fdcc2c404,Y
Virna Jandiroba,7dda2cf308f24a02,Amanda Lemos,3df5493bb279226f,Y
Steve Garcia,97cf1a2c7c5e7889,SeungWoo Choi,a68575214ecad140,Y
Kurt Holobaugh,a7151778b3381036,Kaynan Kruschewsky,ca36633b80be4a78,Y
Bruno Silva,294aa73dbf37d281,Cody Durden,7f6ed67d3ed3c036,Y
Dooho Choi,e93b04e308913c2e,Bill Algeo,9abc648e76c4493a,Y
Hyder Amil,41cc71cbf210e0fe,JeongYeong Lee,d008d785f6347dc2,Y
Cody Gibson,700a674c042b7a96,Brian Kelleher,7be14eaed4c74856,Y
Miranda Maverick,f29a6350c69f4a33,Dione Barbosa,27b388f0aab49780,Y
Trey Ogden,cfc3e7bb44685289,Loik Radzhabov,8c169fbe1ac33637,Y
Luana Carolina,528b071cf3da7c56,Lucie Pudilova,3cf66c62d9069f43,Y
Thomas Petersen,764d39074a352e33,Mohammed Usman,da7f113b5ea39c43,Y
Rose Namajunas,47b63240018d5d86,Tracy Cortez,68d4a891e5cf2029,Y
Muslim Salikhov,447f9858ae78f921,Santiago Ponzinibbio,6d1bffff14897645,Y
Jean Silva,52ef95b5860fb28c,Drew Dober,519e4fe37ce9ff75,Y
Gabriel Bonfim,01641ba5df0c69b0,Ange Loosa,1497e735d9f2560a,Y
Julian Erosa,902ec2cc48c8ae8a,Christian Rodriguez,5ec591b78349ba7e,Y
Abdul Razak Alhassan,eae431e70064e046,Cody Brundage,f14f644d41ade29f,N
Charles Johnson,814e5233e2acf2ee,Joshua Van,17e97649403ba428,Y
Jasmine Jasudavicius,a9e260472d321361,Fatima Kline,745fa7b605f8e2da,Y
Montel Jackson,cc1a8b4b38b92c6d,Da'Mon Blackshear,da22387a0407a2dc,Y
Luana Santos,5078e1dacf9d25f4,Mariya Agapova,a08ddd04eaffd81d,Y
Andre Petroski,5f61780fe5e9b6d0,Josh Fremd,ca43de99b07b6b40,Y
Evan Elder,d9a56ecb6e94f02e,Darrius Flowers,65db4065e2bc107d,Y
Alex Pereira,e5549c82bfb5582d,Jiri Prochazka,009341ed974bad72,Y
Diego Lopes,f166e93d04a8c274,Dan Ige,82a5152216251682,Y
Roman Dolidze,327d5f279895110d,Anthony Smith,d4c9dcd330403612,Y
Macy Chiasson,9cdd2da1a9104a0b,Mayra Bueno Silva,cc8c623cca88f54f,Y
Ian Machado Garry,442c9011034ae1fd,Michael Page,a67d071163962af8,Y
Joe Pyfer,c1085e1701b13eca,Marc-Andre Barriault,8e9eb3fc86db0f7d,Y
Andre Fili,8fd808923cffff82,Cub Swanson,d247691a6c0e9034,Y
Jean Silva,52ef95b5860fb28c,Charles Jourdain,f1d64ae34e088832,Y
Payton Talbott,6e743a33d56bdaa4,Yanis Ghemmouri,eb70e786bbdf1d16,Y
Gillian Robertson,38c7f72747f4f712,Michelle Waterson-Gomez,eb04b9d31e938edb,Y
Martin Buday,8eb046f83e82bf26,Andrei Arlovski,3738e68d2261e60f,Y
Rei Tsuruya,2f43a3e82661fa99,Carlos Hernandez,798e48f9e7f6ba22,Y
Vinicius Oliveira,18d01f7f8338ae72,Ricky Simon,5987b2458f4b5290,Y
Robert Whittaker,e1147d3d2dabe1ce,Ikram Aliskerov,b07aed698fba8624,Y
Alexander Volkov,279566840aa55bf2,Sergei Pavlovich,f14cf73e51b29254,Y
Kelvin Gastelum,8c0580d4fff106c1,Daniel Rodriguez,8a1f3b5c526cd6e6,Y
Shara Magomedov,06734ca9d88dec3a,Antonio Trocoli,6d48a2df51749d91,Y
Volkan Oezdemir,0845c81e37d3bcb3,Johnny Walker,c21f26bbde777573,Y
Nasrat Haqparast,b7b84ccd221be298,Jared Gordon,7026eca45f65377b,Y
Felipe Lima,9256f591b30c073e,Muhammad Naimov,8d11d9c13e2ccdf7,Y
Rinat Fakhretdinov,8f765fd5775a8873,Nicolas Dalby,9d19d9e4aa2662e8,Y
Muin Gafurov,a54660deb6a8489c,Kyung Ho Kang,a7897d200692ab64,Y
Magomed Gadzhiyasulov,6e344b71421103da,Brendson Ribeiro,49edd0d90f60fb7d,Y
ChangHo Lee,117a06469813e4ef,Xiao Long,86bace9e4ad85542,Y
Tatsuro Taira,4461d7e47375a895,Alex Perez,ab2b4ff41d6ebe0f,Y
Miles Johns,46e0d677f91bacc0,Douglas Silva de Andrade,3a314d9fa7c6825d,Y
Lucas Almeida,710f0f8c5d5c9d41,Timmy Cuamba,0e46690e55a8df75,Y
Brady Hiestand,7af33fc4435017f1,Garrett Armfield,1effd880e1f1bb30,Y
Asu Almabayev,8d3273573b85be09,Jose Johnson,84f727cf0166d6f2,Y
Adam Fugitt,a01a62132460a98d,Josh Quinlan,876f478f796495f7,Y
Nate Maness,6e9f40c706f91f32,Jimmy Flick,09e62c450e754913,Y
Gabriella Fernandes,a6eb54ae17a551be,Carli Judice,f1ab6f37492c630a,Y
Westin Wilson,7b3503352cd53abb,Jeka Saragih,57186c150c645200,Y
Melquizael Costa,20bccc9bb4ceb23e,Shayilan Nuerdanbieke,0a73acff6325c1e2,Y
Josefine Knutsson,971dba22c622af12,Julia Polastri,abb68e3c7ca128f2,Y
Nassourdine Imavov,881bf86d4cba8578,Jared Cannonier,13a0275fa13c4d26,Y
Dominick Reyes,2e19380f34871c6a,Dustin Jacoby,e4277e87a789d687,Y
Raul Rosas Jr.,fe2babf95de24fb1,Ricky Turcios,cd3d7e37ff2d679c,Y
Brunno Ferreira,1e719d4b676dc19a,Dustin Stoltzfus,71505842fb6455c3,Y
Zach Reese,23dec7c47cb418f8,Julian Marquez,d0e1b42d41dab603,Y
Punahele Soriano,64facb6cc564262d,Miguel Baeza,82d4c957649faf9b,Y
Ludovit Klein,5b86d491d63890c5,Thiago Moises,d945aae53e3e54e6,Y
Carlos Prates,7ee0fd831c0fe7c3,Charles Radtke,feedf3053472fe56,Y
Brad Katona,7b433309b0fd12aa,Jesse Butler,a75a48bfe776b2c2,Y
Montana De La Rosa,80d8aed0ca9b00f3,Andrea Lee,05fa626cb33d15b8,Y
Daniel Marcos,850266b3dc4e506e,John Castaneda,5fa2974cbd18e05c,Y
Denise Gomes,cffb87059e645bd1,Eduarda Moura,de594b35c45c2e9a,Y
Taylor Lapilus,8b1ed83b02303075,Cody Stamann,bf7ad5628363eec9,Y
Puja Tomar,19f8a2f6eecd92ac,Rayanne dos Santos,02bb48869eb7ac8f,Y
Islam Makhachev,275aca31f61ba28c,Dustin Poirier,029eaff01e6bb8f0,Y
Sean Strickland,0d8011111be000b2,Paulo Costa,2e5c2aa8e4ab9d82,Y
Kevin Holland,3a46b268013afede,Michal Oleksiejczuk,0d65c432720accb9,Y
Niko Price,d8da10db80131bec,Alex Morono,cdb96af67d096b1e,Y
Randy Brown,c6aee362c7a7d482,Elizeu Zaleski dos Santos,8adcbd525fab8d9b,Y
Roman Kopylov,9d83f6da776ff7d6,Cesar Almeida,64d47ef881a437a4,Y
Jailton Almeida,41e83a89929d1327,Alexandr Romanov,c0badf3243907e59,Y
Grant Dawson,99bd51917728c25d,Joe Solecki,af65aa688d13eedf,Y
Jake Matthews,a845f0735bc67405,Phil Rowe,8e382b585a92affe,Y
Bassil Hafez,f4d92416da98804b,Mickey Gall,9e50097a89442158,Y
Ailin Perez,06e4245d16fc5315,Joselyne Edwards,f9ab66e67240db7b,Y
Andre Lima,b1f21ce050035d58,Mitch Raposo,0be6776db31d98ec,Y
Lerone Murphy,396fe87b84ac2e1c,Edson Barboza,64a50dad704d1d49,Y
Khaos Williams,2558ae2e5671e318,Carlston Harris,a53d30163304aa6e,Y
Themba Gorimbo,40f3cb27fc7305a1,Ramiz Brahimaj,3d074044a33825e7,Y
Adrian Yanez,0232cabbc30a2372,Vinicius Salvador,65cdf4ec31143d86,Y
Angela Hill,f0feeb2192937424,Luana Pinheiro,a3a542074109b347,Y
Tom Nolan,6c3b2525436cf5d4,Victor Martinez,3e708ce33b6b18e6,Y
Oumar Sy,46e2011d92463b7e,Tuco Tokkos,3e8118c1ab52f211,Y
Melissa Gatto,a4a80dd7336ffd59,Tamires Vidal,4f3064faf17aa711,Y
Abus Magomedov,36b8f265bcd1b7a4,Warlley Alves,d317a5e2b3f88c5f,Y
Ariane Carnelossi,c0d5c0c95c59050b,Piera Rodriguez,e375cb5caf4717b6,Y
Alatengheili,1897b7b913736a7c,Kleydson Rodrigues,102a8fdf8cbf7467,Y
Vanessa Demopoulos,2c483cf443f38ece,Emily Ducote,02f8fedc18cbd26c,Y
Derrick Lewis,d3df1add9d9a7efb,Rodrigo Nascimento,d31a5546c0e9b213,Y
Joaquin Buckley,b9437600497350f3,Nursulton Ruziboev,49d2a08964c5eb11,Y
Carlos Ulberg,9014c02eff8b3d62,Alonzo Menifield,a495f599e787614f,Y
Diego Ferreira,f53d4f21d1b5f2dc,Mateusz Rebecki,849c5d9979df5357,Y
Sean Woodson,4682bc59d5f55145,Alex Caceres,7aa3d6964eff4877,Y
Waldo Cortes Acosta,fc08099550072fe4,Robelis Despaigne,140567899d98978a,Y
Chase Hooper,971246648e162f0d,Viacheslav Borshchev,19c591115a58982c,Y
Esteban Ribovics,323d4ca260dfa0ba,Terrance McKinney,809bd1a871491508,Y
Tabatha Ricci,d25240135aee03e5,Tecia Pennington,31ef8b67e13495b3,Y
Trey Waters,31dbfbe4e7a6727c,Billy Ray Goff,fa07345cc9db5cc9,Y
Charles Johnson,814e5233e2acf2ee,Jake Hadley,60a42bf82447c919,Y
Veronica Hardy,4798e823ada58fe9,JJ Aldrich,6fd953151d981979,Y
Alexandre Pantoja,a0f0004aadf10b71,Steve Erceg,32ab52e5de93092d,Y
Jose Aldo,d0f3959b4a9747e6,Jonathan Martinez,f2477cf43c4975cc,Y
Anthony Smith,d4c9dcd330403612,Vitor Petrino,71171fc96445bf65,Y
Michel Pereira,595db60957de51d3,Ihor Potieria,260bd4cef10b033f,Y
Caio Borralho,4126a78111c0855a,Paul Craig,eabf206b162b3b83,Y
Joanderson Brito,791c8437b341fba5,Jack Shore,b8a85389d115e35a,Y
Iasmin Lucindo,abcf2cc6efc42031,Karolina Kowalkiewicz,d7c3816669784109,Y
Myktybek Orolbai,bf2c8e01b07d3eb1,Elves Brener,48a9a128784d53d1,Y
Drakkar Klose,7cbf7c78d3b34218,Joaquim Silva,ae7fe94f117f98cf,Y
Mauricio Ruffy,9c393e836a852f30,Jamie Mullarkey,af9f42e6894047fc,Y
Dione Barbosa,27b388f0aab49780,Ernesta Kareckaite,e4faa79383c9f214,Y
Ismael Bonfim,eb393afdbe3293d5,Vinc Pichel,c77a953488e5607d,Y
Alessandro Costa,3fa97913cfd205d3,Kevin Borjas,34b96d52db1d26e6,Y
Alex Perez,ab2b4ff41d6ebe0f,Matheus Nicolau,1a31ef98efce7a79,Y
Bogdan Guskov,ef5dcb10d2bd4b0f,Ryan Spann,a67f5afa8d6a1b80,Y
Karine Silva,9d62c2d8ee151f08,Ariane da Silva,6551c64fbcd1a467,Y
Jhonata Diniz,25f9a5f3e8a52618,Austen Lane,be9bdec19b7e9ffe,Y
David Onama,ffe9703408fb5964,Jonathan Pearce,87c0b1c696ddfb43,Y
Uros Medic,681399317dbf4701,Tim Means,4b47e71384a9522f,Y
Victor Henry,eb8d8c2a95cfccb8,Rani Yahya,94527830000ab715,Y
Austin Hubbard,d2cd7a69cc55e7ed,Michal Figlak,b4c57a8c2b773e82,Y
Don'Tale Mayes,1a9480fc288e55d7,Caio Machado,89839250eb25c9c1,Y
Ketlen Souza,8bd4200561c77a62,Marnic Mann,b6203e0492a9336c,Y
Chris Padilla,06626b6287e1ae1e,James Llontop,93b2b7caa457cbea,Y
Ivana Petrovic,38c5817ade8a8014,Liang Na,ec0dcceace7d25a3,Y
Maheshate,8c1ca54b5089d199,Gabriel Benitez,436f970c9ea9169c,Y
Alex Pereira,e5549c82bfb5582d,Jamahal Hill,5444c5a201d3ee5a,Y
Zhang Weili,1ebe20ebbfa15e29,Yan Xiaonan,c41d426cc7326d1b,Y
Max Holloway,150ff4cc642270b9,Justin Gaethje,9e8f6c728eb01124,Y
Arman Tsarukyan,eae48ff31db420c2,Charles Oliveira,07225ba28ae309b6,Y
Bo Nickal,35673bf5204524ee,Cody Brundage,f14f644d41ade29f,Y
Jiri Prochazka,009341ed974bad72,Aleksandar Rakic,333b9e5c723ac873,Y
Aljamain Sterling,cb696ebfb6598724,Calvin Kattar,751de04455cfaac0,Y
Kayla Harrison,1af1170ed937cba7,Holly Holm,634e2fb70bde3fd5,Y
Diego Lopes,f166e93d04a8c274,Sodiq Yusuff,94426bb170c88115,Y
Renato Moicano,b6452706b373eea1,Jalin Turner,4d8fa64202cee4c1,Y
Jessica Andrade,6a1901c62ab3870f,Marina Rodriguez,cd2c4d30c6e13b47,Y
King Green,887961364be5ceb3,Jim Miller,d1941565abf50b16,Y
Deiveson Figueiredo,aa72b0f831d0bfe5,Cody Garbrandt,d8c7c61b176e3994,Y
Brendan Allen,2f181c0467965b98,Chris Curtis,5442f1bc4b47eaf3,Y
Damon Jackson,29af297d9f1de0f8,Alexander Hernandez,262a7d06203657e6,Y
Chepe Mariscal,e0c6edcb5b5d0b90,Morgan Charriere,5b03b61f9d90125e,Y
Ignacio Bahamondes,e4a47b07044ddd72,Christos Giagos,de45aaae23dfa392,Y
Charlie Campbell,b39f7a6c2be17ee8,Trevor Peek,0bc697c5936a2d0a,Y
Alex Morono,cdb96af67d096b1e,Court McGee,523fa774700d7d3f,Y
Lukasz Brzeski,0c25d0a5e8cdbf19,Valter Walker,f5779a2303ed76ec,Y
Norma Dumont,d3f5d33d61cd00c9,Germaine de Randamie,1d239d571e342453,Y
Victor Hugo,f264ba50b007f39e,Pedro Falcao,f7be1db194e03d7e,Y
Jean Matsumoto,ffd3224638c01b57,Dan Argueta,e4ba58725825412d,Y
Cesar Almeida,64d47ef881a437a4,Dylan Budka,a817e238b2747404,Y
Nora Cornolle,f2b3f4ef3f780168,Melissa Mullins,bd532e9a2b93870c,Y
Manon Fiorot,34ff304266360297,Erin Blanchfield,669970f7feba8ecd,Y
Joaquin Buckley,b9437600497350f3,Vicente Luque,6d4b63c767106d3a,Y
Chris Weidman,3a8176e15b9887c1,Bruno Silva,12ebd7d157e91701,Y
Nursulton Ruziboev,49d2a08964c5eb11,Sedriques Dumas,4e6738062d469256,Y
Kyle Nelson,31f8081c7600da93,Bill Algeo,9abc648e76c4493a,Y
Chidi Njokuani,c68c68efaa5ca6ef,Rhys McKee,f748267c4ab6c127,Y
Nate Landwehr,583ee11abddfc581,Jamall Emmers,e00a3dee329a51f7,Y
Virna Jandiroba,7dda2cf308f24a02,Loopy Godinez,8e5d953bdb9ae5e7,Y
Julio Arce,1291edf2d566a71a,Herbert Burns,4f140403000158b5,Y
Dennis Buzukja,c4d039123e62f6a9,Connor Matthews,36e78278a77006d4,Y
Ibo Aslan,6e8f1bcdda94ff45,Anton Turkalj,82529ce93cd9a2cf,Y
Jacob Malkoun,d4270315cbcf2569,Andre Petroski,5f61780fe5e9b6d0,Y
Caolan Loughran,42ac4020cba261ad,Angel Pacheco,07797f10b9569cfc,Y
Rose Namajunas,47b63240018d5d86,Amanda Ribas,beecb672a279223e,Y
Karl Williams,d35f734c56a89103,Justin Tafa,e13abac8089a801a,Y
Edmen Shahbazyan,4144798612ef96e5,AJ Dobson,009c4420727149ea,Y
Payton Talbott,6e743a33d56bdaa4,Cameron Saaiman,3c8a5200436e19f3,Y
Youssef Zalal,52c2ae6d2f2d2613,Billy Quarantillo,aa171d55d4b5208f,Y
Fernando Padilla,d2f43cfaf8ca3560,Luis Pajuelo,e530df53922f413e,Y
Trey Ogden,cfc3e7bb44685289,Kurt Holobaugh,a7151778b3381036,Y
Julian Erosa,902ec2cc48c8ae8a,Ricardo Ramos,1ae8f3c723aacff4,Y
Miles Johns,46e0d677f91bacc0,Cody Gibson,700a674c042b7a96,Y
Jarno Errens,082eba4cd80f736f,Steven Nguyen,69037fc7730e4225,Y
Daria Zhelezniakova,07047eb7d17fb0a2,Montse Rendon,60193e707634e560,Y
Andre Lima,b1f21ce050035d58,Igor Severino,6ad8e4296f7522d9,Y
Mick Parkin,0d5cc0170c1a7e71,Mohammed Usman,da7f113b5ea39c43,Y
Marcin Tybura,c9cf753cfdf77fc2,Tai Tuivasa,c62fbc117d57b943,Y
Bryan Battle,f626118b6da0e020,Ange Loosa,1497e735d9f2560a,N
Ovince Saint Preux,50db8711c70196cd,Kennedy Nzechukwu,8667caa0451d245b,Y
Christian Rodriguez,5ec591b78349ba7e,Isaac Dulgarian,a57cb948c4c70a47,Y
Macy Chiasson,9cdd2da1a9104a0b,Pannie Kianzad,91dac5e69e28d5b5,Y
Gerald Meerschaert,6ac9bc2953c47345,Bryan Barberena,a331233f597090a5,Y
Mike Davis,fb3e61720be4690c,Natan Levy,a29db9cd4f9ccea5,Y
Chelsea Chandler,af9efbfd63d39734,Josiane Nunes,68d35296f566792b,Y
Jafel Filho,65adf3856c4d9256,Ode Osbourne,6d68c1afe954f121,Y
Danny Silva,d964a59c48381cb6,Josh Culibao,6751eacd16bd59bc,Y
Jaqueline Amorim,bc7d1ad49fcb2d08,Cory McKenna,3351aa64aa83c4d9,Y
Thiago Moises,d945aae53e3e54e6,Mitch Ramirez,e99eb0ef25885de5,Y
Chad Anheliger,c7c39e2fb70248b3,Charalampos Grigoriou,68b8ebdfce9dbb61,Y
Sean O'Malley,b50a426a33da0012,Marlon Vera,7c7332319c14094c,Y
Dustin Poirier,029eaff01e6bb8f0,Benoit Saint Denis,c2299ec916bc7c56,Y
Michael Page,a67d071163962af8,Kevin Holland,3a46b268013afede,Y
Jack Della Maddalena,6b453bc35a823c3f,Gilbert Burns,23024fdfc966410a,Y
Petr Yan,d661ce4da776fc20,Song Yadong,efb96bf3e9ada36f,Y
Curtis Blaydes,fa6796c55d6c5440,Jailton Almeida,41e83a89929d1327,Y
Maycee Barber,6a740daf1b279661,Katlyn Cerminara,e872e9a9a902c045,Y
Mateusz Gamrot,72db2a14ffa73ece,Rafael Dos Anjos,6a2f7c151031653d,Y
Kyler Phillips,60425d07ef4b91a7,Pedro Munhoz,6bd02119599741a4,Y
Philipe Lins,53c943c873cffe90,Ion Cutelaba,cd13728ae1151f46,Y
Michel Pereira,595db60957de51d3,Michal Oleksiejczuk,0d65c432720accb9,Y
Robelis Despaigne,140567899d98978a,Josh Parisian,b5da8f7d05e85a55,Y
Asu Almabayev,8d3273573b85be09,CJ Vergara,077e3ace32b72be9,Y
Joanne Wood,12f91bfa8f1f723b,Maryna Moroz,b4192a975027aab6,Y
Jairzinho Rozenstruik,2cd428e9606856fd,Shamil Gaziev,6747ccd6d1acd266,Y
Vitor Petrino,71171fc96445bf65,Tyson Pedro,49e96ff8ab781589,Y
Muhammad Mokaev,75353550928a7921,Alex Perez,ab2b4ff41d6ebe0f,Y
Umar Nurmagomedov,2b6fc1c02736833d,Bekzat Almakhan,a4dc0f2b95df4cc1,Y
Steve Erceg,32ab52e5de93092d,Matt Schnell,67c1d46f4ed16f9e,Y
Eryk Anders,cad24459b28592ca,Jamie Pickett,830f60497fab345a,Y
Vinicius Oliveira,18d01f7f8338ae72,Benardo Sopaj,b6c37948cb226e8c,Y
Aiemann Zahabi,24656ef4d605c96f,Javid Basharat,bbab3baf66128ae2,Y
Christian Leroy Duncan,a93f94c923c3a9cb,Claudio Ribeiro,972c456ff38b2015,Y
Ludovit Klein,5b86d491d63890c5,AJ Cunningham,d1053e55f00e53fe,Y
Loik Radzhabov,8c169fbe1ac33637,Abdul-Kareem Al-Selwady,597499ac7a5aac62,Y
Brandon Royval,6e15f63b6c2e2c15,Brandon Moreno,792be9a24df82ed6,Y
Brian Ortega,def8166ff24bd237,Yair Rodriguez,cbf5e6f231b55443,Y
Daniel Zellhuber,4148802ae4a50768,Francisco Prado,3920d0cc288f9b0d,Y
Yazmin Jauregui,40cb680ae1cd331f,Sam Hughes,e94085e821bd81de,Y
Manuel Torres,2e7878927067fdca,Chris Duncan,fd406a32a6fb3a29,Y
Raoni Barcelos,b9f28e7045fdfce7,Cristian Quinonez,7debc13b36343605,Y
Jesus Aguilar,c051c2e12d692b8a,Mateus Mendonca,48812daf291a4e23,Y
Edgar Chairez,5ef94841c4bc3f86,Daniel Lacerda,31bb0772f21cabd8,Y
Fares Ziam,1e4f273069fb9e85,Claudio Puelles,d747eb273a40a920,Y
Ronaldo Rodriguez,f2900678e98f6d6a,Denys Bondar,2526be54e6a0e62a,Y
Felipe dos Santos,5cdf5339728f580d,Victor Altamirano,dc7927cd622676a7,Y
Muhammad Naimov,8d11d9c13e2ccdf7,Erik Silva,21b813b919776d90,Y
Ilia Topuria,54f64b5e283b0ce7,Alexander Volkanovski,e1248941344b3288,Y
Robert Whittaker,e1147d3d2dabe1ce,Paulo Costa,2e5c2aa8e4ab9d82,Y
Ian Machado Garry,442c9011034ae1fd,Geoff Neal,b997be68943010fc,Y
Merab Dvalishvili,c03520b5c88ed6b4,Henry Cejudo,056c493bbd76a918,Y
Anthony Hernandez,093e1f5bb73850be,Roman Kopylov,9d83f6da776ff7d6,Y
Amanda Lemos,3df5493bb279226f,Mackenzie Dern,7447e9f28508106a,Y
Marcos Rogerio de Lima,ab943cd2c3c17825,Junior Tafa,c15fa95b9a12fde4,Y
Rinya Nakamura,d8c811df0386d5e8,Carlos Vera,07f959e6596307bb,Y
Zhang Mingyang,8a65fd9ba31fd3f7,Brendson Ribeiro,49edd0d90f60fb7d,Y
Danny Barlow,b7c5eb7cdbac6a63,Josh Quinlan,876f478f796495f7,Y
Oban Elliott,6b56e94a59b7b134,Val Woodburn,7a47e068f8017019,Y
Miranda Maverick,f29a6350c69f4a33,Andrea Lee,05fa626cb33d15b8,Y
Jack Hermansson,0a1942069c9ad6b6,Joe Pyfer,c1085e1701b13eca,Y
Dan Ige,82a5152216251682,Andre Fili,8fd808923cffff82,Y
Ihor Potieria,260bd4cef10b033f,Robert Bryczek,f96856f9d69fd7e4,Y
Gregory Rodrigues,d1c65d2cf2925ddd,Brad Tavares,0c6d9ea8306c029e,Y
Michael Johnson,511e82663651438d,Darrius Flowers,65db4065e2bc107d,Y
Rodolfo Vieira,260e9e0d4954aea6,Armen Petrosyan,369ea36e450ae62a,Y
Carlos Prates,7ee0fd831c0fe7c3,Trevin Giles,b27a1fcb56a3035a,Y
Bolaji Oki,4bdedbdeedff7d1d,Timmy Cuamba,0e46690e55a8df75,Y
Loma Lookboonmee,4e30e4250cb08b61,Bruna Brasil,7138a15258dabf20,Y
Marcin Prachnio,6370c1c1e12723d5,Devin Clark,cc7040fe76f0ef91,Y
Max Griffin,b0d6a1d8ac3d563d,Jeremiah Wells,d66a46de8d705353,Y
Bogdan Guskov,ef5dcb10d2bd4b0f,Zac Pauga,56f7d7ee06be4aab,Y
Hyder Amil,41cc71cbf210e0fe,Fernie Garcia,9e92e1ca498d7244,Y
Daniel Marcos,850266b3dc4e506e,Aoriqileng,7d420039bbfe7c1a,N
Nassourdine Imavov,881bf86d4cba8578,Roman Dolidze,327d5f279895110d,Y
Renato Moicano,b6452706b373eea1,Drew Dober,519e4fe37ce9ff75,Y
Randy Brown,c6aee362c7a7d482,Muslim Salikhov,447f9858ae78f921,Y
Natalia Silva,262d32ebda89efc4,Viviane Araujo,36541f1e6c5d4955,Y
Aliaskhab Khizriev,7ab478c397cd68ef,Makhmud Muradov,ea7e5bc78d9de658,N
Charles Radtke,feedf3053472fe56,Gilbert Urbina,b12fb759e02378de,Y
Molly McCann,51018a31ddf31eb2,Diana Belbita,d7e40dca3ae125be,Y
Charles Johnson,814e5233e2acf2ee,Azat Maksum,7f1bf0c255ec8756,Y
Themba Gorimbo,40f3cb27fc7305a1,Pete Rodriguez,776d4262c4da38bf,Y
JeongYeong Lee,d008d785f6347dc2,Blake Bilder,5095b0920a3602aa,Y
Luana Carolina,528b071cf3da7c56,Julija Stoliarenko,a78a87d8c2bbb1cb,Y
MarQuel Mederos,e2be0c1a9b886d92,Landon Quinones,267f4a6568abe245,Y
Jamal Pogues,f41b9f5efc7162d6,Thomas Petersen,764d39074a352e33,Y
Dricus Du Plessis,0d7b51c9d2649a6e,Sean Strickland,0d8011111be000b2,Y
Raquel Pennington,fc169c387b4b465d,Mayra Bueno Silva,cc8c623cca88f54f,Y
Neil Magny,84b3e7d38f2d2ec5,Mike Malott,dd6103dd7127db1d,Y
Chris Curtis,5442f1bc4b47eaf3,Marc-Andre Barriault,8e9eb3fc86db0f7d,Y
Movsar Evloev,76e2870ffafbe38f,Arnold Allen,040a74bb0a465c54,Y
Garrett Armfield,1effd880e1f1bb30,Brad Katona,7b433309b0fd12aa,Y
Sean Woodson,4682bc59d5f55145,Charles Jourdain,f1d64ae34e088832,Y
Ramon Taveras,c5ccd878231c5407,Serhiy Sidey,1a2bf44edb8055b6,Y
Gillian Robertson,38c7f72747f4f712,Polyana Viana,9673a497a9da119a,Y
Sam Patterson,8b6e5dc2ba1edbe7,Yohan Lainesse,f998f5c102250d6e,Y
Jasmine Jasudavicius,a9e260472d321361,Priscila Cachoeira,b1e5bcaad32a3cac,Y
Jimmy Flick,09e62c450e754913,Malcolm Gordon,dee294e9717012c2,Y
Magomed Ankalaev,d802174b0c0c1f4e,Johnny Walker,c21f26bbde777573,Y
Jim Miller,d1941565abf50b16,Gabriel Benitez,436f970c9ea9169c,Y
Mario Bautista,bc711b6dd95c1af6,Ricky Simon,5987b2458f4b5290,Y
Brunno Ferreira,1e719d4b676dc19a,Phil Hawes,547afe1017e72dbe,Y
Waldo Cortes Acosta,fc08099550072fe4,Andrei Arlovski,3738e68d2261e60f,Y
Preston Parsons,9fe7af8b3fbe00a0,Matthew Semelsberger,4aa58269d0664b5b,Y
Marcus McGhee,c0ac37a4a1133da9,Gaston Bolanos,96924b0019b3aff1,Y
Farid Basharat,a09ed60aa67a3f67,Taylor Lapilus,8b1ed83b02303075,Y
Jean Silva,52ef95b5860fb28c,Westin Wilson,7b3503352cd53abb,Y
Nikolas Motta,37f560436d745c18,Tom Nolan,6c3b2525436cf5d4,Y
Joshua Van,17e97649403ba428,Felipe Bunes,53c10176e3bc7416,Y
Leon Edwards,f1fac969a1d70b08,Colby Covington,dc9572dd6ec74859,Y
Alexandre Pantoja,a0f0004aadf10b71,Brandon Royval,6e15f63b6c2e2c15,Y
Shavkat Rakhmonov,01afe0916a40c7c5,Stephen Thompson,4a28cb716c19157a,Y
Paddy Pimblett,7826923b47f8d72a,Tony Ferguson,22a92d7f62195791,Y
Josh Emmett,fba03cd6cc28dc41,Bryce Mitchell,d9c6f19f958643e9,Y
Alonzo Menifield,a495f599e787614f,Dustin Jacoby,e4277e87a789d687,Y
Irene Aldana,578ef12674df1e6a,Karol Rosa,351c4ec637380ad5,Y
Cody Garbrandt,d8c7c61b176e3994,Brian Kelleher,7be14eaed4c74856,Y
Ariane da Silva,6551c64fbcd1a467,Casey O'Neill,04835018f90b118c,Y
Tagir Ulanbekov,f00ac08ab056af5d,Cody Durden,7f6ed67d3ed3c036,Y
Andre Fili,8fd808923cffff82,Lucas Almeida,710f0f8c5d5c9d41,Y
Shamil Gaziev,6747ccd6d1acd266,Martin Buday,8eb046f83e82bf26,Y
Song Yadong,efb96bf3e9ada36f,Chris Gutierrez,45f0cc9d18f35137,Y
Khalil Rountree Jr.,749f572d1d3161fb,Anthony Smith,d4c9dcd330403612,Y
Nasrat Haqparast,b7b84ccd221be298,Jamie Mullarkey,af9f42e6894047fc,Y
Tim Elliott,c96d9178c9ed9e62,Sumudaerji,3cf18e01cb6cbde3,Y
Andre Muniz,886264a0c9f4ea5e,JunYong Park,285ae0b4a68221f4,Y
Kevin Jousset,dda15dbfafb792df,Song Kenan,32490e80ddab1e5a,Y
HyunSung Park,b671bdf981ad527d,Shannon Ross,51c655162e462ceb,Y
Steve Garcia,97cf1a2c7c5e7889,Melquizael Costa,20bccc9bb4ceb23e,Y
Luana Santos,5078e1dacf9d25f4,Stephanie Egger,5e6294b37bbef029,Y
Tatsuro Taira,4461d7e47375a895,Carlos Hernandez,798e48f9e7f6ba22,Y
Talita Alencar,d35298b6df168456,Rayanne dos Santos,02bb48869eb7ac8f,Y
Arman Tsarukyan,eae48ff31db420c2,Beneil Dariush,08af939f41b5a57b,Y
Jalin Turner,4d8fa64202cee4c1,King Green,887961364be5ceb3,Y
Deiveson Figueiredo,aa72b0f831d0bfe5,Rob Font,05339613bf8e9808,Y
Sean Brady,45f7cb591c3ab00b,Kelvin Gastelum,8c0580d4fff106c1,Y
Joaquim Silva,ae7fe94f117f98cf,Clay Guida,c47df9303d318c67,Y
Dustin Stoltzfus,71505842fb6455c3,Punahele Soriano,64facb6cc564262d,Y
Miesha Tate,b96619b3acd7d9da,Julia Avila,86d9dbe1bfcbade7,Y
Cody Brundage,f14f644d41ade29f,Zach Reese,23dec7c47cb418f8,Y
Drakkar Klose,7cbf7c78d3b34218,Joe Solecki,af65aa688d13eedf,Y
Rodolfo Bellato,69898645d600abdb,Ihor Potieria,260bd4cef10b033f,Y
Jared Gooden,c730a0be691dc081,Wellington Turman,4dcfb28c011c11b2,Y
Veronica Hardy,4798e823ada58fe9,Jamey-Lyn Horth,5c637af9472ae7cc,Y
Brendan Allen,2f181c0467965b98,Paul Craig,eabf206b162b3b83,Y
Michael Morales,c32aeb1a59e6272d,Jake Matthews,a845f0735bc67405,Y
Chase Hooper,971246648e162f0d,Jordan Leavitt,ac026518a9b4dc0f,Y
Payton Talbott,6e743a33d56bdaa4,Nick Aguirre,0978385b2bd9ef9b,Y
Amanda Ribas,beecb672a279223e,Luana Pinheiro,a3a542074109b347,Y
Myktybek Orolbai,bf2c8e01b07d3eb1,Uros Medic,681399317dbf4701,Y
Joanderson Brito,791c8437b341fba5,Jonathan Pearce,87c0b1c696ddfb43,Y
Jose Johnson,84f727cf0166d6f2,Chad Anheliger,c7c39e2fb70248b3,Y
Christian Leroy Duncan,a93f94c923c3a9cb,Denis Tiuliulin,0112352cb32f5026,Y
Mick Parkin,0d5cc0170c1a7e71,Caio Machado,89839250eb25c9c1,Y
Jeka Saragih,57186c150c645200,Lucas Alexander,11583163f45c7b31,Y
Ailin Perez,06e4245d16fc5315,Lucie Pudilova,3cf66c62d9069f43,Y
Trey Ogden,cfc3e7bb44685289,Nikolas Motta,37f560436d745c18,N
Rafael Estevam,83455a9d17f57dae,Charles Johnson,814e5233e2acf2ee,Y
Alex Pereira,e5549c82bfb5582d,Jiri Prochazka,009341ed974bad72,Y
Tom Aspinall,399afbabc02376b5,Sergei Pavlovich,f14cf73e51b29254,Y
Jessica Andrade,6a1901c62ab3870f,Mackenzie Dern,7447e9f28508106a,Y
Benoit Saint Denis,c2299ec916bc7c56,Matt Frevola,dccb63727f2f5f74,Y
Diego Lopes,f166e93d04a8c274,Pat Sabatini,b8bbdeff718dbb7d,Y
Steve Erceg,32ab52e5de93092d,Alessandro Costa,3fa97913cfd205d3,Y
Loopy Godinez,8e5d953bdb9ae5e7,Tabatha Ricci,d25240135aee03e5,Y
Mateusz Rebecki,849c5d9979df5357,Roosevelt Roberts,37c5366d18ed6c05,Y
Nazim Sadykhov,ff62013d2fce6d13,Viacheslav Borshchev,19c591115a58982c,N
Jared Gordon,7026eca45f65377b,Mark Madsen,da0995f19b749cfa,Y
John Castaneda,5fa2974cbd18e05c,Kyung Ho Kang,a7897d200692ab64,Y
Joshua Van,17e97649403ba428,Kevin Borjas,34b96d52db1d26e6,Y
Jamall Emmers,e00a3dee329a51f7,Dennis Buzukja,c4d039123e62f6a9,Y
Jailton Almeida,41e83a89929d1327,Derrick Lewis,d3df1add9d9a7efb,Y
Nicolas Dalby,9d19d9e4aa2662e8,Gabriel Bonfim,01641ba5df0c69b0,Y
Rodrigo Nascimento,d31a5546c0e9b213,Don'Tale Mayes,1a9480fc288e55d7,Y
Caio Borralho,4126a78111c0855a,Abus Magomedov,36b8f265bcd1b7a4,Y
Elves Brener,48a9a128784d53d1,Kaynan Kruschewsky,ca36633b80be4a78,Y
Rinat Fakhretdinov,8f765fd5775a8873,Elizeu Zaleski dos Santos,8adcbd525fab8d9b,N
Vitor Petrino,71171fc96445bf65,Modestas Bukauskas,476fe566d2df676e,Y
Angela Hill,f0feeb2192937424,Denise Gomes,cffb87059e645bd1,Y
Eduarda Moura,de594b35c45c2e9a,Montserrat Conejo Ruiz,1235b31de15d0c6e,Y
Marc Diakiese,32c355b04fc57f3a,Kaue Fernandes,ec13c393d029297d,Y
Islam Makhachev,275aca31f61ba28c,Alexander Volkanovski,e1248941344b3288,Y
Khamzat Chimaev,767755fd74662dbf,Kamaru Usman,f1b2aa7853d1ed6e,Y
Magomed Ankalaev,d802174b0c0c1f4e,Johnny Walker,c21f26bbde777573,N
Ikram Aliskerov,b07aed698fba8624,Warlley Alves,d317a5e2b3f88c5f,Y
Said Nurmagomedov,0fd5f4b838e890cc,Muin Gafurov,a54660deb6a8489c,Y
Muhammad Mokaev,75353550928a7921,Tim Elliott,c96d9178c9ed9e62,Y
Trevor Peek,0bc697c5936a2d0a,Mohammad Yahya,3753714927f18437,Y
Javid Basharat,bbab3baf66128ae2,Victor Henry,eb8d8c2a95cfccb8,N
Sedriques Dumas,4e6738062d469256,Abu Azaitar,46d0a888d87d91ac,Y
Mike Breeden,d80ee110748171ac,Anshul Jubli,a72a2a769fa5a2be,Y
Muhammad Naimov,8d11d9c13e2ccdf7,Nathaniel Wood,329e403448756217,Y
Viktoriia Dudakova,6c9b66b43663f2f7,Jinh Yu Frey,d05cb1e8d1b885d8,Y
Shara Magomedov,06734ca9d88dec3a,Bruno Silva,12ebd7d157e91701,Y
Edson Barboza,64a50dad704d1d49,Sodiq Yusuff,94426bb170c88115,Y
Viviane Araujo,36541f1e6c5d4955,Jennifer Maia,8e1f36476ef02a6a,Y
Jonathan Martinez,f2477cf43c4975cc,Adrian Yanez,0232cabbc30a2372,Y
Michel Pereira,595db60957de51d3,Andre Petroski,5f61780fe5e9b6d0,Y
Christian Rodriguez,5ec591b78349ba7e,Cameron Saaiman,3c8a5200436e19f3,Y
Darren Elkins,92a9aa9c93192871,TJ Brown,d31cbcdd7d69536d,Y
Tainara Lisboa,2c5f5749569eef66,Ravena Oliveira,4948e412fa6ab67d,Y
Terrance McKinney,809bd1a871491508,Brendon Marotte,d7fe8c6b7d2872e5,Y
Melissa Mullins,bd532e9a2b93870c,Irina Alekseeva,103e2e33a60683e1,Y
Chris Gutierrez,45f0cc9d18f35137,Alatengheili,1897b7b913736a7c,Y
Emily Ducote,02f8fedc18cbd26c,Ashley Yoder,b4c6c904a9ffc5e8,Y
King Green,887961364be5ceb3,Grant Dawson,99bd51917728c25d,Y
Joe Pyfer,c1085e1701b13eca,Abdul Razak Alhassan,eae431e70064e046,Y
Joaquin Buckley,b9437600497350f3,Alex Morono,cdb96af67d096b1e,Y
Drew Dober,519e4fe37ce9ff75,Ricky Glenn,814ff3018127e8fc,Y
Bill Algeo,9abc648e76c4493a,Alexander Hernandez,262a7d06203657e6,Y
Karolina Kowalkiewicz,d7c3816669784109,Diana Belbita,d7e40dca3ae125be,Y
Nate Maness,6e9f40c706f91f32,Mateus Mendonca,48812daf291a4e23,Y
Vanessa Demopoulos,2c483cf443f38ece,Kanako Murata,e0b0cf71e0d69dd0,Y
Aoriqileng,7d420039bbfe7c1a,Johnny Munoz,f6bcbd91b114ff58,Y
JJ Aldrich,6fd953151d981979,Montana De La Rosa,80d8aed0ca9b00f3,Y
Mateusz Gamrot,72db2a14ffa73ece,Rafael Fiziev,c814b4c899793af6,Y
Bryce Mitchell,d9c6f19f958643e9,Dan Ige,82a5152216251682,Y
Marina Rodriguez,cd2c4d30c6e13b47,Michelle Waterson-Gomez,eb04b9d31e938edb,Y
Bryan Battle,f626118b6da0e020,AJ Fletcher,725b1abc9a39d873,Y
Charles Jourdain,f1d64ae34e088832,Ricardo Ramos,1ae8f3c723aacff4,Y
Dan Argueta,e4ba58725825412d,Miles Johns,46e0d677f91bacc0,N
Tim Means,4b47e71384a9522f,Andre Fialho,33efaf2d0941cfcf,Y
Cody Brundage,f14f644d41ade29f,Jacob Malkoun,d4270315cbcf2569,Y
Mohammed Usman,da7f113b5ea39c43,Jake Collier,92fa1401b7927da3,Y
Mizuki,43a59ce3bb40449e,Hannah Goldy,26e3f3928b1891d9,Y
Montse Rendon,60193e707634e560,Tamires Vidal,4f3064faf17aa711,Y
Alexa Grasso,e8b731feff72294b,Valentina Shevchenko,132deb59abae64b1,N
Jack Della Maddalena,6b453bc35a823c3f,Kevin Holland,3a46b268013afede,Y
Raul Rosas Jr.,fe2babf95de24fb1,Terrence Mitchell,f3ca6908f78efebe,Y
Daniel Zellhuber,4148802ae4a50768,Christos Giagos,de45aaae23dfa392,Y
Kyle Nelson,31f8081c7600da93,Fernando Padilla,d2f43cfaf8ca3560,Y
Loopy Godinez,8e5d953bdb9ae5e7,Elise Reed,ac7c765882f2c68c,Y
Roman Kopylov,9d83f6da776ff7d6,Josh Fremd,ca43de99b07b6b40,Y
Edgar Chairez,5ef94841c4bc3f86,Daniel Lacerda,31bb0772f21cabd8,N
Tracy Cortez,68d4a891e5cf2029,Jasmine Jasudavicius,a9e260472d321361,Y
Charlie Campbell,b39f7a6c2be17ee8,Alex Reyes,dc07493a87dc0a6e,Y
Josefine Knutsson,971dba22c622af12,Marnic Mann,b6203e0492a9336c,Y
Sean Strickland,0d8011111be000b2,Israel Adesanya,1338e2c7480bdf9e,Y
Alexander Volkov,279566840aa55bf2,Tai Tuivasa,c62fbc117d57b943,Y
Manel Kape,5d1b7e3dd9e11074,Felipe dos Santos,5cdf5339728f580d,Y
Justin Tafa,e13abac8089a801a,Austen Lane,be9bdec19b7e9ffe,Y
Tyson Pedro,49e96ff8ab781589,Anton Turkalj,82529ce93cd9a2cf,Y
Carlos Ulberg,9014c02eff8b3d62,Da Woon Jung,74f9448b97bf8bec,Y
Chepe Mariscal,e0c6edcb5b5d0b90,Jack Jenkins,a9da3158dd2c2b5a,Y
Jamie Mullarkey,af9f42e6894047fc,John Makdessi,c21a036b4e012f1c,Y
Nasrat Haqparast,b7b84ccd221be298,Landon Quinones,267f4a6568abe245,Y
Charles Radtke,feedf3053472fe56,Blood Diamond,9edf2c9082cc2cd8,Y
Gabriel Miranda,b909a9a9688b5284,Shane Young,4cd8b03aee1d0138,Y
Kevin Jousset,dda15dbfafb792df,Kiefer Crosbie,4729c93ba705a3bf,Y
Ciryl Gane,787bb1f087ccff8a,Serghei Spivac,e2f6b2769aaedd6c,Y
Manon Fiorot,34ff304266360297,Rose Namajunas,47b63240018d5d86,Y
Benoit Saint Denis,c2299ec916bc7c56,Thiago Moises,d945aae53e3e54e6,Y
Volkan Oezdemir,0845c81e37d3bcb3,Bogdan Guskov,ef5dcb10d2bd4b0f,Y
William Gomis,e1d40e8782d80bc2,Yanis Ghemmouri,eb70e786bbdf1d16,Y
Morgan Charriere,5b03b61f9d90125e,Manolo Zecchini,fd7ab338e4953644,Y
Taylor Lapilus,8b1ed83b02303075,Caolan Loughran,42ac4020cba261ad,Y
Ange Loosa,1497e735d9f2560a,Rhys McKee,f748267c4ab6c127,Y
Nora Cornolle,f2b3f4ef3f780168,Joselyne Edwards,f9ab66e67240db7b,Y
Farid Basharat,a09ed60aa67a3f67,Kleydson Rodrigues,102a8fdf8cbf7467,Y
Jacqueline Cavalcanti,e3964ece586e0635,Zarah Fairn,862b0b3375aa4b6e,Y
Max Holloway,150ff4cc642270b9,Chan Sung Jung,c451d67c09c55418,Y
Anthony Smith,d4c9dcd330403612,Ryan Spann,a67f5afa8d6a1b80,Y
Giga Chikadze,9560ff14eb3129f7,Alex Caceres,7aa3d6964eff4877,Y
Rinya Nakamura,d8c811df0386d5e8,Fernie Garcia,9e92e1ca498d7244,Y
Erin Blanchfield,669970f7feba8ecd,Taila Santos,f7467152fd9f18a2,Y
Junior Tafa,c15fa95b9a12fde4,Parker Porter,ac40f7e3cbecdda4,Y
Waldo Cortes Acosta,fc08099550072fe4,Lukasz Brzeski,0c25d0a5e8cdbf19,Y
Garrett Armfield,1effd880e1f1bb30,Toshiomi Kazama,148bb103cfbf123e,Y
Michal Oleksiejczuk,0d65c432720accb9,Chidi Njokuani,c68c68efaa5ca6ef,Y
Song Kenan,32490e80ddab1e5a,Rolando Bedoya,40a456a25d52ee65,Y
Billy Ray Goff,fa07345cc9db5cc9,Yusaku Kinoshita,21b5c82c1b89dab1,Y
JJ Aldrich,6fd953151d981979,Liang Na,ec0dcceace7d25a3,Y
SeungWoo Choi,a68575214ecad140,Jarno Errens,082eba4cd80f736f,Y
Sean O'Malley,b50a426a33da0012,Aljamain Sterling,cb696ebfb6598724,Y
Zhang Weili,1ebe20ebbfa15e29,Amanda Lemos,3df5493bb279226f,Y
Ian Machado Garry,442c9011034ae1fd,Neil Magny,84b3e7d38f2d2ec5,Y
Mario Bautista,bc711b6dd95c1af6,Da'Mon Blackshear,da22387a0407a2dc,Y
Marlon Vera,7c7332319c14094c,Pedro Munhoz,6bd02119599741a4,Y
Brad Tavares,0c6d9ea8306c029e,Chris Weidman,3a8176e15b9887c1,Y
Gregory Rodrigues,d1c65d2cf2925ddd,Denis Tiuliulin,0112352cb32f5026,Y
Kurt Holobaugh,a7151778b3381036,Austin Hubbard,d2cd7a69cc55e7ed,Y
Brad Katona,7b433309b0fd12aa,Cody Gibson,700a674c042b7a96,Y
Andre Petroski,5f61780fe5e9b6d0,Gerald Meerschaert,6ac9bc2953c47345,Y
Natalia Silva,262d32ebda89efc4,Andrea Lee,05fa626cb33d15b8,Y
Karine Silva,9d62c2d8ee151f08,Maryna Moroz,b4192a975027aab6,Y
Vicente Luque,6d4b63c767106d3a,Rafael Dos Anjos,6a2f7c151031653d,Y
Cub Swanson,d247691a6c0e9034,Hakeem Dawodu,2c9d00968f818270,Y
Khalil Rountree Jr.,749f572d1d3161fb,Chris Daukaus,d0aaedcf7ccd0b45,Y
Iasmin Lucindo,abcf2cc6efc42031,Polyana Viana,9673a497a9da119a,Y
AJ Dobson,009c4420727149ea,Tafon Nchukwi,6aae253467e8f9ce,Y
Josh Fremd,ca43de99b07b6b40,Jamie Pickett,830f60497fab345a,Y
Marcus McGhee,c0ac37a4a1133da9,JP Buys,0b362247806341e5,Y
Terrance McKinney,809bd1a871491508,Mike Breeden,d80ee110748171ac,Y
Isaac Dulgarian,a57cb948c4c70a47,Francis Marshall,5d495dec23d7c68e,Y
Martin Buday,8eb046f83e82bf26,Josh Parisian,b5da8f7d05e85a55,Y
Jaqueline Amorim,bc7d1ad49fcb2d08,Montserrat Conejo Ruiz,1235b31de15d0c6e,Y
Da'Mon Blackshear,da22387a0407a2dc,Jose Johnson,84f727cf0166d6f2,Y
Luana Santos,5078e1dacf9d25f4,Juliana Miller,aa0c573da7119292,Y
Cory Sandhagen,65f09bacd3957381,Rob Font,05339613bf8e9808,Y
Tatiana Suarez,b08012bbe542592a,Jessica Andrade,6a1901c62ab3870f,Y
Dustin Jacoby,e4277e87a789d687,Kennedy Nzechukwu,8667caa0451d245b,Y
Diego Lopes,f166e93d04a8c274,Gavin Tucker,da816417a579a0bd,Y
Tanner Boser,04c8b08b16a5b99e,Aleksa Camur,c2a670b22d2e196f,Y
Ludovit Klein,5b86d491d63890c5,Ignacio Bahamondes,e4a47b07044ddd72,Y
Kyler Phillips,60425d07ef4b91a7,Raoni Barcelos,b9f28e7045fdfce7,Y
Carlston Harris,a53d30163304aa6e,Jeremiah Wells,d66a46de8d705353,Y
Billy Quarantillo,aa171d55d4b5208f,Damon Jackson,29af297d9f1de0f8,Y
Cody Durden,7f6ed67d3ed3c036,Jake Hadley,60a42bf82447c919,Y
Sean Woodson,4682bc59d5f55145,Dennis Buzukja,c4d039123e62f6a9,Y
Asu Almabayev,8d3273573b85be09,Ode Osbourne,6d68c1afe954f121,Y
Justin Gaethje,9e8f6c728eb01124,Dustin Poirier,029eaff01e6bb8f0,Y
Alex Pereira,e5549c82bfb5582d,Jan Blachowicz,99df7d0a2a08a8a8,Y
Derrick Lewis,d3df1add9d9a7efb,Marcos Rogerio de Lima,ab943cd2c3c17825,Y
King Green,887961364be5ceb3,Tony Ferguson,22a92d7f62195791,Y
Kevin Holland,3a46b268013afede,Michael Chiesa,c58f51dedb310998,Y
Gabriel Bonfim,01641ba5df0c69b0,Trevin Giles,b27a1fcb56a3035a,Y
CJ Vergara,077e3ace32b72be9,Vinicius Salvador,65cdf4ec31143d86,Y
Roman Kopylov,9d83f6da776ff7d6,Claudio Ribeiro,972c456ff38b2015,Y
Jake Matthews,a845f0735bc67405,Darrius Flowers,65db4065e2bc107d,Y
Uros Medic,681399317dbf4701,Matthew Semelsberger,4aa58269d0664b5b,Y
Miranda Maverick,f29a6350c69f4a33,Priscila Cachoeira,b1e5bcaad32a3cac,Y
Tom Aspinall,399afbabc02376b5,Marcin Tybura,c9cf753cfdf77fc2,Y
Julija Stoliarenko,a78a87d8c2bbb1cb,Molly McCann,51018a31ddf31eb2,Y
Nathaniel Wood,329e403448756217,Andre Fili,8fd808923cffff82,Y
Paul Craig,eabf206b162b3b83,Andre Muniz,886264a0c9f4ea5e,Y
Fares Ziam,1e4f273069fb9e85,Jai Herbert,4c88a1db5a46c6a4,Y
Lerone Murphy,396fe87b84ac2e1c,Josh Culibao,6751eacd16bd59bc,Y
Daniel Marcos,850266b3dc4e506e,Davey Grant,113df4fde64735c6,Y
Jonny Parsons,2975297f505e9447,Danny Roberts,a6cba6bb66c1a8c9,Y
Joel Alvarez,58bbef3770bb2dfc,Marc Diakiese,32c355b04fc57f3a,Y
Mick Parkin,0d5cc0170c1a7e71,Jamal Pogues,f41b9f5efc7162d6,Y
Makhmud Muradov,ea7e5bc78d9de658,Bryan Barberena,a331233f597090a5,Y
Ketlen Vieira,b9706f80d005036c,Pannie Kianzad,91dac5e69e28d5b5,Y
Chris Duncan,fd406a32a6fb3a29,Yanal Ashmouz,c739c2995a275314,Y
Bruna Brasil,7138a15258dabf20,Shauna Bannon,9c442aaf149ea982,Y
Jafel Filho,65adf3856c4d9256,Daniel Barez,e8fe9c15d348e778,Y
Holly Holm,634e2fb70bde3fd5,Mayra Bueno Silva,cc8c623cca88f54f,N
Jack Della Maddalena,6b453bc35a823c3f,Bassil Hafez,f4d92416da98804b,Y
Francisco Prado,3920d0cc288f9b0d,Ottman Azaitar,ee18ff42063174df,Y
JunYong Park,285ae0b4a68221f4,Albert Duraev,6b7c7460855dbbb9,Y
Norma Dumont,d3f5d33d61cd00c9,Chelsea Chandler,af9efbfd63d39734,Y
Nazim Sadykhov,ff62013d2fce6d13,Terrance McKinney,809bd1a871491508,Y
Melsik Baghdasaryan,a52bc1e62cf0b7c6,Tucker Lutz,7832f2f62f04178f,Y
Viktoriia Dudakova,6c9b66b43663f2f7,Istela Nunes,efc67b07eed39794,Y
Melquizael Costa,20bccc9bb4ceb23e,Austin Lingo,305d73ede05e31ad,Y
Evan Elder,d9a56ecb6e94f02e,Genaro Valdez,cda1099995b46cc2,Y
Azat Maksum,7f1bf0c255ec8756,Tyson Nam,6e00cfffd54653c4,Y
Alexander Munoz,f8f1ec513bcfef43,Carl Deaton,914a897455693650,Y
Ailin Perez,06e4245d16fc5315,Ashlee Evans-Smith,fc6e681bf6658faf,Y
Alexander Volkanovski,e1248941344b3288,Yair Rodriguez,cbf5e6f231b55443,Y
Alexandre Pantoja,a0f0004aadf10b71,Brandon Moreno,792be9a24df82ed6,Y
Dricus Du Plessis,0d7b51c9d2649a6e,Robert Whittaker,e1147d3d2dabe1ce,Y
Dan Hooker,193b9d1858bc4df3,Jalin Turner,4d8fa64202cee4c1,Y
Bo Nickal,35673bf5204524ee,Val Woodburn,7a47e068f8017019,Y
Robbie Lawler,f2925e6db404bf1d,Niko Price,d8da10db80131bec,Y
Tatsuro Taira,4461d7e47375a895,Edgar Chairez,5ef94841c4bc3f86,Y
Denise Gomes,cffb87059e645bd1,Yazmin Jauregui,40cb680ae1cd331f,Y
Alonzo Menifield,a495f599e787614f,Jimmy Crute,70e1f8a821b72c8b,Y
Vitor Petrino,71171fc96445bf65,Marcin Prachnio,6370c1c1e12723d5,Y
Cameron Saaiman,3c8a5200436e19f3,Terrence Mitchell,f3ca6908f78efebe,Y
Jesus Aguilar,c051c2e12d692b8a,Shannon Ross,51c655162e462ceb,Y
Esteban Ribovics,323d4ca260dfa0ba,Kamuela Kirk,c7d7fda69ec410d3,Y
Sean Strickland,0d8011111be000b2,Abus Magomedov,36b8f265bcd1b7a4,Y
Grant Dawson,99bd51917728c25d,Damir Ismagulov,135d124172a0bea3,Y
Michael Morales,c32aeb1a59e6272d,Max Griffin,b0d6a1d8ac3d563d,Y
Ariane da Silva,6551c64fbcd1a467,Melissa Gatto,a4a80dd7336ffd59,Y
Benoit Saint Denis,c2299ec916bc7c56,Ismael Bonfim,eb393afdbe3293d5,Y
Nursulton Ruziboev,49d2a08964c5eb11,Brunno Ferreira,1e719d4b676dc19a,Y
Rinat Fakhretdinov,8f765fd5775a8873,Kevin Lee,ee9ebceabfd16fa7,Y
Joanderson Brito,791c8437b341fba5,Westin Wilson,7b3503352cd53abb,Y
Karol Rosa,351c4ec637380ad5,Yana Santos,3143bf892608139a,Y
Elves Brener,48a9a128784d53d1,Guram Kutateladze,7772b283d288dbe2,Y
Luana Carolina,528b071cf3da7c56,Ivana Petrovic,38c5817ade8a8014,Y
Alexandr Romanov,c0badf3243907e59,Blagoy Ivanov,1788eee370f077b7,Y
Ilia Topuria,54f64b5e283b0ce7,Josh Emmett,fba03cd6cc28dc41,Y
Maycee Barber,6a740daf1b279661,Amanda Ribas,beecb672a279223e,Y
Austen Lane,be9bdec19b7e9ffe,Justin Tafa,e13abac8089a801a,N
David Onama,ffe9703408fb5964,Gabriel Santos,f2f140ce7532e327,Y
Brendan Allen,2f181c0467965b98,Bruno Silva,12ebd7d157e91701,Y
Neil Magny,84b3e7d38f2d2ec5,Phil Rowe,8e382b585a92affe,Y
Randy Brown,c6aee362c7a7d482,Wellington Turman,4dcfb28c011c11b2,Y
Mateusz Rebecki,849c5d9979df5357,Loik Radzhabov,8c169fbe1ac33637,Y
Tabatha Ricci,d25240135aee03e5,Gillian Robertson,38c7f72747f4f712,Y
Joshua Van,17e97649403ba428,Zhalgas Zhumagulov,55fa6ce3e522c8bb,Y
Chepe Mariscal,e0c6edcb5b5d0b90,Trevor Peek,0bc697c5936a2d0a,Y
Jack Jenkins,a9da3158dd2c2b5a,Jamall Emmers,e00a3dee329a51f7,Y
Sedriques Dumas,4e6738062d469256,Cody Brundage,f14f644d41ade29f,Y
Jared Cannonier,13a0275fa13c4d26,Marvin Vettori,7acbb0972e75281a,Y
Arman Tsarukyan,eae48ff31db420c2,Joaquim Silva,ae7fe94f117f98cf,Y
Armen Petrosyan,369ea36e450ae62a,Christian Leroy Duncan,a93f94c923c3a9cb,Y
Pat Sabatini,b8bbdeff718dbb7d,Lucas Almeida,710f0f8c5d5c9d41,Y
Manuel Torres,2e7878927067fdca,Nikolas Motta,37f560436d745c18,Y
Nicolas Dalby,9d19d9e4aa2662e8,Muslim Salikhov,447f9858ae78f921,Y
Alessandro Costa,3fa97913cfd205d3,Jimmy Flick,09e62c450e754913,Y
Kyung Ho Kang,a7897d200692ab64,Cristian Quinonez,7debc13b36343605,Y
Carlos Hernandez,798e48f9e7f6ba22,Denys Bondar,2526be54e6a0e62a,Y
Tereza Bleda,59c438c81fbf3ece,Gabriella Fernandes,a6eb54ae17a551be,Y
Dan Argueta,e4ba58725825412d,Ronnie Lawrence,e7e01e266a9d4342,N
Modestas Bukauskas,476fe566d2df676e,Zac Pauga,56f7d7ee06be4aab,Y
Amanda Nunes,80fa8218c99f9c58,Irene Aldana,578ef12674df1e6a,Y
Charles Oliveira,07225ba28ae309b6,Beneil Dariush,08af939f41b5a57b,Y
Mike Malott,dd6103dd7127db1d,Adam Fugitt,a01a62132460a98d,Y
Dan Ige,82a5152216251682,Nate Landwehr,583ee11abddfc581,Y
Marc-Andre Barriault,8e9eb3fc86db0f7d,Eryk Anders,cad24459b28592ca,Y
Nassourdine Imavov,881bf86d4cba8578,Chris Curtis,5442f1bc4b47eaf3,N
Jasmine Jasudavicius,a9e260472d321361,Miranda Maverick,f29a6350c69f4a33,Y
Aiemann Zahabi,24656ef4d605c96f,Aoriqileng,7d420039bbfe7c1a,Y
Kyle Nelson,31f8081c7600da93,Blake Bilder,5095b0920a3602aa,Y
Steve Erceg,32ab52e5de93092d,David Dvorak,9ada30894bf04e19,Y
Diana Belbita,d7e40dca3ae125be,Maria Oliveira,37d752ec41ed84bb,Y
Amir Albazi,6d35bf94f7d30241,Kai Kara-France,853eb0dd5c0e2149,Y
Alex Caceres,7aa3d6964eff4877,Daniel Pineda,361d49960a196976,Y
Jim Miller,d1941565abf50b16,Jesse Butler,a75a48bfe776b2c2,Y
Tim Elliott,c96d9178c9ed9e62,Victor Altamirano,dc7927cd622676a7,Y
Karine Silva,9d62c2d8ee151f08,Ketlen Souza,8bd4200561c77a62,Y
Elizeu Zaleski dos Santos,8adcbd525fab8d9b,Abubakar Nurmagomedov,029e1293e609fd74,Y
Daniel Santos,b67d6bacc68d4c92,Johnny Munoz,f6bcbd91b114ff58,Y
Don'Tale Mayes,1a9480fc288e55d7,Andrei Arlovski,3738e68d2261e60f,Y
John Castaneda,5fa2974cbd18e05c,Muin Gafurov,a54660deb6a8489c,Y
Muhammad Naimov,8d11d9c13e2ccdf7,Jamie Mullarkey,af9f42e6894047fc,Y
Elise Reed,ac7c765882f2c68c,Jinh Yu Frey,d05cb1e8d1b885d8,Y
Da'Mon Blackshear,da22387a0407a2dc,Luan Lacerda,6fc506e1099afe20,Y
Philipe Lins,53c943c873cffe90,Maxim Grishin,950d0ef5c17157c5,Y
Mackenzie Dern,7447e9f28508106a,Angela Hill,f0feeb2192937424,Y
Anthony Hernandez,093e1f5bb73850be,Edmen Shahbazyan,4144798612ef96e5,Y
Loopy Godinez,8e5d953bdb9ae5e7,Emily Ducote,02f8fedc18cbd26c,Y
Joaquin Buckley,b9437600497350f3,Andre Fialho,33efaf2d0941cfcf,Y
Diego Ferreira,f53d4f21d1b5f2dc,Michael Johnson,511e82663651438d,Y
Viacheslav Borshchev,19c591115a58982c,Maheshate,8c1ca54b5089d199,Y
Karolina Kowalkiewicz,d7c3816669784109,Vanessa Demopoulos,2c483cf443f38ece,Y
Gilbert Urbina,b12fb759e02378de,Orion Cosce,2c010b26a3306969,Y
Rodrigo Nascimento,d31a5546c0e9b213,Ilir Latifi,e9a3aeb207578eea,Y
Chase Hooper,971246648e162f0d,Nick Fiore,036e96c1c12b8a59,Y
Natalia Silva,262d32ebda89efc4,Victoria Leonardo,9dedfdd91070ddd8,Y
Themba Gorimbo,40f3cb27fc7305a1,Takashi Sato,8abac218746e04ca,Y
Jailton Almeida,41e83a89929d1327,Jairzinho Rozenstruik,2cd428e9606856fd,Y
Johnny Walker,c21f26bbde777573,Anthony Smith,d4c9dcd330403612,Y
Ian Machado Garry,442c9011034ae1fd,Daniel Rodriguez,8a1f3b5c526cd6e6,Y
Carlos Ulberg,9014c02eff8b3d62,Ihor Potieria,260bd4cef10b033f,Y
Alex Morono,cdb96af67d096b1e,Tim Means,4b47e71384a9522f,Y
Matt Brown,31123249b0bbf52e,Court McGee,523fa774700d7d3f,Y
Karl Williams,d35f734c56a89103,Chase Sherman,01b352b6a9074d5c,Y
Douglas Silva de Andrade,3a314d9fa7c6825d,Cody Stamann,bf7ad5628363eec9,Y
Mandy Bohm,297a2b35444c245b,Ji Yeon Kim,a20f234df70f2182,Y
Bryan Battle,f626118b6da0e020,Gabe Green,5eb50529a8418b77,Y
Tainara Lisboa,2c5f5749569eef66,Jessica-Rose Clark,6c8072b61c276e67,Y
Aljamain Sterling,cb696ebfb6598724,Henry Cejudo,056c493bbd76a918,Y
Belal Muhammad,b1b0729d27936f2f,Gilbert Burns,23024fdfc966410a,Y
Yan Xiaonan,c41d426cc7326d1b,Jessica Andrade,6a1901c62ab3870f,Y
Movsar Evloev,76e2870ffafbe38f,Diego Lopes,f166e93d04a8c274,Y
Charles Jourdain,f1d64ae34e088832,Kron Gracie,242d36d241b43c12,Y
Matt Frevola,dccb63727f2f5f74,Drew Dober,519e4fe37ce9ff75,Y
Kennedy Nzechukwu,8667caa0451d245b,Devin Clark,cc7040fe76f0ef91,Y
Khaos Williams,2558ae2e5671e318,Rolando Bedoya,40a456a25d52ee65,Y
Virna Jandiroba,7dda2cf308f24a02,Marina Rodriguez,cd2c4d30c6e13b47,Y
Parker Porter,ac40f7e3cbecdda4,Braxton Smith,eaa9402e5a7990ad,Y
Ikram Aliskerov,b07aed698fba8624,Phil Hawes,547afe1017e72dbe,Y
Claudio Ribeiro,972c456ff38b2015,Joseph Holmes,8d20d76af3f213ce,Y
Song Yadong,efb96bf3e9ada36f,Ricky Simon,5987b2458f4b5290,Y
Caio Borralho,4126a78111c0855a,Michal Oleksiejczuk,0d65c432720accb9,Y
Rodolfo Vieira,260e9e0d4954aea6,Cody Brundage,f14f644d41ade29f,Y
Fernando Padilla,d2f43cfaf8ca3560,Julian Erosa,902ec2cc48c8ae8a,Y
Marcos Rogerio de Lima,ab943cd2c3c17825,Waldo Cortes Acosta,fc08099550072fe4,Y
Trey Waters,31dbfbe4e7a6727c,Josh Quinlan,876f478f796495f7,Y
Martin Buday,8eb046f83e82bf26,Jake Collier,92fa1401b7927da3,Y
Cody Durden,7f6ed67d3ed3c036,Charles Johnson,814e5233e2acf2ee,Y
Irina Alekseeva,103e2e33a60683e1,Stephanie Egger,5e6294b37bbef029,Y
Marcus McGhee,c0ac37a4a1133da9,Journey Newson,78f485f851891d68,Y
Jamey-Lyn Horth,5c637af9472ae7cc,Hailey Cowan,3c26c420584d912d,Y
Sergei Pavlovich,f14cf73e51b29254,Curtis Blaydes,fa6796c55d6c5440,Y
Bruno Silva,12ebd7d157e91701,Brad Tavares,0c6d9ea8306c029e,Y
King Green,887961364be5ceb3,Jared Gordon,7026eca45f65377b,N
Iasmin Lucindo,abcf2cc6efc42031,Brogan Walker,4333a8e70a672eb7,Y
Jeremiah Wells,d66a46de8d705353,Matthew Semelsberger,4aa58269d0664b5b,Y
Christos Giagos,de45aaae23dfa392,Ricky Glenn,814ff3018127e8fc,Y
Montel Jackson,cc1a8b4b38b92c6d,Rani Yahya,94527830000ab715,Y
Norma Dumont,d3f5d33d61cd00c9,Karol Rosa,351c4ec637380ad5,Y
Mohammed Usman,da7f113b5ea39c43,Junior Tafa,c15fa95b9a12fde4,Y
William Gomis,e1d40e8782d80bc2,Francis Marshall,5d495dec23d7c68e,Y
Brady Hiestand,7af33fc4435017f1,Batgerel Danaa,3b0a516d2921e0d6,Y
Max Holloway,150ff4cc642270b9,Arnold Allen,040a74bb0a465c54,Y
Edson Barboza,64a50dad704d1d49,Billy Quarantillo,aa171d55d4b5208f,Y
Azamat Murzakanov,e90a2f22417af68e,Dustin Jacoby,e4277e87a789d687,Y
Ion Cutelaba,cd13728ae1151f46,Tanner Boser,04c8b08b16a5b99e,Y
Pedro Munhoz,6bd02119599741a4,Chris Gutierrez,45f0cc9d18f35137,Y
Rafa Garcia,e132d47bd9efbbe0,Clay Guida,c47df9303d318c67,Y
Bill Algeo,9abc648e76c4493a,TJ Brown,d31cbcdd7d69536d,Y
Brandon Royval,6e15f63b6c2e2c15,Matheus Nicolau,1a31ef98efce7a79,Y
Zak Cummings,4ba8d454f762005d,Ed Herman,06f36cf4bd97ec77,Y
Gillian Robertson,38c7f72747f4f712,Piera Rodriguez,e375cb5caf4717b6,Y
Daniel Zellhuber,4148802ae4a50768,Lando Vannata,f9b200db02b488d9,Y
Denise Gomes,cffb87059e645bd1,Bruna Brasil,7138a15258dabf20,Y
Gaston Bolanos,96924b0019b3aff1,Aaron Phillips,34c2b3656f88f7ef,Y
Joselyne Edwards,f9ab66e67240db7b,Lucie Pudilova,3cf66c62d9069f43,Y
Israel Adesanya,1338e2c7480bdf9e,Alex Pereira,e5549c82bfb5582d,Y
Gilbert Burns,23024fdfc966410a,Jorge Masvidal,47b9e0e7703a4868,Y
Rob Font,05339613bf8e9808,Adrian Yanez,0232cabbc30a2372,Y
Kevin Holland,3a46b268013afede,Santiago Ponzinibbio,6d1bffff14897645,Y
Christian Rodriguez,5ec591b78349ba7e,Raul Rosas Jr.,fe2babf95de24fb1,Y
Kelvin Gastelum,8c0580d4fff106c1,Chris Curtis,5442f1bc4b47eaf3,Y
Luana Pinheiro,a3a542074109b347,Michelle Waterson-Gomez,eb04b9d31e938edb,Y
Joe Pyfer,c1085e1701b13eca,Gerald Meerschaert,6ac9bc2953c47345,Y
Loopy Godinez,8e5d953bdb9ae5e7,Cynthia Calvillo,98215d037be5bcb7,Y
Ignacio Bahamondes,e4a47b07044ddd72,Trey Ogden,cfc3e7bb44685289,Y
Steve Garcia,97cf1a2c7c5e7889,Shayilan Nuerdanbieke,0a73acff6325c1e2,Y
Sam Hughes,e94085e821bd81de,Jaqueline Amorim,bc7d1ad49fcb2d08,Y
Cory Sandhagen,65f09bacd3957381,Marlon Vera,7c7332319c14094c,Y
Holly Holm,634e2fb70bde3fd5,Yana Santos,3143bf892608139a,Y
Nate Landwehr,583ee11abddfc581,Austin Lingo,305d73ede05e31ad,Y
Maycee Barber,6a740daf1b279661,Andrea Lee,05fa626cb33d15b8,Y
Albert Duraev,6b7c7460855dbbb9,Chidi Njokuani,c68c68efaa5ca6ef,Y
Daniel Pineda,361d49960a196976,Tucker Lutz,7832f2f62f04178f,Y
Lucas Alexander,11583163f45c7b31,Steven Peterson,b93c06d09d1c4ac0,Y
Trevin Giles,b27a1fcb56a3035a,Preston Parsons,9fe7af8b3fbe00a0,Y
CJ Vergara,077e3ace32b72be9,Daniel Lacerda,31bb0772f21cabd8,Y
Victor Altamirano,dc7927cd622676a7,Vinicius Salvador,65cdf4ec31143d86,Y
Leon Edwards,f1fac969a1d70b08,Kamaru Usman,f1b2aa7853d1ed6e,Y
Justin Gaethje,9e8f6c728eb01124,Rafael Fiziev,c814b4c899793af6,Y
Gunnar Nelson,fd55393021a8c255,Bryan Barberena,a331233f597090a5,Y
Jennifer Maia,8e1f36476ef02a6a,Casey O'Neill,04835018f90b118c,Y
Marvin Vettori,7acbb0972e75281a,Roman Dolidze,327d5f279895110d,Y
Jack Shore,b8a85389d115e35a,Makwan Amirkhani,87a1dc546b1c5caf,Y
Chris Duncan,fd406a32a6fb3a29,Omar Morales,a0e6753c42698f13,Y
Yanal Ashmouz,c739c2995a275314,Sam Patterson,8b6e5dc2ba1edbe7,Y
Muhammad Mokaev,75353550928a7921,Jafel Filho,65adf3856c4d9256,Y
Lerone Murphy,396fe87b84ac2e1c,Gabriel Santos,f2f140ce7532e327,Y
Christian Leroy Duncan,a93f94c923c3a9cb,Dusko Todorovic,866fd7b1a6c90e7f,Y
Jake Hadley,60a42bf82447c919,Malcolm Gordon,dee294e9717012c2,Y
Joanne Wood,12f91bfa8f1f723b,Luana Carolina,528b071cf3da7c56,Y
Jai Herbert,4c88a1db5a46c6a4,Ludovit Klein,5b86d491d63890c5,N
Veronica Hardy,4798e823ada58fe9,Juliana Miller,aa0c573da7119292,Y
Merab Dvalishvili,c03520b5c88ed6b4,Petr Yan,d661ce4da776fc20,Y
Alexander Volkov,279566840aa55bf2,Alexandr Romanov,c0badf3243907e59,Y
Nikita Krylov,1091d4d957141094,Ryan Spann,a67f5afa8d6a1b80,Y
Jonathan Martinez,f2477cf43c4975cc,Said Nurmagomedov,0fd5f4b838e890cc,Y
Mario Bautista,bc711b6dd95c1af6,Guido Cannetti,d05412b513b19621,Y
Vitor Petrino,71171fc96445bf65,Anton Turkalj,82529ce93cd9a2cf,Y
Karl Williams,d35f734c56a89103,Lukasz Brzeski,0c25d0a5e8cdbf19,Y
Davey Grant,113df4fde64735c6,Raphael Assuncao,2f13e4020cea5b38,Y
Josh Fremd,ca43de99b07b6b40,Sedriques Dumas,4e6738062d469256,Y
Victor Henry,eb8d8c2a95cfccb8,Tony Gravely,601964f9654f911a,Y
Ariane da Silva,6551c64fbcd1a467,JJ Aldrich,6fd953151d981979,Y
Bruno Silva,294aa73dbf37d281,Tyson Nam,6e00cfffd54653c4,Y
Carlston Harris,a53d30163304aa6e,Jared Gooden,c730a0be691dc081,Y
Jon Jones,07f72a2a7591b409,Ciryl Gane,787bb1f087ccff8a,Y
Alexa Grasso,e8b731feff72294b,Valentina Shevchenko,132deb59abae64b1,Y
Shavkat Rakhmonov,01afe0916a40c7c5,Geoff Neal,b997be68943010fc,Y
Mateusz Gamrot,72db2a14ffa73ece,Jalin Turner,4d8fa64202cee4c1,Y
Bo Nickal,35673bf5204524ee,Jamie Pickett,830f60497fab345a,Y
Cody Garbrandt,d8c7c61b176e3994,Trevin Jones,ec23c1be628d8057,Y
Dricus Du Plessis,0d7b51c9d2649a6e,Derek Brunson,b1a3e0aca758b322,Y
Amanda Ribas,beecb672a279223e,Viviane Araujo,36541f1e6c5d4955,Y
Marc-Andre Barriault,8e9eb3fc86db0f7d,Julian Marquez,d0e1b42d41dab603,Y
Ian Machado Garry,442c9011034ae1fd,Song Kenan,32490e80ddab1e5a,Y
Cameron Saaiman,3c8a5200436e19f3,Mana Martinez,c0386644627a7ee5,Y
Tabatha Ricci,d25240135aee03e5,Jessica Penne,c742287ed86a09bc,Y
Farid Basharat,a09ed60aa67a3f67,Da'Mon Blackshear,da22387a0407a2dc,Y
Loik Radzhabov,8c169fbe1ac33637,Esteban Ribovics,323d4ca260dfa0ba,Y
Brendan Allen,2f181c0467965b98,Andre Muniz,886264a0c9f4ea5e,Y
Augusto Sakai,441eacbe20e0e80b,Don'Tale Mayes,1a9480fc288e55d7,Y
Tatiana Suarez,b08012bbe542592a,Montana De La Rosa,80d8aed0ca9b00f3,Y
Mike Malott,dd6103dd7127db1d,Yohan Lainesse,f998f5c102250d6e,Y
Trevor Peek,0bc697c5936a2d0a,Erick Gonzalez,a2ccf35a88346a91,Y
Jasmine Jasudavicius,a9e260472d321361,Gabriella Fernandes,a6eb54ae17a551be,Y
Jordan Leavitt,ac026518a9b4dc0f,Victor Martinez,3e708ce33b6b18e6,Y
Ode Osbourne,6d68c1afe954f121,Charles Johnson,814e5233e2acf2ee,Y
Joe Solecki,af65aa688d13eedf,Carl Deaton,914a897455693650,Y
Nurullo Aliev,ca28cdf526d6b6e9,Rafael Alves,029afd138865d20a,Y
Erin Blanchfield,669970f7feba8ecd,Jessica Andrade,6a1901c62ab3870f,Y
Zac Pauga,56f7d7ee06be4aab,Jordan Wright,c878270af633eb11,Y
Jamal Pogues,f41b9f5efc7162d6,Josh Parisian,b5da8f7d05e85a55,Y
Marcin Prachnio,6370c1c1e12723d5,William Knight,5da33b8fbfa5ee95,Y
Alexander Hernandez,262a7d06203657e6,Jim Miller,d1941565abf50b16,Y
Nazim Sadykhov,ff62013d2fce6d13,Evan Elder,d9a56ecb6e94f02e,Y
Mayra Bueno Silva,cc8c623cca88f54f,Lina Lansberg,2eeaefbfc7f9fcff,Y
Jamall Emmers,e00a3dee329a51f7,Khusein Askhabov,5c10da56d712ac9c,Y
Philipe Lins,53c943c873cffe90,Ovince Saint Preux,50db8711c70196cd,Y
AJ Fletcher,725b1abc9a39d873,Themba Gorimbo,40f3cb27fc7305a1,Y
Clayton Carpenter,b62d5280966b2460,Juancamilo Ronderos,4a043165cf47cab2,Y
Islam Makhachev,275aca31f61ba28c,Alexander Volkanovski,e1248941344b3288,Y
Yair Rodriguez,cbf5e6f231b55443,Josh Emmett,fba03cd6cc28dc41,Y
Jack Della Maddalena,6b453bc35a823c3f,Randy Brown,c6aee362c7a7d482,Y
Justin Tafa,e13abac8089a801a,Parker Porter,ac40f7e3cbecdda4,Y
Jimmy Crute,70e1f8a821b72c8b,Alonzo Menifield,a495f599e787614f,N
Modestas Bukauskas,476fe566d2df676e,Tyson Pedro,49e96ff8ab781589,Y
Josh Culibao,6751eacd16bd59bc,Melsik Baghdasaryan,a52bc1e62cf0b7c6,Y
Kleydson Rodrigues,102a8fdf8cbf7467,Shannon Ross,51c655162e462ceb,Y
Jamie Mullarkey,af9f42e6894047fc,Francisco Prado,3920d0cc288f9b0d,Y
Jack Jenkins,a9da3158dd2c2b5a,Don Shainis,da4628f173337902,Y
Loma Lookboonmee,4e30e4250cb08b61,Elise Reed,ac7c765882f2c68c,Y
Blake Bilder,5095b0920a3602aa,Shane Young,4cd8b03aee1d0138,Y
Elves Brener,48a9a128784d53d1,Zubaira Tukhugov,aceffa19749c4dc0,Y
Serghei Spivac,e2f6b2769aaedd6c,Derrick Lewis,d3df1add9d9a7efb,Y
Devin Clark,cc7040fe76f0ef91,Da Woon Jung,74f9448b97bf8bec,Y
Marcin Tybura,c9cf753cfdf77fc2,Blagoy Ivanov,1788eee370f077b7,Y
Dooho Choi,e93b04e308913c2e,Kyle Nelson,31f8081c7600da93,N
Adam Fugitt,a01a62132460a98d,Yusaku Kinoshita,21b5c82c1b89dab1,Y
Anshul Jubli,a72a2a769fa5a2be,Jeka Saragih,57186c150c645200,Y
JeongYeong Lee,d008d785f6347dc2,Yizha,3f11fd1751fa83b1,Y
Rinya Nakamura,d8c811df0386d5e8,Toshiomi Kazama,148bb103cfbf123e,Y
HyunSung Park,b671bdf981ad527d,SeungGuk Choi,adccbc19b22e19af,Y
JunYong Park,285ae0b4a68221f4,Denis Tiuliulin,0112352cb32f5026,Y
Tatsuro Taira,4461d7e47375a895,Jesus Aguilar,c051c2e12d692b8a,Y
Jamahal Hill,5444c5a201d3ee5a,Glover Teixeira,7ff97850e8c32bda,Y
Brandon Moreno,792be9a24df82ed6,Deiveson Figueiredo,aa72b0f831d0bfe5,Y
Gilbert Burns,23024fdfc966410a,Neil Magny,84b3e7d38f2d2ec5,Y
Jessica Andrade,6a1901c62ab3870f,Lauren Murphy,729d4bd5a6cd0a97,Y
Johnny Walker,c21f26bbde777573,Paul Craig,eabf206b162b3b83,Y
Ihor Potieria,260bd4cef10b033f,Mauricio Rua,140745cbbcb023ac,Y
Brunno Ferreira,1e719d4b676dc19a,Gregory Rodrigues,d1c65d2cf2925ddd,Y
Thiago Moises,d945aae53e3e54e6,Melquizael Costa,20bccc9bb4ceb23e,Y
Gabriel Bonfim,01641ba5df0c69b0,Mounir Lazzez,49ee5024966efc0d,Y
Jailton Almeida,41e83a89929d1327,Shamil Abdurakhimov,2f5cbecbbe18bac4,Y
Cody Stamann,bf7ad5628363eec9,Luan Lacerda,6fc506e1099afe20,Y
Ismael Bonfim,eb393afdbe3293d5,Terrance McKinney,809bd1a871491508,Y
Nicolas Dalby,9d19d9e4aa2662e8,Warlley Alves,d317a5e2b3f88c5f,Y
Josiane Nunes,68d35296f566792b,Zarah Fairn,862b0b3375aa4b6e,Y
Daniel Marcos,850266b3dc4e506e,Saimon Oliveira,72ea1984c52019b5,Y
Sean Strickland,0d8011111be000b2,Nassourdine Imavov,881bf86d4cba8578,Y
Dan Ige,82a5152216251682,Damon Jackson,29af297d9f1de0f8,Y
Roman Kopylov,9d83f6da776ff7d6,Punahele Soriano,64facb6cc564262d,Y
Raquel Pennington,fc169c387b4b465d,Ketlen Vieira,b9706f80d005036c,Y
Umar Nurmagomedov,2b6fc1c02736833d,Raoni Barcelos,b9f28e7045fdfce7,Y
Javid Basharat,bbab3baf66128ae2,Mateus Mendonca,48812daf291a4e23,Y
Abdul Razak Alhassan,eae431e70064e046,Claudio Ribeiro,972c456ff38b2015,Y
Mateusz Rebecki,849c5d9979df5357,Nick Fiore,036e96c1c12b8a59,Y
Allan Nascimento,253076a23d03dcd0,Carlos Hernandez,798e48f9e7f6ba22,Y
Dan Argueta,e4ba58725825412d,Nick Aguirre,0978385b2bd9ef9b,Y
Charles Johnson,814e5233e2acf2ee,Jimmy Flick,09e62c450e754913,Y
Jared Cannonier,13a0275fa13c4d26,Sean Strickland,0d8011111be000b2,Y
Arman Tsarukyan,eae48ff31db420c2,Damir Ismagulov,135d124172a0bea3,Y
Amir Albazi,6d35bf94f7d30241,Alessandro Costa,3fa97913cfd205d3,Y
Alex Caceres,7aa3d6964eff4877,Julian Erosa,902ec2cc48c8ae8a,Y
Drew Dober,519e4fe37ce9ff75,King Green,887961364be5ceb3,Y
Michal Oleksiejczuk,0d65c432720accb9,Cody Brundage,f14f644d41ade29f,Y
Cory McKenna,3351aa64aa83c4d9,Cheyanne Vlismas,4959f10a62f3fec3,Y
Matthew Semelsberger,4aa58269d0664b5b,Jake Matthews,a845f0735bc67405,Y
Said Nurmagomedov,0fd5f4b838e890cc,Saidyokub Kakhramonov,50a28b9f8314e008,Y
Rafa Garcia,e132d47bd9efbbe0,Maheshate,8c1ca54b5089d199,Y
Rinat Fakhretdinov,8f765fd5775a8873,Bryan Battle,f626118b6da0e020,Y
Manel Kape,5d1b7e3dd9e11074,David Dvorak,9ada30894bf04e19,Y
Sergey Morozov,2f6a993c7f547c13,Journey Newson,78f485f851891d68,Y
Jan Blachowicz,99df7d0a2a08a8a8,Magomed Ankalaev,d802174b0c0c1f4e,N
Paddy Pimblett,7826923b47f8d72a,Jared Gordon,7026eca45f65377b,Y
Santiago Ponzinibbio,6d1bffff14897645,Alex Morono,cdb96af67d096b1e,Y
Dricus Du Plessis,0d7b51c9d2649a6e,Darren Till,9ce6d5a03af801b7,Y
Ilia Topuria,54f64b5e283b0ce7,Bryce Mitchell,d9c6f19f958643e9,Y
Raul Rosas Jr.,fe2babf95de24fb1,Jay Perrin,01fed6f61ebea01f,Y
Jairzinho Rozenstruik,2cd428e9606856fd,Chris Daukaus,d0aaedcf7ccd0b45,Y
Edmen Shahbazyan,4144798612ef96e5,Dalcha Lungiambula,ce632027bf2a871b,Y
Chris Curtis,5442f1bc4b47eaf3,Joaquin Buckley,b9437600497350f3,Y
Billy Quarantillo,aa171d55d4b5208f,Alexander Hernandez,262a7d06203657e6,Y
TJ Brown,d31cbcdd7d69536d,Erik Silva,21b813b919776d90,Y
Cameron Saaiman,3c8a5200436e19f3,Steven Koslow,84512339473dd300,Y
Stephen Thompson,4a28cb716c19157a,Kevin Holland,3a46b268013afede,Y
Rafael Dos Anjos,6a2f7c151031653d,Bryan Barberena,a331233f597090a5,Y
Matheus Nicolau,1a31ef98efce7a79,Matt Schnell,67c1d46f4ed16f9e,Y
Sergei Pavlovich,f14cf73e51b29254,Tai Tuivasa,c62fbc117d57b943,Y
Roman Dolidze,327d5f279895110d,Jack Hermansson,0a1942069c9ad6b6,Y
Eryk Anders,cad24459b28592ca,Kyle Daukaus,d6c0cdd7e467c440,Y
Phil Rowe,8e382b585a92affe,Niko Price,d8da10db80131bec,Y
Angela Hill,f0feeb2192937424,Emily Ducote,02f8fedc18cbd26c,Y
Clay Guida,c47df9303d318c67,Scott Holtzman,df1eb4354d18a906,Y
Michael Johnson,511e82663651438d,Marc Diakiese,32c355b04fc57f3a,Y
Jonathan Pearce,87c0b1c696ddfb43,Darren Elkins,92a9aa9c93192871,Y
Natan Levy,a29db9cd4f9ccea5,Genaro Valdez,cda1099995b46cc2,Y
Francis Marshall,5d495dec23d7c68e,Marcelo Rojo,2804ce8dadab5770,Y
Yazmin Jauregui,40cb680ae1cd331f,Istela Nunes,efc67b07eed39794,Y
Kennedy Nzechukwu,8667caa0451d245b,Ion Cutelaba,cd13728ae1151f46,Y
Waldo Cortes Acosta,fc08099550072fe4,Chase Sherman,01b352b6a9074d5c,Y
Muslim Salikhov,447f9858ae78f921,Andre Fialho,33efaf2d0941cfcf,Y
Jack Della Maddalena,6b453bc35a823c3f,Danny Roberts,a6cba6bb66c1a8c9,Y
Charles Johnson,814e5233e2acf2ee,Zhalgas Zhumagulov,55fa6ce3e522c8bb,Y
Jennifer Maia,8e1f36476ef02a6a,Maryna Moroz,b4192a975027aab6,Y
Miles Johns,46e0d677f91bacc0,Vince Morales,37098a6e6c27fb66,Y
Ricky Turcios,cd3d7e37ff2d679c,Kevin Natividad,0c258d1d8e16e5f1,Y
Vanessa Demopoulos,2c483cf443f38ece,Maria Oliveira,37d752ec41ed84bb,Y
Brady Hiestand,7af33fc4435017f1,Fernie Garcia,9e92e1ca498d7244,Y
Natalia Silva,262d32ebda89efc4,Tereza Bleda,59c438c81fbf3ece,Y
Alex Pereira,e5549c82bfb5582d,Israel Adesanya,1338e2c7480bdf9e,Y
Zhang Weili,1ebe20ebbfa15e29,Carla Esparza,d910665038efc639,Y
Dustin Poirier,029eaff01e6bb8f0,Michael Chandler,4b93a88f3b1de35b,Y
Chris Gutierrez,45f0cc9d18f35137,Frankie Edgar,f2688492b9a525a3,Y
Dan Hooker,193b9d1858bc4df3,Claudio Puelles,d747eb273a40a920,Y
Renato Moicano,b6452706b373eea1,Brad Riddell,37ed1ab2f8b819f4,Y
Ryan Spann,a67f5afa8d6a1b80,Dominick Reyes,2e19380f34871c6a,Y
Erin Blanchfield,669970f7feba8ecd,Molly McCann,51018a31ddf31eb2,Y
Andre Petroski,5f61780fe5e9b6d0,Wellington Turman,4dcfb28c011c11b2,Y
Matt Frevola,dccb63727f2f5f74,Ottman Azaitar,ee18ff42063174df,Y
Karolina Kowalkiewicz,d7c3816669784109,Silvana Gomez Juarez,b4880ef2f838d4e1,Y
Michael Trizano,5bf31a46becc1204,SeungWoo Choi,a68575214ecad140,Y
Montel Jackson,cc1a8b4b38b92c6d,Julio Arce,1291edf2d566a71a,Y
Carlos Ulberg,9014c02eff8b3d62,Nicolae Negumereanu,8c57c7b8c3bab0eb,Y
Amanda Lemos,3df5493bb279226f,Marina Rodriguez,cd2c4d30c6e13b47,Y
Neil Magny,84b3e7d38f2d2ec5,Daniel Rodriguez,8a1f3b5c526cd6e6,Y
Shayilan Nuerdanbieke,0a73acff6325c1e2,Darrick Minner,34e516ab361afb1c,Y
Tagir Ulanbekov,f00ac08ab056af5d,Nate Maness,6e9f40c706f91f32,Y
Grant Dawson,99bd51917728c25d,Mark Madsen,da0995f19b749cfa,Y
Miranda Maverick,f29a6350c69f4a33,Shanna Young,568bbad0eaced57c,Y
Mario Bautista,bc711b6dd95c1af6,Benito Lopez,773f7feacf96153e,Y
Polyana Viana,9673a497a9da119a,Jinh Yu Frey,d05cb1e8d1b885d8,Y
Johnny Munoz,f6bcbd91b114ff58,Liudvik Sholinian,1a54231796e24a3f,Y
Jake Hadley,60a42bf82447c919,Carlos Candelario,760a55d5b6098cbe,Y
Tamires Vidal,4f3064faf17aa711,Ramona Pascual,3eb4dc9a7d4ac906,Y
Arnold Allen,040a74bb0a465c54,Calvin Kattar,751de04455cfaac0,Y
Max Griffin,b0d6a1d8ac3d563d,Tim Means,4b47e71384a9522f,Y
Waldo Cortes Acosta,fc08099550072fe4,Jared Vanderaa,2b68d9f125d07b42,Y
Tresean Gore,147e70aa6cc48cfc,Josh Fremd,ca43de99b07b6b40,Y
Khalil Rountree Jr.,749f572d1d3161fb,Dustin Jacoby,e4277e87a789d687,Y
Roman Dolidze,327d5f279895110d,Phil Hawes,547afe1017e72dbe,Y
Marcos Rogerio de Lima,ab943cd2c3c17825,Andrei Arlovski,3738e68d2261e60f,Y
JunYong Park,285ae0b4a68221f4,Joseph Holmes,8d20d76af3f213ce,Y
Steve Garcia,97cf1a2c7c5e7889,Chase Hooper,971246648e162f0d,Y
Cody Durden,7f6ed67d3ed3c036,Carlos Mota,b15862fcd6ded451,Y
Christian Rodriguez,5ec591b78349ba7e,Joshua Weems,69888118d968ba52,Y
Islam Makhachev,275aca31f61ba28c,Charles Oliveira,07225ba28ae309b6,Y
Aljamain Sterling,cb696ebfb6598724,TJ Dillashaw,c849740a3ff51931,Y
Sean O'Malley,b50a426a33da0012,Petr Yan,d661ce4da776fc20,Y
Beneil Dariush,08af939f41b5a57b,Mateusz Gamrot,72db2a14ffa73ece,Y
Manon Fiorot,34ff304266360297,Katlyn Cerminara,e872e9a9a902c045,Y
Belal Muhammad,b1b0729d27936f2f,Sean Brady,45f7cb591c3ab00b,Y
Caio Borralho,4126a78111c0855a,Makhmud Muradov,ea7e5bc78d9de658,Y
Nikita Krylov,1091d4d957141094,Volkan Oezdemir,0845c81e37d3bcb3,Y
Abubakar Nurmagomedov,029e1293e609fd74,Gadzhi Omargadzhiev,684d3aee255a3d09,Y
Armen Petrosyan,369ea36e450ae62a,AJ Dobson,009c4420727149ea,Y
Muhammad Mokaev,75353550928a7921,Malcolm Gordon,dee294e9717012c2,Y
Karol Rosa,351c4ec637380ad5,Lina Lansberg,2eeaefbfc7f9fcff,Y
Alexa Grasso,e8b731feff72294b,Viviane Araujo,36541f1e6c5d4955,Y
Jonathan Martinez,f2477cf43c4975cc,Cub Swanson,d247691a6c0e9034,Y
Dusko Todorovic,866fd7b1a6c90e7f,Jordan Wright,c878270af633eb11,Y
Raphael Assuncao,2f13e4020cea5b38,Victor Henry,eb8d8c2a95cfccb8,Y
Alonzo Menifield,a495f599e787614f,Misha Cirkunov,67f272324a030d00,Y
Mana Martinez,c0386644627a7ee5,Brandon Davis,cc351e408bbb7d43,Y
Jacob Malkoun,d4270315cbcf2569,Nick Maximov,12585614e0ed2626,Y
Joanderson Brito,791c8437b341fba5,Lucas Alexander,11583163f45c7b31,Y
Piera Rodriguez,e375cb5caf4717b6,Sam Hughes,e94085e821bd81de,Y
Tatsuro Taira,4461d7e47375a895,CJ Vergara,077e3ace32b72be9,Y
Pete Rodriguez,776d4262c4da38bf,Mike Jackson,0641c21bec209472,Y
Yan Xiaonan,c41d426cc7326d1b,Mackenzie Dern,7447e9f28508106a,Y
Randy Brown,c6aee362c7a7d482,Francisco Trinaldo,a8283a4f415e1eb9,Y
Raoni Barcelos,b9f28e7045fdfce7,Trevin Jones,ec23c1be628d8057,Y
Sodiq Yusuff,94426bb170c88115,Don Shainis,da4628f173337902,Y
Mike Davis,fb3e61720be4690c,Viacheslav Borshchev,19c591115a58982c,Y
Daniel Santos,b67d6bacc68d4c92,John Castaneda,5fa2974cbd18e05c,Y
Ilir Latifi,e9a3aeb207578eea,Aleksei Oleinik,98c23cb6da5b3352,Y
Joaquim Silva,ae7fe94f117f98cf,Jesse Ronson,5580771f383e141f,Y
Brendan Allen,2f181c0467965b98,Krzysztof Jotko,4e06913c91da5200,Y
Chelsea Chandler,af9efbfd63d39734,Julija Stoliarenko,a78a87d8c2bbb1cb,Y
Guido Cannetti,d05412b513b19621,Randy Costa,325ad0dd9126d3df,Y
Cory Sandhagen,65f09bacd3957381,Song Yadong,efb96bf3e9ada36f,Y
Gregory Rodrigues,d1c65d2cf2925ddd,Chidi Njokuani,c68c68efaa5ca6ef,Y
Andre Fili,8fd808923cffff82,Bill Algeo,9abc648e76c4493a,Y
Joe Pyfer,c1085e1701b13eca,Alen Amedovski,70fa1c64a2c439ef,Y
Rodrigo Nascimento,d31a5546c0e9b213,Tanner Boser,04c8b08b16a5b99e,Y
Anthony Hernandez,093e1f5bb73850be,Marc-Andre Barriault,8e9eb3fc86db0f7d,Y
Damon Jackson,29af297d9f1de0f8,Pat Sabatini,b8bbdeff718dbb7d,Y
Trevin Giles,b27a1fcb56a3035a,Louis Cosce,afe8d5b39ff7fca2,Y
Loma Lookboonmee,4e30e4250cb08b61,Denise Gomes,cffb87059e645bd1,Y
Trey Ogden,cfc3e7bb44685289,Daniel Zellhuber,4148802ae4a50768,Y
Gillian Robertson,38c7f72747f4f712,Mariya Agapova,a08ddd04eaffd81d,Y
Javid Basharat,bbab3baf66128ae2,Tony Gravely,601964f9654f911a,Y
Nikolas Motta,37f560436d745c18,Cameron VanCamp,87e2468b986ebb79,Y
Nate Diaz,8355922d564b152c,Tony Ferguson,22a92d7f62195791,Y
Khamzat Chimaev,767755fd74662dbf,Kevin Holland,3a46b268013afede,Y
Daniel Rodriguez,8a1f3b5c526cd6e6,Li Jingliang,e64b96c07d7ce999,Y
Irene Aldana,578ef12674df1e6a,Macy Chiasson,9cdd2da1a9104a0b,Y
Johnny Walker,c21f26bbde777573,Ion Cutelaba,cd13728ae1151f46,Y
Julian Erosa,902ec2cc48c8ae8a,Hakeem Dawodu,2c9d00968f818270,Y
Jailton Almeida,41e83a89929d1327,Anton Turkalj,82529ce93cd9a2cf,Y
Denis Tiuliulin,0112352cb32f5026,Jamie Pickett,830f60497fab345a,Y
Chris Barnett,7a5e8c94a86f9895,Jake Collier,92fa1401b7927da3,Y
Norma Dumont,d3f5d33d61cd00c9,Danyelle Wolf,a7e3f02fe2b2fe30,Y
Alatengheili,1897b7b913736a7c,Chad Anheliger,c7c39e2fb70248b3,Y
Elise Reed,ac7c765882f2c68c,Melissa Martinez,3f4c3bc822bea45d,Y
Yohan Lainesse,f998f5c102250d6e,Darian Weeks,326a001926ffb7ec,Y
Ciryl Gane,787bb1f087ccff8a,Tai Tuivasa,c62fbc117d57b943,Y
Robert Whittaker,e1147d3d2dabe1ce,Marvin Vettori,7acbb0972e75281a,Y
Nassourdine Imavov,881bf86d4cba8578,Joaquin Buckley,b9437600497350f3,Y
Roman Kopylov,9d83f6da776ff7d6,Alessio Di Chirico,77d7295d1b22c694,Y
William Gomis,e1d40e8782d80bc2,Jarno Errens,082eba4cd80f736f,Y
Nathaniel Wood,329e403448756217,Charles Jourdain,f1d64ae34e088832,Y
Abus Magomedov,36b8f265bcd1b7a4,Dustin Stoltzfus,71505842fb6455c3,Y
Nasrat Haqparast,b7b84ccd221be298,John Makdessi,c21a036b4e012f1c,Y
Fares Ziam,1e4f273069fb9e85,Michal Figlak,b4c57a8c2b773e82,Y
Benoit Saint Denis,c2299ec916bc7c56,Gabriel Miranda,b909a9a9688b5284,Y
Cristian Quinonez,7debc13b36343605,Khalid Taha,b4537562f88ac582,Y
Stephanie Egger,5e6294b37bbef029,Ailin Perez,06e4245d16fc5315,Y
Leon Edwards,f1fac969a1d70b08,Kamaru Usman,f1b2aa7853d1ed6e,Y
Paulo Costa,2e5c2aa8e4ab9d82,Luke Rockhold,00e11b5c8b7bfeeb,Y
Merab Dvalishvili,c03520b5c88ed6b4,Jose Aldo,d0f3959b4a9747e6,Y
Lucie Pudilova,3cf66c62d9069f43,Wu Yanan,fdbefee0827e1567,Y
Tyson Pedro,49e96ff8ab781589,Harry Hunsucker,f703250471acaf96,Y
Marcin Tybura,c9cf753cfdf77fc2,Alexandr Romanov,c0badf3243907e59,Y
Jared Gordon,7026eca45f65377b,Leonardo Santos,9c65736747ca92ec,Y
Sean Woodson,4682bc59d5f55145,Luis Saldana,12e0fdc606f7e274,N
Ange Loosa,1497e735d9f2560a,AJ Fletcher,725b1abc9a39d873,Y
Amir Albazi,6d35bf94f7d30241,Francisco Figueiredo,cdadae5363b66eef,Y
Aoriqileng,7d420039bbfe7c1a,Jay Perrin,01fed6f61ebea01f,Y
Victor Altamirano,dc7927cd622676a7,Daniel Lacerda,31bb0772f21cabd8,Y
Marlon Vera,7c7332319c14094c,Dominick Cruz,10f3ba6cd2f44a97,Y
Nate Landwehr,583ee11abddfc581,David Onama,ffe9703408fb5964,Y
Yazmin Jauregui,40cb680ae1cd331f,Iasmin Lucindo,abcf2cc6efc42031,Y
Azamat Murzakanov,e90a2f22417af68e,Devin Clark,cc7040fe76f0ef91,Y
Priscila Cachoeira,b1e5bcaad32a3cac,Ariane da Silva,6551c64fbcd1a467,Y
Gerald Meerschaert,6ac9bc2953c47345,Bruno Silva,12ebd7d157e91701,Y
Angela Hill,f0feeb2192937424,Loopy Godinez,8e5d953bdb9ae5e7,Y
Martin Buday,8eb046f83e82bf26,Lukasz Brzeski,0c25d0a5e8cdbf19,Y
Nina Nunes,d343df8ba11f4c4e,Cynthia Calvillo,98215d037be5bcb7,Y
Gabriel Benitez,436f970c9ea9169c,Charlie Ontiveros,318572f6f74b760d,Y
Tyson Nam,6e00cfffd54653c4,Ode Osbourne,6d68c1afe954f121,Y
Josh Quinlan,876f478f796495f7,Jason Witt,5f3805dda9661cba,Y
Youssef Zalal,52c2ae6d2f2d2613,Da'Mon Blackshear,da22387a0407a2dc,N
Jamahal Hill,5444c5a201d3ee5a,Thiago Santos,dea070ed4a2a8281,Y
Geoff Neal,b997be68943010fc,Vicente Luque,6d4b63c767106d3a,Y
Mohammed Usman,da7f113b5ea39c43,Zac Pauga,56f7d7ee06be4aab,Y
Juliana Miller,aa0c573da7119292,Brogan Walker,4333a8e70a672eb7,Y
Serghei Spivac,e2f6b2769aaedd6c,Augusto Sakai,441eacbe20e0e80b,Y
Terrance McKinney,809bd1a871491508,Erick Gonzalez,a2ccf35a88346a91,Y
Michal Oleksiejczuk,0d65c432720accb9,Sam Alvey,d156513a19acf856,Y
Bryan Battle,f626118b6da0e020,Takashi Sato,8abac218746e04ca,Y
Cory McKenna,3351aa64aa83c4d9,Miranda Granger,7559395ad833c074,Y
Mayra Bueno Silva,cc8c623cca88f54f,Stephanie Egger,5e6294b37bbef029,Y
Amanda Nunes,80fa8218c99f9c58,Julianna Pena,3253b16d38ae087d,Y
Brandon Moreno,792be9a24df82ed6,Kai Kara-France,853eb0dd5c0e2149,Y
Sergei Pavlovich,f14cf73e51b29254,Derrick Lewis,d3df1add9d9a7efb,Y
Alexandre Pantoja,a0f0004aadf10b71,Alex Perez,ab2b4ff41d6ebe0f,Y
Magomed Ankalaev,d802174b0c0c1f4e,Anthony Smith,d4c9dcd330403612,Y
Alex Morono,cdb96af67d096b1e,Matthew Semelsberger,4aa58269d0664b5b,Y
Drew Dober,519e4fe37ce9ff75,Rafael Alves,029afd138865d20a,Y
Don'Tale Mayes,1a9480fc288e55d7,Hamdy Abdelwahab,3329d692aea4dc28,N
Drakkar Klose,7cbf7c78d3b34218,Rafa Garcia,e132d47bd9efbbe0,Y
Michael Morales,c32aeb1a59e6272d,Adam Fugitt,a01a62132460a98d,Y
Joselyne Edwards,f9ab66e67240db7b,Ji Yeon Kim,a20f234df70f2182,Y
Nicolae Negumereanu,8c57c7b8c3bab0eb,Ihor Potieria,260bd4cef10b033f,Y
Orion Cosce,2c010b26a3306969,Blood Diamond,9edf2c9082cc2cd8,Y
Curtis Blaydes,fa6796c55d6c5440,Tom Aspinall,399afbabc02376b5,Y
Jack Hermansson,0a1942069c9ad6b6,Chris Curtis,5442f1bc4b47eaf3,Y
Paddy Pimblett,7826923b47f8d72a,Jordan Leavitt,ac026518a9b4dc0f,Y
Nikita Krylov,1091d4d957141094,Alexander Gustafsson,3c6976f8182d9527,Y
Molly McCann,51018a31ddf31eb2,Hannah Goldy,26e3f3928b1891d9,Y
Volkan Oezdemir,0845c81e37d3bcb3,Paul Craig,eabf206b162b3b83,Y
Ludovit Klein,5b86d491d63890c5,Mason Jones,f6ad6a1e4d600e0d,Y
Marc Diakiese,32c355b04fc57f3a,Damir Hadzovic,38c626ca912c7bac,Y
Nathaniel Wood,329e403448756217,Charles Rosa,40093d1d2d78394e,Y
Jonathan Pearce,87c0b1c696ddfb43,Makwan Amirkhani,87a1dc546b1c5caf,Y
Muhammad Mokaev,75353550928a7921,Charles Johnson,814e5233e2acf2ee,Y
Jai Herbert,4c88a1db5a46c6a4,Kyle Nelson,31f8081c7600da93,Y
Victoria Leonardo,9dedfdd91070ddd8,Mandy Bohm,297a2b35444c245b,Y
Nicolas Dalby,9d19d9e4aa2662e8,Claudio Silva,6f7c616b98e18c29,Y
Yair Rodriguez,cbf5e6f231b55443,Brian Ortega,def8166ff24bd237,Y
Amanda Lemos,3df5493bb279226f,Michelle Waterson-Gomez,eb04b9d31e938edb,Y
Li Jingliang,e64b96c07d7ce999,Muslim Salikhov,447f9858ae78f921,Y
Matt Schnell,67c1d46f4ed16f9e,Sumudaerji,3cf18e01cb6cbde3,Y
Shane Burgos,98d961097baaf308,Charles Jourdain,f1d64ae34e088832,Y
Lauren Murphy,729d4bd5a6cd0a97,Miesha Tate,b96619b3acd7d9da,Y
Punahele Soriano,64facb6cc564262d,Dalcha Lungiambula,ce632027bf2a871b,Y
Ricky Simon,5987b2458f4b5290,Jack Shore,b8a85389d115e35a,Y
Bill Algeo,9abc648e76c4493a,Herbert Burns,4f140403000158b5,Y
Dustin Jacoby,e4277e87a789d687,Da Woon Jung,74f9448b97bf8bec,Y
Dustin Stoltzfus,71505842fb6455c3,Dwight Grant,8be158ca1e5ea6a0,Y
Emily Ducote,02f8fedc18cbd26c,Jessica Penne,c742287ed86a09bc,Y
Rafael Fiziev,c814b4c899793af6,Rafael Dos Anjos,6a2f7c151031653d,Y
Caio Borralho,4126a78111c0855a,Armen Petrosyan,369ea36e450ae62a,Y
Said Nurmagomedov,0fd5f4b838e890cc,Douglas Silva de Andrade,3a314d9fa7c6825d,Y
Chase Sherman,01b352b6a9074d5c,Jared Vanderaa,2b68d9f125d07b42,Y
Aiemann Zahabi,24656ef4d605c96f,Ricky Turcios,cd3d7e37ff2d679c,Y
Jamie Mullarkey,af9f42e6894047fc,Michael Johnson,511e82663651438d,Y
Cody Brundage,f14f644d41ade29f,Tresean Gore,147e70aa6cc48cfc,Y
Antonina Shevchenko,d7338bcb141abd2c,Cortney Casey,5f179af5fffeb9f6,Y
David Onama,ffe9703408fb5964,Garrett Armfield,1effd880e1f1bb30,Y
Kennedy Nzechukwu,8667caa0451d245b,Karl Roberson,37d5b176d438d2a5,Y
Saidyokub Kakhramonov,50a28b9f8314e008,Ronnie Lawrence,e7e01e266a9d4342,Y
Israel Adesanya,1338e2c7480bdf9e,Jared Cannonier,13a0275fa13c4d26,Y
Alexander Volkanovski,e1248941344b3288,Max Holloway,150ff4cc642270b9,Y
Alex Pereira,e5549c82bfb5582d,Sean Strickland,0d8011111be000b2,Y
Bryan Barberena,a331233f597090a5,Robbie Lawler,f2925e6db404bf1d,Y
Pedro Munhoz,6bd02119599741a4,Sean O'Malley,b50a426a33da0012,N
Jalin Turner,4d8fa64202cee4c1,Brad Riddell,37ed1ab2f8b819f4,Y
Jim Miller,d1941565abf50b16,Donald Cerrone,1d00756835ca67c9,Y
Ian Machado Garry,442c9011034ae1fd,Gabe Green,5eb50529a8418b77,Y
Dricus Du Plessis,0d7b51c9d2649a6e,Brad Tavares,0c6d9ea8306c029e,Y
Andre Muniz,886264a0c9f4ea5e,Uriah Hall,65578a75fa7900e3,Y
Maycee Barber,6a740daf1b279661,Jessica Eye,f72465a784c1b084,Y
Julija Stoliarenko,a78a87d8c2bbb1cb,Jessica-Rose Clark,6c8072b61c276e67,Y
Mateusz Gamrot,72db2a14ffa73ece,Arman Tsarukyan,eae48ff31db420c2,Y
Shavkat Rakhmonov,01afe0916a40c7c5,Neil Magny,84b3e7d38f2d2ec5,Y
Josh Parisian,b5da8f7d05e85a55,Alan Baudot,c9a94278df042f46,Y
Thiago Moises,d945aae53e3e54e6,Christos Giagos,de45aaae23dfa392,Y
Umar Nurmagomedov,2b6fc1c02736833d,Nate Maness,6e9f40c706f91f32,Y
Chris Curtis,5442f1bc4b47eaf3,Rodolfo Vieira,260e9e0d4954aea6,Y
Carlos Ulberg,9014c02eff8b3d62,Tafon Nchukwi,6aae253467e8f9ce,Y
Shayilan Nuerdanbieke,0a73acff6325c1e2,TJ Brown,d31cbcdd7d69536d,Y
Sergey Morozov,2f6a993c7f547c13,Raulian Paiva,82b4e942781b1046,Y
Cody Durden,7f6ed67d3ed3c036,JP Buys,0b362247806341e5,Y
Mario Bautista,bc711b6dd95c1af6,Brian Kelleher,7be14eaed4c74856,Y
Vanessa Demopoulos,2c483cf443f38ece,Jinh Yu Frey,d05cb1e8d1b885d8,Y
Josh Emmett,fba03cd6cc28dc41,Calvin Kattar,751de04455cfaac0,Y
Kevin Holland,3a46b268013afede,Tim Means,4b47e71384a9522f,Y
Joaquin Buckley,b9437600497350f3,Albert Duraev,6b7c7460855dbbb9,Y
Damir Ismagulov,135d124172a0bea3,Guram Kutateladze,7772b283d288dbe2,Y
Gregory Rodrigues,d1c65d2cf2925ddd,Julian Marquez,d0e1b42d41dab603,Y
Adrian Yanez,0232cabbc30a2372,Tony Kelley,1a08b01fdabb6ae2,Y
Natalia Silva,262d32ebda89efc4,Jasmine Jasudavicius,a9e260472d321361,Y
Jeremiah Wells,d66a46de8d705353,Court McGee,523fa774700d7d3f,Y
Ricardo Ramos,1ae8f3c723aacff4,Danny Chavez,0de720c0f1d4ab9c,Y
Maria Oliveira,37d752ec41ed84bb,Gloria de Paula,5dd180c8b3196786,Y
Cody Stamann,bf7ad5628363eec9,Eddie Wineland,fc9a9559a05f2704,Y
Phil Hawes,547afe1017e72dbe,Deron Winn,483a953b18d73bb3,Y
Roman Dolidze,327d5f279895110d,Kyle Daukaus,d6c0cdd7e467c440,Y
Jiri Prochazka,009341ed974bad72,Glover Teixeira,7ff97850e8c32bda,Y
Valentina Shevchenko,132deb59abae64b1,Taila Santos,f7467152fd9f18a2,Y
Zhang Weili,1ebe20ebbfa15e29,Joanna Jedrzejczyk,3d6749c4267da18f,Y
Jake Matthews,a845f0735bc67405,Andre Fialho,33efaf2d0941cfcf,Y
Jack Della Maddalena,6b453bc35a823c3f,Ramazan Emeev,abd5fb12437eda21,Y
Josh Culibao,6751eacd16bd59bc,SeungWoo Choi,a68575214ecad140,Y
Maheshate,8c1ca54b5089d199,Steve Garcia,97cf1a2c7c5e7889,Y
Brendan Allen,2f181c0467965b98,Jacob Malkoun,d4270315cbcf2569,Y
Kyung Ho Kang,a7897d200692ab64,Batgerel Danaa,3b0a516d2921e0d6,Y
Silvana Gomez Juarez,b4880ef2f838d4e1,Liang Na,ec0dcceace7d25a3,Y
Joselyne Edwards,f9ab66e67240db7b,Ramona Pascual,3eb4dc9a7d4ac906,Y
Alexander Volkov,279566840aa55bf2,Jairzinho Rozenstruik,2cd428e9606856fd,Y
Movsar Evloev,76e2870ffafbe38f,Dan Ige,82a5152216251682,Y
Lucas Almeida,710f0f8c5d5c9d41,Michael Trizano,5bf31a46becc1204,Y
Karine Silva,9d62c2d8ee151f08,Poliana Botelho,5c126c6aac3ef364,Y
Ode Osbourne,6d68c1afe954f121,Zarrukh Adashev,79cb2a690b9ba5e8,Y
Alonzo Menifield,a495f599e787614f,Askar Mozharov,e92901944ce91909,Y
Karolina Kowalkiewicz,d7c3816669784109,Felice Herrig,b6850671a008bf9a,Y
Joe Solecki,af65aa688d13eedf,Alex Da Silva,c3ded6f7155f9ea4,Y
Damon Jackson,29af297d9f1de0f8,Dan Argueta,e4ba58725825412d,Y
Benoit Saint Denis,c2299ec916bc7c56,Niklas Stolze,62f7097c04311193,Y
Tony Gravely,601964f9654f911a,Johnny Munoz,f6bcbd91b114ff58,Y
Jeff Molina,008ea710276c9606,Zhalgas Zhumagulov,55fa6ce3e522c8bb,Y
Rinat Fakhretdinov,8f765fd5775a8873,Andreas Michailidis,79325a3c1a5c3bf4,Y
Erin Blanchfield,669970f7feba8ecd,JJ Aldrich,6fd953151d981979,Y
Ketlen Vieira,b9706f80d005036c,Holly Holm,634e2fb70bde3fd5,Y
Michel Pereira,595db60957de51d3,Santiago Ponzinibbio,6d1bffff14897645,Y
Chidi Njokuani,c68c68efaa5ca6ef,Dusko Todorovic,866fd7b1a6c90e7f,Y
Tabatha Ricci,d25240135aee03e5,Polyana Viana,9673a497a9da119a,Y
JunYong Park,285ae0b4a68221f4,Eryk Anders,cad24459b28592ca,Y
Joseph Holmes,8d20d76af3f213ce,Alen Amedovski,70fa1c64a2c439ef,Y
Jailton Almeida,41e83a89929d1327,Parker Porter,ac40f7e3cbecdda4,Y
Uros Medic,681399317dbf4701,Omar Morales,a0e6753c42698f13,Y
Jonathan Martinez,f2477cf43c4975cc,Vince Morales,37098a6e6c27fb66,Y
Chase Hooper,971246648e162f0d,Felipe Colares,dbac0a413af64bbe,Y
Sam Hughes,e94085e821bd81de,Elise Reed,ac7c765882f2c68c,Y
Jan Blachowicz,99df7d0a2a08a8a8,Aleksandar Rakic,333b9e5c723ac873,Y
Ryan Spann,a67f5afa8d6a1b80,Ion Cutelaba,cd13728ae1151f46,Y
Davey Grant,113df4fde64735c6,Louis Smolka,d2bc285ead803db0,Y
Katlyn Cerminara,e872e9a9a902c045,Amanda Ribas,beecb672a279223e,Y
Manuel Torres,2e7878927067fdca,Frank Camacho,764342d39cdaa54a,Y
Allan Nascimento,253076a23d03dcd0,Jake Hadley,60a42bf82447c919,Y
Viviane Araujo,36541f1e6c5d4955,Andrea Lee,05fa626cb33d15b8,Y
Michael Johnson,511e82663651438d,Alan Patrick,cd7763bcadb5d4c8,Y
Virna Jandiroba,7dda2cf308f24a02,Angela Hill,f0feeb2192937424,Y
Tatsuro Taira,4461d7e47375a895,Carlos Candelario,760a55d5b6098cbe,Y
Andre Petroski,5f61780fe5e9b6d0,Nick Maximov,12585614e0ed2626,Y
Charles Oliveira,07225ba28ae309b6,Justin Gaethje,9e8f6c728eb01124,Y
Carla Esparza,d910665038efc639,Rose Namajunas,47b63240018d5d86,Y
Michael Chandler,4b93a88f3b1de35b,Tony Ferguson,22a92d7f62195791,Y
Ovince Saint Preux,50db8711c70196cd,Mauricio Rua,140745cbbcb023ac,Y
Randy Brown,c6aee362c7a7d482,Khaos Williams,2558ae2e5671e318,Y
Francisco Trinaldo,a8283a4f415e1eb9,Danny Roberts,a6cba6bb66c1a8c9,Y
Macy Chiasson,9cdd2da1a9104a0b,Norma Dumont,d3f5d33d61cd00c9,Y
Brandon Royval,6e15f63b6c2e2c15,Matt Schnell,67c1d46f4ed16f9e,Y
Blagoy Ivanov,1788eee370f077b7,Marcos Rogerio de Lima,ab943cd2c3c17825,Y
Andre Fialho,33efaf2d0941cfcf,Cameron VanCamp,87e2468b986ebb79,Y
Tracy Cortez,68d4a891e5cf2029,Melissa Gatto,a4a80dd7336ffd59,Y
CJ Vergara,077e3ace32b72be9,Kleydson Rodrigues,102a8fdf8cbf7467,Y
Loopy Godinez,8e5d953bdb9ae5e7,Ariane Carnelossi,c0d5c0c95c59050b,Y
Journey Newson,78f485f851891d68,Fernie Garcia,9e92e1ca498d7244,Y
Marlon Vera,7c7332319c14094c,Rob Font,05339613bf8e9808,Y
Andrei Arlovski,3738e68d2261e60f,Jake Collier,92fa1401b7927da3,Y
Joanderson Brito,791c8437b341fba5,Andre Fili,8fd808923cffff82,Y
Grant Dawson,99bd51917728c25d,Jared Gordon,7026eca45f65377b,Y
Darren Elkins,92a9aa9c93192871,Tristan Connelly,2ebfbe72ed703925,Y
Krzysztof Jotko,4e06913c91da5200,Gerald Meerschaert,6ac9bc2953c47345,Y
Alexandr Romanov,c0badf3243907e59,Chase Sherman,01b352b6a9074d5c,Y
Francisco Figueiredo,cdadae5363b66eef,Daniel Lacerda,31bb0772f21cabd8,Y
Gabe Green,5eb50529a8418b77,Yohan Lainesse,f998f5c102250d6e,Y
Natan Levy,a29db9cd4f9ccea5,Mike Breeden,d80ee110748171ac,Y
Shanna Young,568bbad0eaced57c,Gina Mazany,016a8d958883167c,Y
Jessica Andrade,6a1901c62ab3870f,Amanda Lemos,3df5493bb279226f,Y
Claudio Puelles,d747eb273a40a920,Clay Guida,c47df9303d318c67,Y
Maycee Barber,6a740daf1b279661,Montana De La Rosa,80d8aed0ca9b00f3,Y
Charles Jourdain,f1d64ae34e088832,Lando Vannata,f9b200db02b488d9,Y
Marc-Andre Barriault,8e9eb3fc86db0f7d,Jordan Wright,c878270af633eb11,Y
Sergey Khandozhko,90da09db03e41748,Dwight Grant,8be158ca1e5ea6a0,Y
Tyson Pedro,49e96ff8ab781589,Ike Villanueva,f9d0cae37dabfafc,Y
Aoriqileng,7d420039bbfe7c1a,Cameron Else,5f3da9a9610d8969,Y
Preston Parsons,9fe7af8b3fbe00a0,Evan Elder,d9a56ecb6e94f02e,Y
Philipe Lins,53c943c873cffe90,Marcin Prachnio,6370c1c1e12723d5,Y
Mike Jackson,0641c21bec209472,Dean Barry,a6f3d15cb84334bb,Y
Belal Muhammad,b1b0729d27936f2f,Vicente Luque,6d4b63c767106d3a,Y
Caio Borralho,4126a78111c0855a,Gadzhi Omargadzhiev,684d3aee255a3d09,Y
Andre Fialho,33efaf2d0941cfcf,Miguel Baeza,82d4c957649faf9b,Y
Mayra Bueno Silva,cc8c623cca88f54f,Wu Yanan,fdbefee0827e1567,Y
Pat Sabatini,b8bbdeff718dbb7d,TJ Laramie,cd2e5a390821fb48,Y
Mounir Lazzez,49ee5024966efc0d,Ange Loosa,1497e735d9f2560a,Y
Devin Clark,cc7040fe76f0ef91,William Knight,5da33b8fbfa5ee95,Y
Pannie Kianzad,91dac5e69e28d5b5,Lina Lansberg,2eeaefbfc7f9fcff,Y
Drakkar Klose,7cbf7c78d3b34218,Brandon Jenkins,6a8928652fc01bee,Y
Rafa Garcia,e132d47bd9efbbe0,Jesse Ronson,5580771f383e141f,Y
Martin Buday,8eb046f83e82bf26,Chris Barnett,7a5e8c94a86f9895,Y
Jordan Leavitt,ac026518a9b4dc0f,Trey Ogden,cfc3e7bb44685289,Y
Sam Hughes,e94085e821bd81de,Istela Nunes,efc67b07eed39794,Y
Alatengheili,1897b7b913736a7c,Kevin Croom,35b3772629e27a49,Y
Alexander Volkanovski,e1248941344b3288,Chan Sung Jung,c451d67c09c55418,Y
Aljamain Sterling,cb696ebfb6598724,Petr Yan,d661ce4da776fc20,Y
Khamzat Chimaev,767755fd74662dbf,Gilbert Burns,23024fdfc966410a,Y
Mackenzie Dern,7447e9f28508106a,Tecia Pennington,31ef8b67e13495b3,Y
Mark Madsen,da0995f19b749cfa,Vinc Pichel,c77a953488e5607d,Y
Ian Machado Garry,442c9011034ae1fd,Darian Weeks,326a001926ffb7ec,Y
Anthony Hernandez,093e1f5bb73850be,Josh Fremd,ca43de99b07b6b40,Y
Raquel Pennington,fc169c387b4b465d,Aspen Ladd,d4691518d012b9e7,Y
Mike Malott,dd6103dd7127db1d,Mickey Gall,9e50097a89442158,Y
Aleksei Oleinik,98c23cb6da5b3352,Jared Vanderaa,2b68d9f125d07b42,Y
Piera Rodriguez,e375cb5caf4717b6,Kay Hansen,4100c7a09497ad41,Y
Julio Arce,1291edf2d566a71a,Daniel Santos,b67d6bacc68d4c92,Y
Curtis Blaydes,fa6796c55d6c5440,Chris Daukaus,d0aaedcf7ccd0b45,Y
Alexa Grasso,e8b731feff72294b,Joanne Wood,12f91bfa8f1f723b,Y
Bryan Barberena,a331233f597090a5,Matt Brown,31123249b0bbf52e,Y
Kai Kara-France,853eb0dd5c0e2149,Askar Askarov,b1d19449397541dc,Y
Neil Magny,84b3e7d38f2d2ec5,Max Griffin,b0d6a1d8ac3d563d,Y
Marc Diakiese,32c355b04fc57f3a,Viacheslav Borshchev,19c591115a58982c,Y
Sara McMann,7be74a12d7352df2,Karol Rosa,351c4ec637380ad5,Y
Chris Gutierrez,45f0cc9d18f35137,Batgerel Danaa,3b0a516d2921e0d6,Y
Aliaskhab Khizriev,7ab478c397cd68ef,Denis Tiuliulin,0112352cb32f5026,Y
Manon Fiorot,34ff304266360297,Jennifer Maia,8e1f36476ef02a6a,Y
Matheus Nicolau,1a31ef98efce7a79,David Dvorak,9ada30894bf04e19,Y
Luis Saldana,12e0fdc606f7e274,Bruno Souza,0e5c4e72237461bb,Y
Tom Aspinall,399afbabc02376b5,Alexander Volkov,279566840aa55bf2,Y
Arnold Allen,040a74bb0a465c54,Dan Hooker,193b9d1858bc4df3,Y
Paddy Pimblett,7826923b47f8d72a,Kazula Vargas,ec18eb918121787c,Y
Gunnar Nelson,fd55393021a8c255,Takashi Sato,8abac218746e04ca,Y
Molly McCann,51018a31ddf31eb2,Luana Carolina,528b071cf3da7c56,Y
Ilia Topuria,54f64b5e283b0ce7,Jai Herbert,4c88a1db5a46c6a4,Y
Makwan Amirkhani,87a1dc546b1c5caf,Mike Grundy,56fcb2c4d99f9d1b,Y
Sergei Pavlovich,f14cf73e51b29254,Shamil Abdurakhimov,2f5cbecbbe18bac4,Y
Paul Craig,eabf206b162b3b83,Nikita Krylov,1091d4d957141094,Y
Jack Shore,b8a85389d115e35a,Timur Valiev,45e738622ea2c02c,Y
Elise Reed,ac7c765882f2c68c,Cory McKenna,3351aa64aa83c4d9,Y
Muhammad Mokaev,75353550928a7921,Cody Durden,7f6ed67d3ed3c036,Y
Magomed Ankalaev,d802174b0c0c1f4e,Thiago Santos,dea070ed4a2a8281,Y
Song Yadong,efb96bf3e9ada36f,Marlon Moraes,fea79f9bc8c68769,Y
Sodiq Yusuff,94426bb170c88115,Alex Caceres,7aa3d6964eff4877,Y
Khalil Rountree Jr.,749f572d1d3161fb,Karl Roberson,37d5b176d438d2a5,Y
Drew Dober,519e4fe37ce9ff75,Terrance McKinney,809bd1a871491508,Y
Alex Pereira,e5549c82bfb5582d,Bruno Silva,12ebd7d157e91701,Y
Matthew Semelsberger,4aa58269d0664b5b,AJ Fletcher,725b1abc9a39d873,Y
JJ Aldrich,6fd953151d981979,Gillian Robertson,38c7f72747f4f712,Y
Javid Basharat,bbab3baf66128ae2,Trevin Jones,ec23c1be628d8057,Y
Damon Jackson,29af297d9f1de0f8,Kamuela Kirk,c7d7fda69ec410d3,Y
Miranda Maverick,f29a6350c69f4a33,Sabina Mazo,70d2329a92864fdb,Y
Cody Brundage,f14f644d41ade29f,Dalcha Lungiambula,ce632027bf2a871b,Y
Guido Cannetti,d05412b513b19621,Kris Moutinho,9c27f3217891f3f0,Y
Azamat Murzakanov,e90a2f22417af68e,Tafon Nchukwi,6aae253467e8f9ce,Y
Colby Covington,dc9572dd6ec74859,Jorge Masvidal,47b9e0e7703a4868,Y
Rafael Dos Anjos,6a2f7c151031653d,Renato Moicano,b6452706b373eea1,Y
Bryce Mitchell,d9c6f19f958643e9,Edson Barboza,64a50dad704d1d49,Y
Kevin Holland,3a46b268013afede,Alex Oliveira,57b10fca4f9c9a7a,Y
Serghei Spivac,e2f6b2769aaedd6c,Greg Hardy,85073dbd1be65ed9,Y
Jalin Turner,4d8fa64202cee4c1,Jamie Mullarkey,af9f42e6894047fc,Y
Marina Rodriguez,cd2c4d30c6e13b47,Yan Xiaonan,c41d426cc7326d1b,Y
Nicolae Negumereanu,8c57c7b8c3bab0eb,Kennedy Nzechukwu,8667caa0451d245b,Y
Maryna Moroz,b4192a975027aab6,Mariya Agapova,a08ddd04eaffd81d,Y
Umar Nurmagomedov,2b6fc1c02736833d,Brian Kelleher,7be14eaed4c74856,Y
Tim Elliott,c96d9178c9ed9e62,Tagir Ulanbekov,f00ac08ab056af5d,Y
Ludovit Klein,5b86d491d63890c5,Devonte Smith,207773daeb4afa7b,Y
Dustin Jacoby,e4277e87a789d687,Michal Oleksiejczuk,0d65c432720accb9,Y
Islam Makhachev,275aca31f61ba28c,King Green,887961364be5ceb3,Y
Wellington Turman,4dcfb28c011c11b2,Misha Cirkunov,67f272324a030d00,Y
Priscila Cachoeira,b1e5bcaad32a3cac,Ji Yeon Kim,a20f234df70f2182,Y
Arman Tsarukyan,eae48ff31db420c2,Joel Alvarez,58bbef3770bb2dfc,Y
Armen Petrosyan,369ea36e450ae62a,Gregory Rodrigues,d1c65d2cf2925ddd,Y
Ignacio Bahamondes,e4a47b07044ddd72,Rongzhu,a13d755965a4ec9f,Y
Josiane Nunes,68d35296f566792b,Ramona Pascual,3eb4dc9a7d4ac906,Y
Terrance McKinney,809bd1a871491508,Fares Ziam,1e4f273069fb9e85,Y
Jonathan Martinez,f2477cf43c4975cc,Alejandro Perez,80daefbed11ce998,Y
Ramiz Brahimaj,3d074044a33825e7,Micheal Gillmore,ce175eaafe867d1f,Y
Carlos Hernandez,798e48f9e7f6ba22,Victor Altamirano,dc7927cd622676a7,Y
Jamahal Hill,5444c5a201d3ee5a,Johnny Walker,c21f26bbde777573,Y
Kyle Daukaus,d6c0cdd7e467c440,Jamie Pickett,830f60497fab345a,Y
Parker Porter,ac40f7e3cbecdda4,Alan Baudot,c9a94278df042f46,Y
Jim Miller,d1941565abf50b16,Nikolas Motta,37f560436d745c18,Y
Joaquin Buckley,b9437600497350f3,Abdul Razak Alhassan,eae431e70064e046,Y
David Onama,ffe9703408fb5964,Gabriel Benitez,436f970c9ea9169c,Y
Stephanie Egger,5e6294b37bbef029,Jessica-Rose Clark,6c8072b61c276e67,Y
Chas Skelly,4bd6b4800070b069,Mark Striegl,ef1182eb28c17d4e,Y
Gloria de Paula,5dd180c8b3196786,Diana Belbita,d7e40dca3ae125be,Y
Chad Anheliger,c7c39e2fb70248b3,Jesse Strader,8c39367b53eadf8a,Y
Jonathan Pearce,87c0b1c696ddfb43,Christian Rodriguez,5ec591b78349ba7e,Y
Mario Bautista,bc711b6dd95c1af6,Jay Perrin,01fed6f61ebea01f,Y
Israel Adesanya,1338e2c7480bdf9e,Robert Whittaker,e1147d3d2dabe1ce,Y
Tai Tuivasa,c62fbc117d57b943,Derrick Lewis,d3df1add9d9a7efb,Y
Jared Cannonier,13a0275fa13c4d26,Derek Brunson,b1a3e0aca758b322,Y
Renato Moicano,b6452706b373eea1,Alexander Hernandez,262a7d06203657e6,Y
King Green,887961364be5ceb3,Nasrat Haqparast,b7b84ccd221be298,Y
Andrei Arlovski,3738e68d2261e60f,Jared Vanderaa,2b68d9f125d07b42,Y
Casey O'Neill,04835018f90b118c,Roxanne Modafferi,4498b382c65a7faa,Y
Kyler Phillips,60425d07ef4b91a7,Marcelo Rojo,2804ce8dadab5770,Y
Carlos Ulberg,9014c02eff8b3d62,Fabio Cherant,78a68f1dade6aaf7,Y
Ronnie Lawrence,e7e01e266a9d4342,Mana Martinez,c0386644627a7ee5,Y
Jacob Malkoun,d4270315cbcf2569,AJ Dobson,009c4420727149ea,Y
Douglas Silva de Andrade,3a314d9fa7c6825d,Sergey Morozov,2f6a993c7f547c13,Y
Jeremiah Wells,d66a46de8d705353,Blood Diamond,9edf2c9082cc2cd8,Y
Maxim Grishin,950d0ef5c17157c5,William Knight,5da33b8fbfa5ee95,Y
Sean Strickland,0d8011111be000b2,Jack Hermansson,0a1942069c9ad6b6,Y
Nick Maximov,12585614e0ed2626,Punahele Soriano,64facb6cc564262d,Y
Shavkat Rakhmonov,01afe0916a40c7c5,Carlston Harris,a53d30163304aa6e,Y
Brendan Allen,2f181c0467965b98,Sam Alvey,d156513a19acf856,Y
Bryan Battle,f626118b6da0e020,Tresean Gore,147e70aa6cc48cfc,Y
Julian Erosa,902ec2cc48c8ae8a,Steven Peterson,b93c06d09d1c4ac0,Y
John Castaneda,5fa2974cbd18e05c,Miles Johns,46e0d677f91bacc0,Y
Hakeem Dawodu,2c9d00968f818270,Michael Trizano,5bf31a46becc1204,Y
Chidi Njokuani,c68c68efaa5ca6ef,Marc-Andre Barriault,8e9eb3fc86db0f7d,Y
Alexis Davis,4c2d90e335e6df19,Julija Stoliarenko,a78a87d8c2bbb1cb,Y
Jailton Almeida,41e83a89929d1327,Danilo Marques,687c15b2eddfaa63,Y
Phil Rowe,8e382b585a92affe,Jason Witt,5f3805dda9661cba,Y
Malcolm Gordon,dee294e9717012c2,Denys Bondar,2526be54e6a0e62a,Y
Francis Ngannou,8d03ce87ca14e778,Ciryl Gane,787bb1f087ccff8a,Y
Deiveson Figueiredo,aa72b0f831d0bfe5,Brandon Moreno,792be9a24df82ed6,Y
Michel Pereira,595db60957de51d3,Andre Fialho,33efaf2d0941cfcf,Y
Said Nurmagomedov,0fd5f4b838e890cc,Cody Stamann,bf7ad5628363eec9,Y
Michael Morales,c32aeb1a59e6272d,Trevin Giles,b27a1fcb56a3035a,Y
Victor Henry,eb8d8c2a95cfccb8,Raoni Barcelos,b9f28e7045fdfce7,Y
Jack Della Maddalena,6b453bc35a823c3f,Pete Rodriguez,776d4262c4da38bf,Y
Tony Gravely,601964f9654f911a,Saimon Oliveira,72ea1984c52019b5,Y
Matt Frevola,dccb63727f2f5f74,Genaro Valdez,cda1099995b46cc2,Y
Vanessa Demopoulos,2c483cf443f38ece,Silvana Gomez Juarez,b4880ef2f838d4e1,Y
Jasmine Jasudavicius,a9e260472d321361,Kay Hansen,4100c7a09497ad41,Y
Calvin Kattar,751de04455cfaac0,Giga Chikadze,9560ff14eb3129f7,Y
Jake Collier,92fa1401b7927da3,Chase Sherman,01b352b6a9074d5c,Y
Brandon Royval,6e15f63b6c2e2c15,Rogerio Bontorin,07a2bdaa0afdd831,Y
Katlyn Cerminara,e872e9a9a902c045,Jennifer Maia,8e1f36476ef02a6a,Y
Viacheslav Borshchev,19c591115a58982c,Dakota Bush,3033c1c080672475,Y
Bill Algeo,9abc648e76c4493a,Joanderson Brito,791c8437b341fba5,Y
Jamie Pickett,830f60497fab345a,Joseph Holmes,8d20d76af3f213ce,Y
Court McGee,523fa774700d7d3f,Ramiz Brahimaj,3d074044a33825e7,Y
Brian Kelleher,7be14eaed4c74856,Kevin Croom,35b3772629e27a49,Y
TJ Brown,d31cbcdd7d69536d,Charles Rosa,40093d1d2d78394e,Y
Derrick Lewis,d3df1add9d9a7efb,Chris Daukaus,d0aaedcf7ccd0b45,Y
Belal Muhammad,b1b0729d27936f2f,Stephen Thompson,4a28cb716c19157a,Y
Amanda Lemos,3df5493bb279226f,Angela Hill,f0feeb2192937424,Y
Ricky Simon,5987b2458f4b5290,Raphael Assuncao,2f13e4020cea5b38,Y
Mateusz Gamrot,72db2a14ffa73ece,Diego Ferreira,f53d4f21d1b5f2dc,Y
Cub Swanson,d247691a6c0e9034,Darren Elkins,92a9aa9c93192871,Y
Gerald Meerschaert,6ac9bc2953c47345,Dustin Stoltzfus,71505842fb6455c3,Y
Justin Tafa,e13abac8089a801a,Harry Hunsucker,f703250471acaf96,Y
Melissa Gatto,a4a80dd7336ffd59,Sijara Eubanks,4234f0097c83fa62,Y
Charles Jourdain,f1d64ae34e088832,Andre Ewell,5f6f049d54728e88,Y
Raquel Pennington,fc169c387b4b465d,Macy Chiasson,9cdd2da1a9104a0b,Y
Don'Tale Mayes,1a9480fc288e55d7,Josh Parisian,b5da8f7d05e85a55,Y
Jordan Leavitt,ac026518a9b4dc0f,Matt Sayles,5b8ba8f5512893b1,Y
Charles Oliveira,07225ba28ae309b6,Dustin Poirier,029eaff01e6bb8f0,Y
Julianna Pena,3253b16d38ae087d,Amanda Nunes,80fa8218c99f9c58,Y
Geoff Neal,b997be68943010fc,Santiago Ponzinibbio,6d1bffff14897645,Y
Kai Kara-France,853eb0dd5c0e2149,Cody Garbrandt,d8c7c61b176e3994,Y
Sean O'Malley,b50a426a33da0012,Raulian Paiva,82b4e942781b1046,Y
Josh Emmett,fba03cd6cc28dc41,Dan Ige,82a5152216251682,Y
Dominick Cruz,10f3ba6cd2f44a97,Pedro Munhoz,6bd02119599741a4,Y
Tai Tuivasa,c62fbc117d57b943,Augusto Sakai,441eacbe20e0e80b,Y
Bruno Silva,12ebd7d157e91701,Jordan Wright,c878270af633eb11,Y
Andre Muniz,886264a0c9f4ea5e,Eryk Anders,cad24459b28592ca,Y
Erin Blanchfield,669970f7feba8ecd,Miranda Maverick,f29a6350c69f4a33,Y
Ryan Hall,8866c6f509c19089,Darrick Minner,34e516ab361afb1c,Y
Tony Kelley,1a08b01fdabb6ae2,Randy Costa,325ad0dd9126d3df,Y
Gillian Robertson,38c7f72747f4f712,Priscila Cachoeira,b1e5bcaad32a3cac,Y
Jose Aldo,d0f3959b4a9747e6,Rob Font,05339613bf8e9808,Y
Rafael Fiziev,c814b4c899793af6,Brad Riddell,37ed1ab2f8b819f4,Y
Jamahal Hill,5444c5a201d3ee5a,Jimmy Crute,70e1f8a821b72c8b,Y
Clay Guida,c47df9303d318c67,Leonardo Santos,9c65736747ca92ec,Y
Chris Curtis,5442f1bc4b47eaf3,Brendan Allen,2f181c0467965b98,Y
Alex Morono,cdb96af67d096b1e,Mickey Gall,9e50097a89442158,Y
Dusko Todorovic,866fd7b1a6c90e7f,Maki Pitolo,c549573c0df4d676,Y
Manel Kape,5d1b7e3dd9e11074,Zhalgas Zhumagulov,55fa6ce3e522c8bb,Y
Bryan Barberena,a331233f597090a5,Darian Weeks,326a001926ffb7ec,Y
Cheyanne Vlismas,4959f10a62f3fec3,Mallory Martin,19b7738321cfae42,Y
William Knight,5da33b8fbfa5ee95,Alonzo Menifield,a495f599e787614f,Y
Claudio Puelles,d747eb273a40a920,Chris Gruetzemacher,feaf00f3373435d6,Y
Vince Morales,37098a6e6c27fb66,Louis Smolka,d2bc285ead803db0,Y
Ketlen Vieira,b9706f80d005036c,Miesha Tate,b96619b3acd7d9da,Y
Sean Brady,45f7cb591c3ab00b,Michael Chiesa,c58f51dedb310998,Y
Taila Santos,f7467152fd9f18a2,Joanne Wood,12f91bfa8f1f723b,Y
Rani Yahya,94527830000ab715,Kyung Ho Kang,a7897d200692ab64,Y
Adrian Yanez,0232cabbc30a2372,Davey Grant,113df4fde64735c6,Y
Pat Sabatini,b8bbdeff718dbb7d,Tucker Lutz,7832f2f62f04178f,Y
Rafa Garcia,e132d47bd9efbbe0,Natan Levy,a29db9cd4f9ccea5,Y
Loopy Godinez,8e5d953bdb9ae5e7,Loma Lookboonmee,4e30e4250cb08b61,Y
Cody Durden,7f6ed67d3ed3c036,Aoriqileng,7d420039bbfe7c1a,Y
Shayilan Nuerdanbieke,0a73acff6325c1e2,Sean Soriano,bd5403efbaa445c0,Y
Luana Pinheiro,a3a542074109b347,Sam Hughes,e94085e821bd81de,Y
Max Holloway,150ff4cc642270b9,Yair Rodriguez,cbf5e6f231b55443,Y
Marcos Rogerio de Lima,ab943cd2c3c17825,Ben Rothwell,bd58d34e39b7b12a,Y
Felicia Spencer,39d91e95949de3d9,Leah Letson,8cb78f3a6c2a08f7,Y
Khaos Williams,2558ae2e5671e318,Miguel Baeza,82d4c957649faf9b,Y
Song Yadong,efb96bf3e9ada36f,Julio Arce,1291edf2d566a71a,Y
Joel Alvarez,58bbef3770bb2dfc,Thiago Moises,d945aae53e3e54e6,Y
Andrea Lee,05fa626cb33d15b8,Cynthia Calvillo,98215d037be5bcb7,Y
Sean Woodson,4682bc59d5f55145,Collin Anglin,047a91d3d9c79b05,Y
Cortney Casey,5f179af5fffeb9f6,Liana Jojua,eebc23626e38f5dc,Y
Rafael Alves,029afd138865d20a,Marc Diakiese,32c355b04fc57f3a,Y
Da Woon Jung,74f9448b97bf8bec,Kennedy Nzechukwu,8667caa0451d245b,Y
Kamaru Usman,f1b2aa7853d1ed6e,Colby Covington,dc9572dd6ec74859,Y
Rose Namajunas,47b63240018d5d86,Zhang Weili,1ebe20ebbfa15e29,Y
Marlon Vera,7c7332319c14094c,Frankie Edgar,f2688492b9a525a3,Y
Shane Burgos,98d961097baaf308,Billy Quarantillo,aa171d55d4b5208f,Y
Justin Gaethje,9e8f6c728eb01124,Michael Chandler,4b93a88f3b1de35b,Y
Alex Pereira,e5549c82bfb5582d,Andreas Michailidis,79325a3c1a5c3bf4,Y
King Green,887961364be5ceb3,Al Iaquinta,59279a7c978f7da0,Y
Chris Curtis,5442f1bc4b47eaf3,Phil Hawes,547afe1017e72dbe,Y
Nassourdine Imavov,881bf86d4cba8578,Edmen Shahbazyan,4144798612ef96e5,Y
Ian Machado Garry,442c9011034ae1fd,Jordan Williams,e26bd53b751d61d9,Y
Chris Barnett,7a5e8c94a86f9895,Gian Villante,fcd448a2fe1a23cc,Y
Dustin Jacoby,e4277e87a789d687,John Allan,6ebe96a116e79e52,Y
Melsik Baghdasaryan,a52bc1e62cf0b7c6,Bruno Souza,0e5c4e72237461bb,Y
Ode Osbourne,6d68c1afe954f121,CJ Vergara,077e3ace32b72be9,Y
Glover Teixeira,7ff97850e8c32bda,Jan Blachowicz,99df7d0a2a08a8a8,Y
Petr Yan,d661ce4da776fc20,Cory Sandhagen,65f09bacd3957381,Y
Islam Makhachev,275aca31f61ba28c,Dan Hooker,193b9d1858bc4df3,Y
Alexander Volkov,279566840aa55bf2,Marcin Tybura,c9cf753cfdf77fc2,Y
Khamzat Chimaev,767755fd74662dbf,Li Jingliang,e64b96c07d7ce999,Y
Magomed Ankalaev,d802174b0c0c1f4e,Volkan Oezdemir,0845c81e37d3bcb3,Y
Amanda Ribas,beecb672a279223e,Virna Jandiroba,7dda2cf308f24a02,Y
Zubaira Tukhugov,aceffa19749c4dc0,Ricardo Ramos,1ae8f3c723aacff4,Y
Albert Duraev,6b7c7460855dbbb9,Roman Kopylov,9d83f6da776ff7d6,Y
Elizeu Zaleski dos Santos,8adcbd525fab8d9b,Benoit Saint Denis,c2299ec916bc7c56,Y
Michal Oleksiejczuk,0d65c432720accb9,Shamil Gamzatov,0d980975001ae3d8,Y
Lerone Murphy,396fe87b84ac2e1c,Makwan Amirkhani,87a1dc546b1c5caf,Y
Andre Petroski,5f61780fe5e9b6d0,Hu Yaozong,f1175ea3aafbf351,Y
Tagir Ulanbekov,f00ac08ab056af5d,Allan Nascimento,253076a23d03dcd0,Y
Marvin Vettori,7acbb0972e75281a,Paulo Costa,2e5c2aa8e4ab9d82,Y
Grant Dawson,99bd51917728c25d,Ricky Glenn,814ff3018127e8fc,N
Jessica-Rose Clark,6c8072b61c276e67,Joselyne Edwards,f9ab66e67240db7b,Y
Alex Caceres,7aa3d6964eff4877,SeungWoo Choi,a68575214ecad140,Y
Francisco Trinaldo,a8283a4f415e1eb9,Dwight Grant,8be158ca1e5ea6a0,Y
Nicolae Negumereanu,8c57c7b8c3bab0eb,Ike Villanueva,f9d0cae37dabfafc,Y
Gregory Rodrigues,d1c65d2cf2925ddd,JunYong Park,285ae0b4a68221f4,Y
Mason Jones,f6ad6a1e4d600e0d,David Onama,ffe9703408fb5964,Y
Tabatha Ricci,d25240135aee03e5,Maria Oliveira,37d752ec41ed84bb,Y
Jamie Pickett,830f60497fab345a,Laureano Staropoli,a12a8314adc1c1c9,Y
Jai Herbert,4c88a1db5a46c6a4,Khama Worthy,78e501478a36a018,Y
Jeff Molina,008ea710276c9606,Daniel Lacerda,31bb0772f21cabd8,Y
Randa Markos,4a57ebb14315b251,Livinha Souza,dab8cfbb6b1db10a,Y
Jonathan Martinez,f2477cf43c4975cc,Zviad Lazishvili,41498c2d1a87b154,Y
Norma Dumont,d3f5d33d61cd00c9,Aspen Ladd,d4691518d012b9e7,Y
Andrei Arlovski,3738e68d2261e60f,Carlos Felipe,a2ea77e974c5889f,Y
Jim Miller,d1941565abf50b16,Erick Gonzalez,a2ccf35a88346a91,Y
Manon Fiorot,34ff304266360297,Mayra Bueno Silva,cc8c623cca88f54f,Y
Nate Landwehr,583ee11abddfc581,Ludovit Klein,5b86d491d63890c5,Y
Bruno Silva,12ebd7d157e91701,Andrew Sanchez,fccf811c1e8b01c7,Y
Danny Roberts,a6cba6bb66c1a8c9,Ramazan Emeev,abd5fb12437eda21,Y
Luana Carolina,528b071cf3da7c56,Loopy Godinez,8e5d953bdb9ae5e7,Y
Batgerel Danaa,3b0a516d2921e0d6,Brandon Davis,cc351e408bbb7d43,Y
Ariane Carnelossi,c0d5c0c95c59050b,Istela Nunes,efc67b07eed39794,Y
Marina Rodriguez,cd2c4d30c6e13b47,Mackenzie Dern,7447e9f28508106a,Y
Randy Brown,c6aee362c7a7d482,Jared Gooden,c730a0be691dc081,Y
Matheus Nicolau,1a31ef98efce7a79,Tim Elliott,c96d9178c9ed9e62,Y
Mariya Agapova,a08ddd04eaffd81d,Sabina Mazo,70d2329a92864fdb,Y
Chris Gutierrez,45f0cc9d18f35137,Felipe Colares,dbac0a413af64bbe,Y
Alexandr Romanov,c0badf3243907e59,Jared Vanderaa,2b68d9f125d07b42,Y
Damon Jackson,29af297d9f1de0f8,Charles Rosa,40093d1d2d78394e,Y
Loopy Godinez,8e5d953bdb9ae5e7,Silvana Gomez Juarez,b4880ef2f838d4e1,Y
Steve Garcia,97cf1a2c7c5e7889,Charlie Ontiveros,318572f6f74b760d,Y
Thiago Santos,dea070ed4a2a8281,Johnny Walker,c21f26bbde777573,Y
Kevin Holland,3a46b268013afede,Kyle Daukaus,d6c0cdd7e467c440,N
Niko Price,d8da10db80131bec,Alex Oliveira,57b10fca4f9c9a7a,Y
Krzysztof Jotko,4e06913c91da5200,Misha Cirkunov,67f272324a030d00,Y
Alexander Hernandez,262a7d06203657e6,Mike Breeden,d80ee110748171ac,Y
Jared Gordon,7026eca45f65377b,Joe Solecki,af65aa688d13eedf,Y
Casey O'Neill,04835018f90b118c,Antonina Shevchenko,d7338bcb141abd2c,Y
Karol Rosa,351c4ec637380ad5,Bethe Correia,673ea7dcc786b1b3,Y
Jamie Mullarkey,af9f42e6894047fc,Devonte Smith,207773daeb4afa7b,Y
Douglas Silva de Andrade,3a314d9fa7c6825d,Gaetano Pirrello,8765559b6a29a421,Y
Stephanie Egger,5e6294b37bbef029,Shanna Young,568bbad0eaced57c,Y
Alejandro Perez,80daefbed11ce998,Johnny Eduardo,528c24b99fbaab79,Y
Alexander Volkanovski,e1248941344b3288,Brian Ortega,def8166ff24bd237,Y
Valentina Shevchenko,132deb59abae64b1,Lauren Murphy,729d4bd5a6cd0a97,Y
Robbie Lawler,f2925e6db404bf1d,Nick Diaz,f57a8a52ca401ed9,Y
Curtis Blaydes,fa6796c55d6c5440,Jairzinho Rozenstruik,2cd428e9606856fd,Y
Jessica Andrade,6a1901c62ab3870f,Cynthia Calvillo,98215d037be5bcb7,Y
Merab Dvalishvili,c03520b5c88ed6b4,Marlon Moraes,fea79f9bc8c68769,Y
Dan Hooker,193b9d1858bc4df3,Nasrat Haqparast,b7b84ccd221be298,Y
Chris Daukaus,d0aaedcf7ccd0b45,Shamil Abdurakhimov,2f5cbecbbe18bac4,Y
Taila Santos,f7467152fd9f18a2,Roxanne Modafferi,4498b382c65a7faa,Y
Jalin Turner,4d8fa64202cee4c1,Uros Medic,681399317dbf4701,Y
Nick Maximov,12585614e0ed2626,Cody Brundage,f14f644d41ade29f,Y
Matthew Semelsberger,4aa58269d0664b5b,Martin Sano,16a64f93f6678b7b,Y
Jonathan Pearce,87c0b1c696ddfb43,Omar Morales,a0e6753c42698f13,Y
Anthony Smith,d4c9dcd330403612,Ryan Spann,a67f5afa8d6a1b80,Y
Ion Cutelaba,cd13728ae1151f46,Devin Clark,cc7040fe76f0ef91,Y
Ariane da Silva,6551c64fbcd1a467,Mandy Bohm,297a2b35444c245b,Y
Arman Tsarukyan,eae48ff31db420c2,Christos Giagos,de45aaae23dfa392,Y
Nate Maness,6e9f40c706f91f32,Tony Gravely,601964f9654f911a,Y
Joaquin Buckley,b9437600497350f3,Antonio Arroyo,61fb8098ccf81c7f,Y
Tafon Nchukwi,6aae253467e8f9ce,Mike Rodriguez,18b602842a24f7c5,Y
Raquel Pennington,fc169c387b4b465d,Pannie Kianzad,91dac5e69e28d5b5,Y
Rongzhu,a13d755965a4ec9f,Brandon Jenkins,6a8928652fc01bee,Y
Montel Jackson,cc1a8b4b38b92c6d,JP Buys,0b362247806341e5,Y
Erin Blanchfield,669970f7feba8ecd,Sarah Alpar,49b130de1da2e1bf,Y
Carlston Harris,a53d30163304aa6e,Impa Kasanganay,257b0c8d6f199895,Y
Gustavo Lopez,93b62c5f2ba18e51,Alatengheili,1897b7b913736a7c,N
Hannah Goldy,26e3f3928b1891d9,Emily Whitmire,b3d21b2610dcfaeb,Y
Derek Brunson,b1a3e0aca758b322,Darren Till,9ce6d5a03af801b7,Y
Tom Aspinall,399afbabc02376b5,Serghei Spivac,e2f6b2769aaedd6c,Y
Alex Morono,cdb96af67d096b1e,David Zawada,3bb2dc8e87b10a46,Y
Khalil Rountree Jr.,749f572d1d3161fb,Modestas Bukauskas,476fe566d2df676e,Y
Paddy Pimblett,7826923b47f8d72a,Luigi Vendramini,2f1a257d6777096d,Y
Molly McCann,51018a31ddf31eb2,Ji Yeon Kim,a20f234df70f2182,Y
Jack Shore,b8a85389d115e35a,Liudvik Sholinian,1a54231796e24a3f,Y
Julian Erosa,902ec2cc48c8ae8a,Charles Jourdain,f1d64ae34e088832,Y
Marc-Andre Barriault,8e9eb3fc86db0f7d,Dalcha Lungiambula,ce632027bf2a871b,Y
Giga Chikadze,9560ff14eb3129f7,Edson Barboza,64a50dad704d1d49,Y
Bryan Battle,f626118b6da0e020,Gilbert Urbina,b12fb759e02378de,Y
Ricky Turcios,cd3d7e37ff2d679c,Brady Hiestand,7af33fc4435017f1,Y
Daniel Rodriguez,8a1f3b5c526cd6e6,Kevin Lee,ee9ebceabfd16fa7,Y
Andre Petroski,5f61780fe5e9b6d0,Micheal Gillmore,ce175eaafe867d1f,Y
Gerald Meerschaert,6ac9bc2953c47345,Makhmud Muradov,ea7e5bc78d9de658,Y
Abdul Razak Alhassan,eae431e70064e046,Alessio Di Chirico,77d7295d1b22c694,Y
Wellington Turman,4dcfb28c011c11b2,Sam Alvey,d156513a19acf856,Y
Dustin Jacoby,e4277e87a789d687,Darren Stewart,a17ad5a5048e8c3f,Y
JJ Aldrich,6fd953151d981979,Vanessa Demopoulos,2c483cf443f38ece,Y
Pat Sabatini,b8bbdeff718dbb7d,Jamall Emmers,e00a3dee329a51f7,Y
Mana Martinez,c0386644627a7ee5,Guido Cannetti,d05412b513b19621,Y
Jared Cannonier,13a0275fa13c4d26,Kelvin Gastelum,8c0580d4fff106c1,Y
Mark Madsen,da0995f19b749cfa,Clay Guida,c47df9303d318c67,Y
Parker Porter,ac40f7e3cbecdda4,Chase Sherman,01b352b6a9074d5c,Y
Saidyokub Kakhramonov,50a28b9f8314e008,Trevin Jones,ec23c1be628d8057,Y
Vinc Pichel,c77a953488e5607d,Austin Hubbard,d2cd7a69cc55e7ed,Y
Alexandre Pantoja,a0f0004aadf10b71,Brandon Royval,6e15f63b6c2e2c15,Y
Austin Lingo,305d73ede05e31ad,Luis Saldana,12e0fdc606f7e274,Y
Brian Kelleher,7be14eaed4c74856,Domingo Pilarte,4bf6b225ff6099c4,Y
Josiane Nunes,68d35296f566792b,Bea Malecki,b60c980f79b87ce8,Y
William Knight,5da33b8fbfa5ee95,Fabio Cherant,78a68f1dade6aaf7,Y
Ignacio Bahamondes,e4a47b07044ddd72,Roosevelt Roberts,37c5366d18ed6c05,Y
Ramiz Brahimaj,3d074044a33825e7,Sasha Palatnikov,a6c20202c701e5ca,Y
Ciryl Gane,787bb1f087ccff8a,Derrick Lewis,d3df1add9d9a7efb,Y
Jose Aldo,d0f3959b4a9747e6,Pedro Munhoz,6bd02119599741a4,Y
Vicente Luque,6d4b63c767106d3a,Michael Chiesa,c58f51dedb310998,Y
Tecia Pennington,31ef8b67e13495b3,Angela Hill,f0feeb2192937424,Y
Song Yadong,efb96bf3e9ada36f,Casey Kenney,e7bba7ce4d6c7b07,Y
Rafael Fiziev,c814b4c899793af6,King Green,887961364be5ceb3,Y
Vince Morales,37098a6e6c27fb66,Drako Rodriguez,dc3b9cf7641b7ab6,Y
Alonzo Menifield,a495f599e787614f,Ed Herman,06f36cf4bd97ec77,Y
Jessica Penne,c742287ed86a09bc,Karolina Kowalkiewicz,d7c3816669784109,Y
Manel Kape,5d1b7e3dd9e11074,Ode Osbourne,6d68c1afe954f121,Y
Miles Johns,46e0d677f91bacc0,Anderson Dos Santos,bbc9ab95fa766493,Y
Melissa Gatto,a4a80dd7336ffd59,Victoria Leonardo,9dedfdd91070ddd8,Y
Johnny Munoz,f6bcbd91b114ff58,Jamey Simmons,f0fad0e9f3b65752,Y
Sean Strickland,0d8011111be000b2,Uriah Hall,65578a75fa7900e3,Y
Cheyanne Vlismas,4959f10a62f3fec3,Gloria de Paula,5dd180c8b3196786,Y
Jared Gooden,c730a0be691dc081,Niklas Stolze,62f7097c04311193,Y
Melsik Baghdasaryan,a52bc1e62cf0b7c6,Collin Anglin,047a91d3d9c79b05,Y
Jason Witt,5f3805dda9661cba,Bryan Barberena,a331233f597090a5,Y
Chris Gruetzemacher,feaf00f3373435d6,Rafa Garcia,e132d47bd9efbbe0,Y
Danny Chavez,0de720c0f1d4ab9c,Kai Kamaka III,eee0ef3e2b14816b,N
Jinh Yu Frey,d05cb1e8d1b885d8,Ashley Yoder,b4c6c904a9ffc5e8,Y
Zarrukh Adashev,79cb2a690b9ba5e8,Ryan Benoit,20999e27ddd94bda,Y
Phil Rowe,8e382b585a92affe,Orion Cosce,2c010b26a3306969,Y
TJ Dillashaw,c849740a3ff51931,Cory Sandhagen,65f09bacd3957381,Y
Raulian Paiva,82b4e942781b1046,Kyler Phillips,60425d07ef4b91a7,Y
Darren Elkins,92a9aa9c93192871,Darrick Minner,34e516ab361afb1c,Y
Maycee Barber,6a740daf1b279661,Miranda Maverick,f29a6350c69f4a33,Y
Adrian Yanez,0232cabbc30a2372,Randy Costa,325ad0dd9126d3df,Y
Brendan Allen,2f181c0467965b98,Punahele Soriano,64facb6cc564262d,Y
Nassourdine Imavov,881bf86d4cba8578,Ian Heinisch,2e585c701f72fe55,Y
Mickey Gall,9e50097a89442158,Jordan Williams,e26bd53b751d61d9,Y
Julio Arce,1291edf2d566a71a,Andre Ewell,5f6f049d54728e88,Y
Sijara Eubanks,4234f0097c83fa62,Elise Reed,ac7c765882f2c68c,Y
Diana Belbita,d7e40dca3ae125be,Hannah Goldy,26e3f3928b1891d9,Y
Islam Makhachev,275aca31f61ba28c,Thiago Moises,d945aae53e3e54e6,Y
Miesha Tate,b96619b3acd7d9da,Marion Reneau,c7d297714d9ab1a4,Y
Mateusz Gamrot,72db2a14ffa73ece,Jeremy Stephens,18968f97ad34f15c,Y
Rodolfo Vieira,260e9e0d4954aea6,Dustin Stoltzfus,71505842fb6455c3,Y
Billy Quarantillo,aa171d55d4b5208f,Gabriel Benitez,436f970c9ea9169c,Y
Daniel Rodriguez,8a1f3b5c526cd6e6,Preston Parsons,9fe7af8b3fbe00a0,Y
Amanda Lemos,3df5493bb279226f,Montserrat Conejo Ruiz,1235b31de15d0c6e,Y
Sergey Morozov,2f6a993c7f547c13,Khalid Taha,b4537562f88ac582,Y
Malcolm Gordon,dee294e9717012c2,Francisco Figueiredo,cdadae5363b66eef,Y
Alan Baudot,c9a94278df042f46,Rodrigo Nascimento,d31a5546c0e9b213,N
Dustin Poirier,029eaff01e6bb8f0,Conor McGregor,f4c49976c75c5ab2,Y
Gilbert Burns,23024fdfc966410a,Stephen Thompson,4a28cb716c19157a,Y
Tai Tuivasa,c62fbc117d57b943,Greg Hardy,85073dbd1be65ed9,Y
Irene Aldana,578ef12674df1e6a,Yana Santos,3143bf892608139a,Y
Sean O'Malley,b50a426a33da0012,Kris Moutinho,9c27f3217891f3f0,Y
Max Griffin,b0d6a1d8ac3d563d,Carlos Condit,f9f07bb5a43535ed,Y
Michel Pereira,595db60957de51d3,Niko Price,d8da10db80131bec,Y
Ilia Topuria,54f64b5e283b0ce7,Ryan Hall,8866c6f509c19089,Y
Dricus Du Plessis,0d7b51c9d2649a6e,Trevin Giles,b27a1fcb56a3035a,Y
Jennifer Maia,8e1f36476ef02a6a,Jessica Eye,f72465a784c1b084,Y
Brad Tavares,0c6d9ea8306c029e,Omari Akhmedov,16690d100f995f8f,Y
Zhalgas Zhumagulov,55fa6ce3e522c8bb,Jerome Rivera,c9587d81e1d33925,Y
Ciryl Gane,787bb1f087ccff8a,Alexander Volkov,279566840aa55bf2,Y
Tanner Boser,04c8b08b16a5b99e,Ovince Saint Preux,50db8711c70196cd,Y
Timur Valiev,45e738622ea2c02c,Raoni Barcelos,b9f28e7045fdfce7,Y
Andre Fili,8fd808923cffff82,Daniel Pineda,361d49960a196976,N
Tim Means,4b47e71384a9522f,Nicolas Dalby,9d19d9e4aa2662e8,Y
Renato Moicano,b6452706b373eea1,Jai Herbert,4c88a1db5a46c6a4,Y
Kennedy Nzechukwu,8667caa0451d245b,Danilo Marques,687c15b2eddfaa63,Y
Shavkat Rakhmonov,01afe0916a40c7c5,Michel Prazeres,e51fcd9cd84c0b93,Y
Jeremiah Wells,d66a46de8d705353,Warlley Alves,d317a5e2b3f88c5f,Y
Marcin Prachnio,6370c1c1e12723d5,Ike Villanueva,f9d0cae37dabfafc,Y
Julia Avila,86d9dbe1bfcbade7,Julija Stoliarenko,a78a87d8c2bbb1cb,Y
Charles Rosa,40093d1d2d78394e,Justin Jaynes,304a21d0595e1a08,Y
Damir Hadzovic,38c626ca912c7bac,Yancy Medeiros,813550bc53b15fb0,Y
Chan Sung Jung,c451d67c09c55418,Dan Ige,82a5152216251682,Y
Serghei Spivac,e2f6b2769aaedd6c,Aleksei Oleinik,98c23cb6da5b3352,Y
Marlon Vera,7c7332319c14094c,Davey Grant,113df4fde64735c6,Y
SeungWoo Choi,a68575214ecad140,Julian Erosa,902ec2cc48c8ae8a,Y
Bruno Silva,12ebd7d157e91701,Wellington Turman,4dcfb28c011c11b2,Y
Matt Brown,31123249b0bbf52e,Dhiego Lima,e9213f53ddeca978,Y
Nicolae Negumereanu,8c57c7b8c3bab0eb,Aleksa Camur,c2a670b22d2e196f,Y
Virna Jandiroba,7dda2cf308f24a02,Kanako Murata,e0b0cf71e0d69dd0,Y
Khaos Williams,2558ae2e5671e318,Matthew Semelsberger,4aa58269d0664b5b,Y
Josh Parisian,b5da8f7d05e85a55,Roque Martinez,2c5a0b8317f8f27a,Y
Ricky Glenn,814ff3018127e8fc,Joaquim Silva,ae7fe94f117f98cf,Y
Casey O'Neill,04835018f90b118c,Lara Procopio,e99821959a840bb8,Y
Israel Adesanya,1338e2c7480bdf9e,Marvin Vettori,7acbb0972e75281a,Y
Brandon Moreno,792be9a24df82ed6,Deiveson Figueiredo,aa72b0f831d0bfe5,Y
Leon Edwards,f1fac969a1d70b08,Nate Diaz,8355922d564b152c,Y
Belal Muhammad,b1b0729d27936f2f,Demian Maia,427b5953ac8e3a27,Y
Paul Craig,eabf206b162b3b83,Jamahal Hill,5444c5a201d3ee5a,Y
Brad Riddell,37ed1ab2f8b819f4,Drew Dober,519e4fe37ce9ff75,Y
Eryk Anders,cad24459b28592ca,Darren Stewart,a17ad5a5048e8c3f,Y
Lauren Murphy,729d4bd5a6cd0a97,Joanne Wood,12f91bfa8f1f723b,Y
Movsar Evloev,76e2870ffafbe38f,Hakeem Dawodu,2c9d00968f818270,Y
Pannie Kianzad,91dac5e69e28d5b5,Alexis Davis,4c2d90e335e6df19,Y
Terrance McKinney,809bd1a871491508,Matt Frevola,dccb63727f2f5f74,Y
Steven Peterson,b93c06d09d1c4ac0,Chase Hooper,971246648e162f0d,Y
Fares Ziam,1e4f273069fb9e85,Luigi Vendramini,2f1a257d6777096d,Y
Carlos Felipe,a2ea77e974c5889f,Jake Collier,92fa1401b7927da3,Y
Jairzinho Rozenstruik,2cd428e9606856fd,Augusto Sakai,441eacbe20e0e80b,Y
Marcin Tybura,c9cf753cfdf77fc2,Walt Harris,03f982ca3735070c,Y
Roman Dolidze,327d5f279895110d,Laureano Staropoli,a12a8314adc1c1c9,Y
Santiago Ponzinibbio,6d1bffff14897645,Miguel Baeza,82d4c957649faf9b,Y
Gregory Rodrigues,d1c65d2cf2925ddd,Dusko Todorovic,866fd7b1a6c90e7f,Y
Montana De La Rosa,80d8aed0ca9b00f3,Ariane da Silva,6551c64fbcd1a467,Y
Ilir Latifi,e9a3aeb207578eea,Tanner Boser,04c8b08b16a5b99e,Y
Muslim Salikhov,447f9858ae78f921,Francisco Trinaldo,a8283a4f415e1eb9,Y
Kamuela Kirk,c7d7fda69ec410d3,Makwan Amirkhani,87a1dc546b1c5caf,Y
Alan Patrick,cd7763bcadb5d4c8,Mason Jones,f6ad6a1e4d600e0d,N
Manon Fiorot,34ff304266360297,Tabatha Ricci,d25240135aee03e5,Y
Sean Woodson,4682bc59d5f55145,Youssef Zalal,52c2ae6d2f2d2613,Y
Claudio Puelles,d747eb273a40a920,Jordan Leavitt,ac026518a9b4dc0f,Y
Rob Font,05339613bf8e9808,Cody Garbrandt,d8c7c61b176e3994,Y
Carla Esparza,d910665038efc639,Yan Xiaonan,c41d426cc7326d1b,Y
Jared Vanderaa,2b68d9f125d07b42,Justin Tafa,e13abac8089a801a,Y
Norma Dumont,d3f5d33d61cd00c9,Felicia Spencer,39d91e95949de3d9,Y
Ricardo Ramos,1ae8f3c723aacff4,Bill Algeo,9abc648e76c4493a,Y
Jack Hermansson,0a1942069c9ad6b6,Edmen Shahbazyan,4144798612ef96e5,Y
Ben Rothwell,bd58d34e39b7b12a,Chris Barnett,7a5e8c94a86f9895,Y
Court McGee,523fa774700d7d3f,Claudio Silva,6f7c616b98e18c29,Y
Bruno Silva,294aa73dbf37d281,Victor Rodriguez,f6e5972c9d16c40e,Y
Josh Culibao,6751eacd16bd59bc,Shayilan Nuerdanbieke,0a73acff6325c1e2,Y
David Dvorak,9ada30894bf04e19,Juancamilo Ronderos,4a043165cf47cab2,Y
Damir Ismagulov,135d124172a0bea3,Rafael Alves,029afd138865d20a,Y
Charles Oliveira,07225ba28ae309b6,Michael Chandler,4b93a88f3b1de35b,Y
Beneil Dariush,08af939f41b5a57b,Tony Ferguson,22a92d7f62195791,Y
Matt Schnell,67c1d46f4ed16f9e,Rogerio Bontorin,07a2bdaa0afdd831,N
Katlyn Cerminara,e872e9a9a902c045,Viviane Araujo,36541f1e6c5d4955,Y
Edson Barboza,64a50dad704d1d49,Shane Burgos,98d961097baaf308,Y
Andre Muniz,886264a0c9f4ea5e,Jacare Souza,7a703c565ccaa18f,Y
Lando Vannata,f9b200db02b488d9,Mike Grundy,56fcb2c4d99f9d1b,Y
Jordan Wright,c878270af633eb11,Jamie Pickett,830f60497fab345a,Y
Andrea Lee,05fa626cb33d15b8,Antonina Shevchenko,d7338bcb141abd2c,Y
Priscila Cachoeira,b1e5bcaad32a3cac,Gina Mazany,016a8d958883167c,Y
Tucker Lutz,7832f2f62f04178f,Kevin Aguilar,cf946e03ba2e7666,Y
Christos Giagos,de45aaae23dfa392,Sean Soriano,bd5403efbaa445c0,Y
Marina Rodriguez,cd2c4d30c6e13b47,Michelle Waterson-Gomez,eb04b9d31e938edb,Y
Alex Morono,cdb96af67d096b1e,Donald Cerrone,1d00756835ca67c9,Y
Neil Magny,84b3e7d38f2d2ec5,Geoff Neal,b997be68943010fc,Y
Marcos Rogerio de Lima,ab943cd2c3c17825,Maurice Greene,068f8a189a47fea6,Y
Gregor Gillespie,84ff027394f7e470,Diego Ferreira,f53d4f21d1b5f2dc,Y
Phil Hawes,547afe1017e72dbe,Kyle Daukaus,d6c0cdd7e467c440,Y
Michael Trizano,5bf31a46becc1204,Ludovit Klein,5b86d491d63890c5,Y
JunYong Park,285ae0b4a68221f4,Tafon Nchukwi,6aae253467e8f9ce,Y
Carlston Harris,a53d30163304aa6e,Christian Aguilera,ae071698e1a3ccd4,Y
Jiri Prochazka,009341ed974bad72,Dominick Reyes,2e19380f34871c6a,Y
Giga Chikadze,9560ff14eb3129f7,Cub Swanson,d247691a6c0e9034,Y
Ion Cutelaba,cd13728ae1151f46,Dustin Jacoby,e4277e87a789d687,N
Sean Strickland,0d8011111be000b2,Krzysztof Jotko,4e06913c91da5200,Y
Merab Dvalishvili,c03520b5c88ed6b4,Cody Stamann,bf7ad5628363eec9,Y
Luana Pinheiro,a3a542074109b347,Randa Markos,4a57ebb14315b251,Y
TJ Brown,d31cbcdd7d69536d,Kai Kamaka III,eee0ef3e2b14816b,Y
Luana Carolina,528b071cf3da7c56,Poliana Botelho,5c126c6aac3ef364,Y
Loma Lookboonmee,4e30e4250cb08b61,Sam Hughes,e94085e821bd81de,Y
Andreas Michailidis,79325a3c1a5c3bf4,KB Bhullar,9cd047a828dd7515,Y
Felipe Colares,dbac0a413af64bbe,Luke Sanders,96428b9e9bd048ea,Y
Kamaru Usman,f1b2aa7853d1ed6e,Jorge Masvidal,47b9e0e7703a4868,Y
Rose Namajunas,47b63240018d5d86,Zhang Weili,1ebe20ebbfa15e29,Y
Valentina Shevchenko,132deb59abae64b1,Jessica Andrade,6a1901c62ab3870f,Y
Uriah Hall,65578a75fa7900e3,Chris Weidman,3a8176e15b9887c1,Y
Anthony Smith,d4c9dcd330403612,Jimmy Crute,70e1f8a821b72c8b,Y
Randy Brown,c6aee362c7a7d482,Alex Oliveira,57b10fca4f9c9a7a,Y
Dwight Grant,8be158ca1e5ea6a0,Stefan Sekulic,348dff4e03bd18c6,Y
Brendan Allen,2f181c0467965b98,Karl Roberson,37d5b176d438d2a5,Y
Pat Sabatini,b8bbdeff718dbb7d,Tristan Connelly,2ebfbe72ed703925,Y
Batgerel Danaa,3b0a516d2921e0d6,Kevin Natividad,0c258d1d8e16e5f1,Y
Kazula Vargas,ec18eb918121787c,Rongzhu,a13d755965a4ec9f,Y
Jeff Molina,008ea710276c9606,Aoriqileng,7d420039bbfe7c1a,Y
Ariane Carnelossi,c0d5c0c95c59050b,Liang Na,ec0dcceace7d25a3,Y
Robert Whittaker,e1147d3d2dabe1ce,Kelvin Gastelum,8c0580d4fff106c1,Y
Andrei Arlovski,3738e68d2261e60f,Chase Sherman,01b352b6a9074d5c,Y
Jacob Malkoun,d4270315cbcf2569,Abdul Razak Alhassan,eae431e70064e046,Y
Tracy Cortez,68d4a891e5cf2029,Justine Kish,928ae2e5b5f7a9ec,Y
Luis Pena,2844b047183a1adb,Alexander Munoz,f8f1ec513bcfef43,Y
Alexandr Romanov,c0badf3243907e59,Juan Espino,ccf5dc41417e9daf,Y
Jessica Penne,c742287ed86a09bc,Loopy Godinez,8e5d953bdb9ae5e7,Y
Gerald Meerschaert,6ac9bc2953c47345,Bartosz Fabinski,e17ac6410c8377f4,Y
Austin Hubbard,d2cd7a69cc55e7ed,Dakota Bush,3033c1c080672475,Y
Tony Gravely,601964f9654f911a,Anthony Birchak,c5a126ace82a6025,Y
Marvin Vettori,7acbb0972e75281a,Kevin Holland,3a46b268013afede,Y
Arnold Allen,040a74bb0a465c54,Sodiq Yusuff,94426bb170c88115,Y
Julian Marquez,d0e1b42d41dab603,Sam Alvey,d156513a19acf856,Y
Mackenzie Dern,7447e9f28508106a,Nina Nunes,d343df8ba11f4c4e,Y
Daniel Rodriguez,8a1f3b5c526cd6e6,Mike Perry,f2b6fdb20675b11c,Y
Joe Solecki,af65aa688d13eedf,Jim Miller,d1941565abf50b16,Y
Mateusz Gamrot,72db2a14ffa73ece,Scott Holtzman,df1eb4354d18a906,Y
John Makdessi,c21a036b4e012f1c,Ignacio Bahamondes,e4a47b07044ddd72,Y
Jarjis Danho,8614b7134913f5d5,Yorgan De Castro,1eff7bc0f815b270,Y
Jack Shore,b8a85389d115e35a,Hunter Azure,2af2f2e26c4c0402,Y
Luis Saldana,12e0fdc606f7e274,Jordan Griffin,ebef46976554f975,Y
Da Woon Jung,74f9448b97bf8bec,William Knight,5da33b8fbfa5ee95,Y
Impa Kasanganay,257b0c8d6f199895,Sasha Palatnikov,a6c20202c701e5ca,Y
Francis Ngannou,8d03ce87ca14e778,Stipe Miocic,d28dee5c705991df,Y
Vicente Luque,6d4b63c767106d3a,Tyron Woodley,effd9de9937996f8,Y
Sean O'Malley,b50a426a33da0012,Thomas Almeida,2b074403b7c6cdb4,Y
Miranda Maverick,f29a6350c69f4a33,Gillian Robertson,38c7f72747f4f712,Y
Jamie Mullarkey,af9f42e6894047fc,Khama Worthy,78e501478a36a018,Y
Alonzo Menifield,a495f599e787614f,Fabio Cherant,78a68f1dade6aaf7,Y
Abubakar Nurmagomedov,029e1293e609fd74,Jared Gooden,c730a0be691dc081,Y
Michal Oleksiejczuk,0d65c432720accb9,Modestas Bukauskas,476fe566d2df676e,Y
Omar Morales,a0e6753c42698f13,Shane Young,4cd8b03aee1d0138,Y
Marc-Andre Barriault,8e9eb3fc86db0f7d,Abu Azaitar,46d0a888d87d91ac,Y
Derek Brunson,b1a3e0aca758b322,Kevin Holland,3a46b268013afede,Y
Max Griffin,b0d6a1d8ac3d563d,Song Kenan,32490e80ddab1e5a,Y
Montserrat Conejo Ruiz,1235b31de15d0c6e,Cheyanne Vlismas,4959f10a62f3fec3,Y
Adrian Yanez,0232cabbc30a2372,Gustavo Lopez,93b62c5f2ba18e51,Y
Tai Tuivasa,c62fbc117d57b943,Harry Hunsucker,f703250471acaf96,Y
Macy Chiasson,9cdd2da1a9104a0b,Marion Reneau,c7d297714d9ab1a4,Y
Grant Dawson,99bd51917728c25d,Leonardo Santos,9c65736747ca92ec,Y
Trevin Giles,b27a1fcb56a3035a,Roman Dolidze,327d5f279895110d,Y
Montel Jackson,cc1a8b4b38b92c6d,Jesse Strader,8c39367b53eadf8a,Y
Bruno Silva,294aa73dbf37d281,JP Buys,0b362247806341e5,Y
Leon Edwards,f1fac969a1d70b08,Belal Muhammad,b1b0729d27936f2f,N
Ryan Spann,a67f5afa8d6a1b80,Misha Cirkunov,67f272324a030d00,Y
Dan Ige,82a5152216251682,Gavin Tucker,da816417a579a0bd,Y
Davey Grant,113df4fde64735c6,Jonathan Martinez,f2477cf43c4975cc,Y
Matheus Nicolau,1a31ef98efce7a79,Manel Kape,5d1b7e3dd9e11074,Y
Eryk Anders,cad24459b28592ca,Darren Stewart,a17ad5a5048e8c3f,N
Angela Hill,f0feeb2192937424,Ashley Yoder,b4c6c904a9ffc5e8,Y
Charles Jourdain,f1d64ae34e088832,Marcelo Rojo,2804ce8dadab5770,Y
Rani Yahya,94527830000ab715,Ray Rodriguez,90e0985df05e51bc,Y
Nasrat Haqparast,b7b84ccd221be298,Rafa Garcia,e132d47bd9efbbe0,Y
JJ Aldrich,6fd953151d981979,Cortney Casey,5f179af5fffeb9f6,Y
Jinh Yu Frey,d05cb1e8d1b885d8,Gloria de Paula,5dd180c8b3196786,Y
Matthew Semelsberger,4aa58269d0664b5b,Jason Witt,5f3805dda9661cba,Y
Jan Blachowicz,99df7d0a2a08a8a8,Israel Adesanya,1338e2c7480bdf9e,Y
Amanda Nunes,80fa8218c99f9c58,Megan Anderson,a0e75f4a13eb73f1,Y
Aljamain Sterling,cb696ebfb6598724,Petr Yan,d661ce4da776fc20,Y
Islam Makhachev,275aca31f61ba28c,Drew Dober,519e4fe37ce9ff75,Y
Aleksandar Rakic,333b9e5c723ac873,Thiago Santos,dea070ed4a2a8281,Y
Dominick Cruz,10f3ba6cd2f44a97,Casey Kenney,e7bba7ce4d6c7b07,Y
Kyler Phillips,60425d07ef4b91a7,Song Yadong,efb96bf3e9ada36f,Y
Askar Askarov,b1d19449397541dc,Joseph Benavidez,80eacd4da0617c57,Y
Kai Kara-France,853eb0dd5c0e2149,Rogerio Bontorin,07a2bdaa0afdd831,Y
Tim Elliott,c96d9178c9ed9e62,Jordan Espinosa,215a70f073a7b726,Y
Kennedy Nzechukwu,8667caa0451d245b,Carlos Ulberg,9014c02eff8b3d62,Y
Sean Brady,45f7cb591c3ab00b,Jake Matthews,a845f0735bc67405,Y
Amanda Lemos,3df5493bb279226f,Livinha Souza,dab8cfbb6b1db10a,Y
Uros Medic,681399317dbf4701,Aalon Cruz,003d82fa384ca1d0,Y
Trevin Jones,ec23c1be628d8057,Mario Bautista,bc711b6dd95c1af6,Y
Ciryl Gane,787bb1f087ccff8a,Jairzinho Rozenstruik,2cd428e9606856fd,Y
Magomed Ankalaev,d802174b0c0c1f4e,Nikita Krylov,1091d4d957141094,Y
Montana De La Rosa,80d8aed0ca9b00f3,Mayra Bueno Silva,cc8c623cca88f54f,N
Pedro Munhoz,6bd02119599741a4,Jimmie Rivera,9c907996820d2d69,Y
Alex Caceres,7aa3d6964eff4877,Kevin Croom,35b3772629e27a49,Y
Thiago Moises,d945aae53e3e54e6,Alexander Hernandez,262a7d06203657e6,Y
Alexis Davis,4c2d90e335e6df19,Sabina Mazo,70d2329a92864fdb,Y
Ronnie Lawrence,e7e01e266a9d4342,Vince Cachero,ed2a8cc402173781,Y
Dustin Jacoby,e4277e87a789d687,Maxim Grishin,950d0ef5c17157c5,Y
Derrick Lewis,d3df1add9d9a7efb,Curtis Blaydes,fa6796c55d6c5440,Y
Yana Santos,3143bf892608139a,Ketlen Vieira,b9706f80d005036c,Y
Darrick Minner,34e516ab361afb1c,Charles Rosa,40093d1d2d78394e,Y
Chris Daukaus,d0aaedcf7ccd0b45,Aleksei Oleinik,98c23cb6da5b3352,Y
Phil Hawes,547afe1017e72dbe,Nassourdine Imavov,881bf86d4cba8578,Y
Tom Aspinall,399afbabc02376b5,Andrei Arlovski,3738e68d2261e60f,Y
Jared Gordon,7026eca45f65377b,Danny Chavez,0de720c0f1d4ab9c,Y
John Castaneda,5fa2974cbd18e05c,Eddie Wineland,fc9a9559a05f2704,Y
Julian Erosa,902ec2cc48c8ae8a,Nate Landwehr,583ee11abddfc581,Y
Casey O'Neill,04835018f90b118c,Shana Dobson,122ac9b816d8b71c,Y
Aiemann Zahabi,24656ef4d605c96f,Drako Rodriguez,dc3b9cf7641b7ab6,Y
Serghei Spivac,e2f6b2769aaedd6c,Jared Vanderaa,2b68d9f125d07b42,Y
Kamaru Usman,f1b2aa7853d1ed6e,Gilbert Burns,23024fdfc966410a,Y
Alexa Grasso,e8b731feff72294b,Maycee Barber,6a740daf1b279661,Y
Kelvin Gastelum,8c0580d4fff106c1,Ian Heinisch,2e585c701f72fe55,Y
Ricky Simon,5987b2458f4b5290,Brian Kelleher,7be14eaed4c74856,Y
Julian Marquez,d0e1b42d41dab603,Maki Pitolo,c549573c0df4d676,Y
Anthony Hernandez,093e1f5bb73850be,Rodolfo Vieira,260e9e0d4954aea6,Y
Belal Muhammad,b1b0729d27936f2f,Dhiego Lima,e9213f53ddeca978,Y
Polyana Viana,9673a497a9da119a,Mallory Martin,19b7738321cfae42,Y
Chris Gutierrez,45f0cc9d18f35137,Andre Ewell,5f6f049d54728e88,Y
Gabe Green,5eb50529a8418b77,Phil Rowe,8e382b585a92affe,Y
Alexander Volkov,279566840aa55bf2,Alistair Overeem,b4ad3a06ee4d660c,Y
Cory Sandhagen,65f09bacd3957381,Frankie Edgar,f2688492b9a525a3,Y
Clay Guida,c47df9303d318c67,Michael Johnson,511e82663651438d,Y
Alexandre Pantoja,a0f0004aadf10b71,Manel Kape,5d1b7e3dd9e11074,Y
Beneil Dariush,08af939f41b5a57b,Diego Ferreira,f53d4f21d1b5f2dc,Y
Danilo Marques,687c15b2eddfaa63,Mike Rodriguez,18b602842a24f7c5,Y
Devonte Smith,207773daeb4afa7b,Justin Jaynes,304a21d0595e1a08,Y
Karol Rosa,351c4ec637380ad5,Joselyne Edwards,f9ab66e67240db7b,Y
Lara Procopio,e99821959a840bb8,Molly McCann,51018a31ddf31eb2,Y
SeungWoo Choi,a68575214ecad140,Youssef Zalal,52c2ae6d2f2d2613,Y
Timur Valiev,45e738622ea2c02c,Martin Day,ea3dcc417c322064,Y
Ode Osbourne,6d68c1afe954f121,Jerome Rivera,c9587d81e1d33925,Y
Dustin Poirier,029eaff01e6bb8f0,Conor McGregor,f4c49976c75c5ab2,Y
Michael Chandler,4b93a88f3b1de35b,Dan Hooker,193b9d1858bc4df3,Y
Joanne Wood,12f91bfa8f1f723b,Jessica Eye,f72465a784c1b084,Y
Makhmud Muradov,ea7e5bc78d9de658,Andrew Sanchez,fccf811c1e8b01c7,Y
Marina Rodriguez,cd2c4d30c6e13b47,Amanda Ribas,beecb672a279223e,Y
Arman Tsarukyan,eae48ff31db420c2,Matt Frevola,dccb63727f2f5f74,Y
Brad Tavares,0c6d9ea8306c029e,Antonio Carlos Junior,52e76bb4b3e852f3,Y
Julianna Pena,3253b16d38ae087d,Sara McMann,7be74a12d7352df2,Y
Marcin Prachnio,6370c1c1e12723d5,Khalil Rountree Jr.,749f572d1d3161fb,Y
Movsar Evloev,76e2870ffafbe38f,Nik Lentz,6fb1ba67bef41b37,Y
Amir Albazi,6d35bf94f7d30241,Zhalgas Zhumagulov,55fa6ce3e522c8bb,Y
Michael Chiesa,c58f51dedb310998,Neil Magny,84b3e7d38f2d2ec5,Y
Warlley Alves,d317a5e2b3f88c5f,Mounir Lazzez,49ee5024966efc0d,Y
Ike Villanueva,f9d0cae37dabfafc,Vinicius Moreira,acb36c908d415c4a,Y
Viviane Araujo,36541f1e6c5d4955,Roxanne Modafferi,4498b382c65a7faa,Y
Matt Schnell,67c1d46f4ed16f9e,Tyson Nam,6e00cfffd54653c4,Y
Lerone Murphy,396fe87b84ac2e1c,Douglas Silva de Andrade,3a314d9fa7c6825d,Y
Omari Akhmedov,16690d100f995f8f,Tom Breese,1588b787bda7b540,Y
Ricky Simon,5987b2458f4b5290,Gaetano Pirrello,8765559b6a29a421,Y
Sumudaerji,3cf18e01cb6cbde3,Zarrukh Adashev,79cb2a690b9ba5e8,Y
Dalcha Lungiambula,ce632027bf2a871b,Markus Perez,2ac4628c08ec5125,Y
Francisco Figueiredo,cdadae5363b66eef,Jerome Rivera,c9587d81e1d33925,Y
Mike Davis,fb3e61720be4690c,Mason Jones,f6ad6a1e4d600e0d,Y
Umar Nurmagomedov,2b6fc1c02736833d,Sergey Morozov,2f6a993c7f547c13,Y
Manon Fiorot,34ff304266360297,Victoria Leonardo,9dedfdd91070ddd8,Y
Max Holloway,150ff4cc642270b9,Calvin Kattar,751de04455cfaac0,Y
Carlos Condit,f9f07bb5a43535ed,Matt Brown,31123249b0bbf52e,Y
Li Jingliang,e64b96c07d7ce999,Santiago Ponzinibbio,6d1bffff14897645,Y
Alessio Di Chirico,77d7295d1b22c694,Joaquin Buckley,b9437600497350f3,Y
Punahele Soriano,64facb6cc564262d,Dusko Todorovic,866fd7b1a6c90e7f,Y
Joselyne Edwards,f9ab66e67240db7b,Wu Yanan,fdbefee0827e1567,Y
Carlos Felipe,a2ea77e974c5889f,Justin Tafa,e13abac8089a801a,Y
Ramazan Emeev,abd5fb12437eda21,David Zawada,3bb2dc8e87b10a46,Y
Vanessa Melo,9b7dfb3b7d99926a,Sarah Moras,539ed332b3078821,Y
Austin Lingo,305d73ede05e31ad,Jacob Kilburn,637bd06c32219f0b,Y
Stephen Thompson,4a28cb716c19157a,Geoff Neal,b997be68943010fc,Y
Jose Aldo,d0f3959b4a9747e6,Marlon Vera,7c7332319c14094c,Y
Michel Pereira,595db60957de51d3,Khaos Williams,2558ae2e5671e318,Y
Rob Font,05339613bf8e9808,Marlon Moraes,fea79f9bc8c68769,Y
Marcin Tybura,c9cf753cfdf77fc2,Greg Hardy,85073dbd1be65ed9,Y
Anthony Pettis,cbb682f5fcc44bfc,Alex Morono,cdb96af67d096b1e,Y
Pannie Kianzad,91dac5e69e28d5b5,Sijara Eubanks,4234f0097c83fa62,Y
Deron Winn,483a953b18d73bb3,Antonio Arroyo,61fb8098ccf81c7f,Y
Taila Santos,f7467152fd9f18a2,Gillian Robertson,38c7f72747f4f712,Y
Tafon Nchukwi,6aae253467e8f9ce,Jamie Pickett,830f60497fab345a,Y
Jimmy Flick,09e62c450e754913,Cody Durden,7f6ed67d3ed3c036,Y
Christos Giagos,de45aaae23dfa392,Carlton Minus,40d8b74488743800,Y
Deiveson Figueiredo,aa72b0f831d0bfe5,Brandon Moreno,792be9a24df82ed6,N
Charles Oliveira,07225ba28ae309b6,Tony Ferguson,22a92d7f62195791,Y
Mackenzie Dern,7447e9f28508106a,Virna Jandiroba,7dda2cf308f24a02,Y
Kevin Holland,3a46b268013afede,Jacare Souza,7a703c565ccaa18f,Y
Ciryl Gane,787bb1f087ccff8a,Junior Dos Santos,63def5a5662a6917,Y
Cub Swanson,d247691a6c0e9034,Daniel Pineda,361d49960a196976,Y
Rafael Fiziev,c814b4c899793af6,Renato Moicano,b6452706b373eea1,Y
Gavin Tucker,da816417a579a0bd,Billy Quarantillo,aa171d55d4b5208f,Y
Tecia Pennington,31ef8b67e13495b3,Sam Hughes,e94085e821bd81de,Y
Chase Hooper,971246648e162f0d,Peter Barrett,d21113c9ff3788ae,Y
Marvin Vettori,7acbb0972e75281a,Jack Hermansson,0a1942069c9ad6b6,Y
Jamahal Hill,5444c5a201d3ee5a,Ovince Saint Preux,50db8711c70196cd,Y
Gabriel Benitez,436f970c9ea9169c,Justin Jaynes,304a21d0595e1a08,Y
Roman Dolidze,327d5f279895110d,John Allan,6ebe96a116e79e52,Y
Jordan Leavitt,ac026518a9b4dc0f,Matt Wiman,eb29176b03dfa888,Y
Louis Smolka,d2bc285ead803db0,Jose Quinonez,36549928f90f1d36,Y
Ilia Topuria,54f64b5e283b0ce7,Damon Jackson,29af297d9f1de0f8,Y
Jake Collier,92fa1401b7927da3,Gian Villante,fcd448a2fe1a23cc,Y
Anthony Smith,d4c9dcd330403612,Devin Clark,cc7040fe76f0ef91,Y
Miguel Baeza,82d4c957649faf9b,Takashi Sato,8abac218746e04ca,Y
Parker Porter,ac40f7e3cbecdda4,Josh Parisian,b5da8f7d05e85a55,Y
Bill Algeo,9abc648e76c4493a,Spike Carlyle,be68b375707dcb85,Y
Norma Dumont,d3f5d33d61cd00c9,Ashlee Evans-Smith,fc6e681bf6658faf,Y
Jonathan Pearce,87c0b1c696ddfb43,Kai Kamaka III,eee0ef3e2b14816b,Y
Anderson Dos Santos,bbc9ab95fa766493,Martin Day,ea3dcc417c322064,Y
Gina Mazany,016a8d958883167c,Rachael Ostovich,01784fbc27c68b14,Y
Sumudaerji,3cf18e01cb6cbde3,Malcolm Gordon,dee294e9717012c2,Y
Nate Maness,6e9f40c706f91f32,Luke Sanders,96428b9e9bd048ea,Y
Deiveson Figueiredo,aa72b0f831d0bfe5,Alex Perez,ab2b4ff41d6ebe0f,Y
Valentina Shevchenko,132deb59abae64b1,Jennifer Maia,8e1f36476ef02a6a,Y
Tim Means,4b47e71384a9522f,Mike Perry,f2b6fdb20675b11c,Y
Katlyn Cerminara,e872e9a9a902c045,Cynthia Calvillo,98215d037be5bcb7,Y
Paul Craig,eabf206b162b3b83,Mauricio Rua,140745cbbcb023ac,Y
Brandon Moreno,792be9a24df82ed6,Brandon Royval,6e15f63b6c2e2c15,Y
Joaquin Buckley,b9437600497350f3,Jordan Wright,c878270af633eb11,Y
Antonina Shevchenko,d7338bcb141abd2c,Ariane da Silva,6551c64fbcd1a467,Y
Nicolas Dalby,9d19d9e4aa2662e8,Daniel Rodriguez,8a1f3b5c526cd6e6,Y
Alan Jouban,cf65d56b0755ed3b,Jared Gooden,c730a0be691dc081,Y
Kyle Daukaus,d6c0cdd7e467c440,Dustin Stoltzfus,71505842fb6455c3,Y
Sasha Palatnikov,a6c20202c701e5ca,Louis Cosce,afe8d5b39ff7fca2,Y
Rafael Dos Anjos,6a2f7c151031653d,Paul Felder,e5010b1b94ca5755,Y
Khaos Williams,2558ae2e5671e318,Abdul Razak Alhassan,eae431e70064e046,Y
Ashley Yoder,b4c6c904a9ffc5e8,Miranda Granger,7559395ad833c074,Y
Sean Strickland,0d8011111be000b2,Brendan Allen,2f181c0467965b98,Y
Cory McKenna,3351aa64aa83c4d9,Kay Hansen,4100c7a09497ad41,Y
Kanako Murata,e0b0cf71e0d69dd0,Randa Markos,4a57ebb14315b251,Y
Tony Gravely,601964f9654f911a,Geraldo de Freitas,9cfbfae5fa1fdd93,Y
Alex Morono,cdb96af67d096b1e,Rhys McKee,f748267c4ab6c127,Y
Don'Tale Mayes,1a9480fc288e55d7,Roque Martinez,2c5a0b8317f8f27a,Y
Glover Teixeira,7ff97850e8c32bda,Thiago Santos,dea070ed4a2a8281,Y
Andrei Arlovski,3738e68d2261e60f,Tanner Boser,04c8b08b16a5b99e,Y
Raoni Barcelos,b9f28e7045fdfce7,Khalid Taha,b4537562f88ac582,Y
Giga Chikadze,9560ff14eb3129f7,Jamey Simmons,f0fad0e9f3b65752,Y
Yan Xiaonan,c41d426cc7326d1b,Claudia Gadelha,ec34349e7dffcde7,Y
Trevin Giles,b27a1fcb56a3035a,Bevon Lewis,899923ff6ab13917,Y
Alexandr Romanov,c0badf3243907e59,Marcos Rogerio de Lima,ab943cd2c3c17825,Y
Darren Elkins,92a9aa9c93192871,Eduardo Garagorri,7bde387d50829adf,Y
Max Griffin,b0d6a1d8ac3d563d,Ramiz Brahimaj,3d074044a33825e7,Y
Gustavo Lopez,93b62c5f2ba18e51,Anthony Birchak,c5a126ace82a6025,Y
Uriah Hall,65578a75fa7900e3,Anderson Silva,1f454354805b6f75,Y
Bryce Mitchell,d9c6f19f958643e9,Andre Fili,8fd808923cffff82,Y
Greg Hardy,85073dbd1be65ed9,Maurice Greene,068f8a189a47fea6,Y
Kevin Holland,3a46b268013afede,Charlie Ontiveros,318572f6f74b760d,Y
Thiago Moises,d945aae53e3e54e6,King Green,887961364be5ceb3,Y
Alexander Hernandez,262a7d06203657e6,Chris Gruetzemacher,feaf00f3373435d6,Y
Adrian Yanez,0232cabbc30a2372,Victor Rodriguez,f6e5972c9d16c40e,Y
Sean Strickland,0d8011111be000b2,Jack Marshman,045f25b3a4c08e81,Y
Jason Witt,5f3805dda9661cba,Cole Williams,f9a20a17d712ef7c,Y
Dustin Jacoby,e4277e87a789d687,Justin Ledet,ba1e6cb3d43f7430,Y
Miles Johns,46e0d677f91bacc0,Kevin Natividad,0c258d1d8e16e5f1,Y
Khabib Nurmagomedov,032cc3922d871c7f,Justin Gaethje,9e8f6c728eb01124,Y
Robert Whittaker,e1147d3d2dabe1ce,Jared Cannonier,13a0275fa13c4d26,Y
Alexander Volkov,279566840aa55bf2,Walt Harris,03f982ca3735070c,Y
Phil Hawes,547afe1017e72dbe,Jacob Malkoun,d4270315cbcf2569,Y
Lauren Murphy,729d4bd5a6cd0a97,Liliya Shakirova,f300763147320d12,Y
Magomed Ankalaev,d802174b0c0c1f4e,Ion Cutelaba,cd13728ae1151f46,Y
Tai Tuivasa,c62fbc117d57b943,Stefan Struve,ebc1f40e00e0c481,Y
Casey Kenney,e7bba7ce4d6c7b07,Nathaniel Wood,329e403448756217,Y
Shavkat Rakhmonov,01afe0916a40c7c5,Alex Oliveira,57b10fca4f9c9a7a,Y
Da Woon Jung,74f9448b97bf8bec,Sam Alvey,d156513a19acf856,N
Miranda Maverick,f29a6350c69f4a33,Liana Jojua,eebc23626e38f5dc,Y
Joel Alvarez,58bbef3770bb2dfc,Alexander Yakovlev,d06f8869449ba7bd,Y
Brian Ortega,def8166ff24bd237,Chan Sung Jung,c451d67c09c55418,Y
Jessica Andrade,6a1901c62ab3870f,Katlyn Cerminara,e872e9a9a902c045,Y
Jimmy Crute,70e1f8a821b72c8b,Modestas Bukauskas,476fe566d2df676e,Y
James Krause,8f6a18831a120817,Claudio Silva,6f7c616b98e18c29,Y
Jonathan Martinez,f2477cf43c4975cc,Thomas Almeida,2b074403b7c6cdb4,Y
Guram Kutateladze,7772b283d288dbe2,Mateusz Gamrot,72db2a14ffa73ece,Y
Gillian Robertson,38c7f72747f4f712,Poliana Botelho,5c126c6aac3ef364,Y
JunYong Park,285ae0b4a68221f4,John Phillips,e9ac7bfb65c25497,Y
Fares Ziam,1e4f273069fb9e85,Jamie Mullarkey,af9f42e6894047fc,Y
Maxim Grishin,950d0ef5c17157c5,Gadzhimurad Antigulov,af997f7611673880,Y
Said Nurmagomedov,0fd5f4b838e890cc,Mark Striegl,ef1182eb28c17d4e,Y
Cory Sandhagen,65f09bacd3957381,Marlon Moraes,fea79f9bc8c68769,Y
Edson Barboza,64a50dad704d1d49,Makwan Amirkhani,87a1dc546b1c5caf,Y
Marcin Tybura,c9cf753cfdf77fc2,Ben Rothwell,bd58d34e39b7b12a,Y
Dricus Du Plessis,0d7b51c9d2649a6e,Markus Perez,2ac4628c08ec5125,Y
Tom Aspinall,399afbabc02376b5,Alan Baudot,c9a94278df042f46,Y
Ilia Topuria,54f64b5e283b0ce7,Youssef Zalal,52c2ae6d2f2d2613,Y
Tom Breese,1588b787bda7b540,KB Bhullar,9cd047a828dd7515,Y
Chris Daukaus,d0aaedcf7ccd0b45,Rodrigo Nascimento,d31a5546c0e9b213,Y
Joaquin Buckley,b9437600497350f3,Impa Kasanganay,257b0c8d6f199895,Y
Tony Kelley,1a08b01fdabb6ae2,Ali AlQaisi,e87a13e02c01331d,Y
Giga Chikadze,9560ff14eb3129f7,Omar Morales,a0e6753c42698f13,Y
Tracy Cortez,68d4a891e5cf2029,Stephanie Egger,5e6294b37bbef029,Y
Tagir Ulanbekov,f00ac08ab056af5d,Bruno Silva,294aa73dbf37d281,Y
Holly Holm,634e2fb70bde3fd5,Irene Aldana,578ef12674df1e6a,Y
Carlos Felipe,a2ea77e974c5889f,Yorgan De Castro,1eff7bc0f815b270,Y
Germaine de Randamie,1d239d571e342453,Julianna Pena,3253b16d38ae087d,Y
Kyler Phillips,60425d07ef4b91a7,Cameron Else,5f3da9a9610d8969,Y
Dusko Todorovic,866fd7b1a6c90e7f,Dequan Townsend,3f7dab21b6c971bc,Y
Carlos Condit,f9f07bb5a43535ed,Court McGee,523fa774700d7d3f,Y
Charles Jourdain,f1d64ae34e088832,Josh Culibao,6751eacd16bd59bc,N
Nassourdine Imavov,881bf86d4cba8578,Jordan Williams,e26bd53b751d61d9,Y
Loma Lookboonmee,4e30e4250cb08b61,Jinh Yu Frey,d05cb1e8d1b885d8,Y
Casey Kenney,e7bba7ce4d6c7b07,Alatengheili,1897b7b913736a7c,Y
Luigi Vendramini,2f1a257d6777096d,Jessin Ayari,6eaec40f724852f4,Y
Israel Adesanya,1338e2c7480bdf9e,Paulo Costa,2e5c2aa8e4ab9d82,Y
Jan Blachowicz,99df7d0a2a08a8a8,Dominick Reyes,2e19380f34871c6a,Y
Brandon Royval,6e15f63b6c2e2c15,Kai Kara-France,853eb0dd5c0e2149,Y
Ketlen Vieira,b9706f80d005036c,Sijara Eubanks,4234f0097c83fa62,Y
Hakeem Dawodu,2c9d00968f818270,Zubaira Tukhugov,aceffa19749c4dc0,Y
Brad Riddell,37ed1ab2f8b819f4,Alex Da Silva,c3ded6f7155f9ea4,Y
Jake Matthews,a845f0735bc67405,Diego Sanchez,82e7929bf6c2b689,Y
Ludovit Klein,5b86d491d63890c5,Shane Young,4cd8b03aee1d0138,Y
William Knight,5da33b8fbfa5ee95,Aleksa Camur,c2a670b22d2e196f,Y
Juan Espino,ccf5dc41417e9daf,Jeff Hughes,6a11e325aa60ad02,Y
Danilo Marques,687c15b2eddfaa63,Khadis Ibragimov,c3218c810959d279,Y
Colby Covington,dc9572dd6ec74859,Tyron Woodley,effd9de9937996f8,Y
Donald Cerrone,1d00756835ca67c9,Niko Price,d8da10db80131bec,N
Khamzat Chimaev,767755fd74662dbf,Gerald Meerschaert,6ac9bc2953c47345,Y
Johnny Walker,c21f26bbde777573,Ryan Spann,a67f5afa8d6a1b80,Y
Mackenzie Dern,7447e9f28508106a,Randa Markos,4a57ebb14315b251,Y
Kevin Holland,3a46b268013afede,Darren Stewart,a17ad5a5048e8c3f,Y
David Dvorak,9ada30894bf04e19,Jordan Espinosa,215a70f073a7b726,Y
Damon Jackson,29af297d9f1de0f8,Mirsad Bektic,cbd3e590a85b18c5,Y
Mayra Bueno Silva,cc8c623cca88f54f,Mara Romero Borella,82cbb809d5ee565c,Y
Jessica-Rose Clark,6c8072b61c276e67,Sarah Alpar,49b130de1da2e1bf,Y
Darrick Minner,34e516ab361afb1c,TJ Laramie,cd2e5a390821fb48,Y
Randy Costa,325ad0dd9126d3df,Journey Newson,78f485f851891d68,Y
Andre Ewell,5f6f049d54728e88,Irwin Rivera,06a80a685ea98573,Y
Tyson Nam,6e00cfffd54653c4,Jerome Rivera,c9587d81e1d33925,Y
Michelle Waterson-Gomez,eb04b9d31e938edb,Angela Hill,f0feeb2192937424,Y
Ottman Azaitar,ee18ff42063174df,Khama Worthy,78e501478a36a018,Y
Roxanne Modafferi,4498b382c65a7faa,Andrea Lee,05fa626cb33d15b8,Y
Ed Herman,06f36cf4bd97ec77,Mike Rodriguez,18b602842a24f7c5,Y
King Green,887961364be5ceb3,Alan Patrick,cd7763bcadb5d4c8,Y
Billy Quarantillo,aa171d55d4b5208f,Kyle Nelson,31f8081c7600da93,Y
Sijara Eubanks,4234f0097c83fa62,Julia Avila,86d9dbe1bfcbade7,Y
Roosevelt Roberts,37c5366d18ed6c05,Kevin Croom,35b3772629e27a49,N
Alexandr Romanov,c0badf3243907e59,Roque Martinez,2c5a0b8317f8f27a,Y
Jalin Turner,4d8fa64202cee4c1,Brok Weaver,7c9f96f9a6a5cd50,Y
Bryan Barberena,a331233f597090a5,Anthony Ivy,3c5005b66696d790,Y
Sabina Mazo,70d2329a92864fdb,Justine Kish,928ae2e5b5f7a9ec,Y
Alistair Overeem,b4ad3a06ee4d660c,Augusto Sakai,441eacbe20e0e80b,Y
Ovince Saint Preux,50db8711c70196cd,Alonzo Menifield,a495f599e787614f,Y
Michel Pereira,595db60957de51d3,Zelim Imadaev,7f0f171414d0a287,Y
Andre Muniz,886264a0c9f4ea5e,Bartosz Fabinski,e17ac6410c8377f4,Y
Brian Kelleher,7be14eaed4c74856,Ray Rodriguez,90e0985df05e51bc,Y
Viviane Araujo,36541f1e6c5d4955,Montana De La Rosa,80d8aed0ca9b00f3,Y
Hunter Azure,2af2f2e26c4c0402,Cole Smith,56709e66f1c6008f,Y
Aleksandar Rakic,333b9e5c723ac873,Anthony Smith,d4c9dcd330403612,Y
Neil Magny,84b3e7d38f2d2ec5,Robbie Lawler,f2925e6db404bf1d,Y
Alexa Grasso,e8b731feff72294b,Ji Yeon Kim,a20f234df70f2182,Y
Ricardo Lamas,3974fa35c917af1d,Bill Algeo,9abc648e76c4493a,Y
Impa Kasanganay,257b0c8d6f199895,Maki Pitolo,c549573c0df4d676,Y
Zak Cummings,4ba8d454f762005d,Alessio Di Chirico,77d7295d1b22c694,Y
Alex Caceres,7aa3d6964eff4877,Austin Springer,37cc294027f55e4d,Y
Sean Brady,45f7cb591c3ab00b,Christian Aguilera,ae071698e1a3ccd4,Y
Polyana Viana,9673a497a9da119a,Emily Whitmire,b3d21b2610dcfaeb,Y
Mallory Martin,19b7738321cfae42,Hannah Cifers,2244d9a2b64b8c3b,Y
Frankie Edgar,f2688492b9a525a3,Pedro Munhoz,6bd02119599741a4,Y
Mike Rodriguez,18b602842a24f7c5,Marcin Prachnio,6370c1c1e12723d5,Y
Joe Solecki,af65aa688d13eedf,Austin Hubbard,d2cd7a69cc55e7ed,Y
Shana Dobson,122ac9b816d8b71c,Mariya Agapova,a08ddd04eaffd81d,Y
Daniel Rodriguez,8a1f3b5c526cd6e6,Dwight Grant,8be158ca1e5ea6a0,Y
Amanda Lemos,3df5493bb279226f,Mizuki,43a59ce3bb40449e,Y
Jordan Wright,c878270af633eb11,Ike Villanueva,f9d0cae37dabfafc,Y
Matthew Semelsberger,4aa58269d0664b5b,Carlton Minus,40d8b74488743800,Y
Timur Valiev,45e738622ea2c02c,Trevin Jones,ec23c1be628d8057,N
Stipe Miocic,d28dee5c705991df,Daniel Cormier,d967f0128c323de6,Y
Marlon Vera,7c7332319c14094c,Sean O'Malley,b50a426a33da0012,Y
Jairzinho Rozenstruik,2cd428e9606856fd,Junior Dos Santos,63def5a5662a6917,Y
Daniel Pineda,361d49960a196976,Herbert Burns,4f140403000158b5,Y
Merab Dvalishvili,c03520b5c88ed6b4,John Dodson,99506df1af6c8b3b,Y
Vinc Pichel,c77a953488e5607d,Jim Miller,d1941565abf50b16,Y
Virna Jandiroba,7dda2cf308f24a02,Felice Herrig,b6850671a008bf9a,Y
Danny Chavez,0de720c0f1d4ab9c,TJ Brown,d31cbcdd7d69536d,Y
Livinha Souza,dab8cfbb6b1db10a,Ashley Yoder,b4c6c904a9ffc5e8,Y
Chris Daukaus,d0aaedcf7ccd0b45,Parker Porter,ac40f7e3cbecdda4,Y
Kai Kamaka III,eee0ef3e2b14816b,Tony Kelley,1a08b01fdabb6ae2,Y
Derrick Lewis,d3df1add9d9a7efb,Aleksei Oleinik,98c23cb6da5b3352,Y
Chris Weidman,3a8176e15b9887c1,Omari Akhmedov,16690d100f995f8f,Y
Darren Stewart,a17ad5a5048e8c3f,Maki Pitolo,c549573c0df4d676,Y
Yana Santos,3143bf892608139a,Julija Stoliarenko,a78a87d8c2bbb1cb,Y
Beneil Dariush,08af939f41b5a57b,Scott Holtzman,df1eb4354d18a906,Y
Tim Means,4b47e71384a9522f,Laureano Staropoli,a12a8314adc1c1c9,Y
Kevin Holland,3a46b268013afede,Joaquin Buckley,b9437600497350f3,Y
Nasrat Haqparast,b7b84ccd221be298,Alexander Munoz,f8f1ec513bcfef43,Y
Andrew Sanchez,fccf811c1e8b01c7,Wellington Turman,4dcfb28c011c11b2,Y
Gavin Tucker,da816417a579a0bd,Justin Jaynes,304a21d0595e1a08,Y
Youssef Zalal,52c2ae6d2f2d2613,Peter Barrett,d21113c9ff3788ae,Y
Irwin Rivera,06a80a685ea98573,Ali AlQaisi,e87a13e02c01331d,Y
Derek Brunson,b1a3e0aca758b322,Edmen Shahbazyan,4144798612ef96e5,Y
Jennifer Maia,8e1f36476ef02a6a,Joanne Wood,12f91bfa8f1f723b,Y
Vicente Luque,6d4b63c767106d3a,Randy Brown,c6aee362c7a7d482,Y
King Green,887961364be5ceb3,Lando Vannata,f9b200db02b488d9,Y
Jonathan Martinez,f2477cf43c4975cc,Frankie Saenz,9ba2226646046b63,Y
Nate Maness,6e9f40c706f91f32,Johnny Munoz,f6bcbd91b114ff58,Y
Jamall Emmers,e00a3dee329a51f7,Vince Cachero,ed2a8cc402173781,Y
Chris Gutierrez,45f0cc9d18f35137,Cody Durden,7f6ed67d3ed3c036,N
Robert Whittaker,e1147d3d2dabe1ce,Darren Till,9ce6d5a03af801b7,Y
Mauricio Rua,140745cbbcb023ac,Rogerio Nogueira,73e09f837f3b5ecc,Y
Fabricio Werdum,492b202d2064e7a9,Alexander Gustafsson,3c6976f8182d9527,Y
Carla Esparza,d910665038efc639,Marina Rodriguez,cd2c4d30c6e13b47,Y
Paul Craig,eabf206b162b3b83,Gadzhimurad Antigulov,af997f7611673880,Y
Alex Oliveira,57b10fca4f9c9a7a,Peter Sobotta,1fcfc3709fe58151,Y
Khamzat Chimaev,767755fd74662dbf,Rhys McKee,f748267c4ab6c127,Y
Francisco Trinaldo,a8283a4f415e1eb9,Jai Herbert,4c88a1db5a46c6a4,Y
Nicolas Dalby,9d19d9e4aa2662e8,Jesse Ronson,5580771f383e141f,N
Tom Aspinall,399afbabc02376b5,Jake Collier,92fa1401b7927da3,Y
Movsar Evloev,76e2870ffafbe38f,Mike Grundy,56fcb2c4d99f9d1b,Y
Tanner Boser,04c8b08b16a5b99e,Raphael Pessoa,41f90012b86a11bf,Y
Pannie Kianzad,91dac5e69e28d5b5,Bethe Correia,673ea7dcc786b1b3,Y
Ramazan Emeev,abd5fb12437eda21,Niklas Stolze,62f7097c04311193,Y
Nathaniel Wood,329e403448756217,John Castaneda,5fa2974cbd18e05c,Y
Deiveson Figueiredo,aa72b0f831d0bfe5,Joseph Benavidez,80eacd4da0617c57,Y
Jack Hermansson,0a1942069c9ad6b6,Kelvin Gastelum,8c0580d4fff106c1,Y
Rafael Fiziev,c814b4c899793af6,Marc Diakiese,32c355b04fc57f3a,Y
Ariane da Silva,6551c64fbcd1a467,Luana Carolina,528b071cf3da7c56,Y
Askar Askarov,b1d19449397541dc,Alexandre Pantoja,a0f0004aadf10b71,Y
Roman Dolidze,327d5f279895110d,Khadis Ibragimov,c3218c810959d279,Y
Grant Dawson,99bd51917728c25d,Nad Narimani,776a58a67665a171,Y
Joel Alvarez,58bbef3770bb2dfc,Joe Duffy,654ae722109a0d31,Y
Brett Johns,ec52462a1b41f714,Montel Jackson,cc1a8b4b38b92c6d,Y
Amir Albazi,6d35bf94f7d30241,Malcolm Gordon,dee294e9717012c2,Y
Arman Tsarukyan,eae48ff31db420c2,Davi Ramos,0052de90691d4a93,Y
Serghei Spivac,e2f6b2769aaedd6c,Carlos Felipe,a2ea77e974c5889f,Y
Calvin Kattar,751de04455cfaac0,Dan Ige,82a5152216251682,Y
Tim Elliott,c96d9178c9ed9e62,Ryan Benoit,20999e27ddd94bda,Y
Jimmie Rivera,9c907996820d2d69,Cody Stamann,bf7ad5628363eec9,Y
Taila Santos,f7467152fd9f18a2,Molly McCann,51018a31ddf31eb2,Y
Mounir Lazzez,49ee5024966efc0d,Abdul Razak Alhassan,eae431e70064e046,Y
Khamzat Chimaev,767755fd74662dbf,John Phillips,e9ac7bfb65c25497,Y
Lerone Murphy,396fe87b84ac2e1c,Ricardo Ramos,1ae8f3c723aacff4,Y
Modestas Bukauskas,476fe566d2df676e,Andreas Michailidis,79325a3c1a5c3bf4,Y
Jared Gordon,7026eca45f65377b,Chris Fishgold,bebb4ae55ac2bf6f,Y
Liana Jojua,eebc23626e38f5dc,Diana Belbita,d7e40dca3ae125be,Y
Jack Shore,b8a85389d115e35a,Aaron Phillips,34c2b3656f88f7ef,Y
Kamaru Usman,f1b2aa7853d1ed6e,Jorge Masvidal,47b9e0e7703a4868,Y
Alexander Volkanovski,e1248941344b3288,Max Holloway,150ff4cc642270b9,Y
Petr Yan,d661ce4da776fc20,Jose Aldo,d0f3959b4a9747e6,Y
Rose Namajunas,47b63240018d5d86,Jessica Andrade,6a1901c62ab3870f,Y
Amanda Ribas,beecb672a279223e,Paige VanZant,4d5197f331c47290,Y
Jiri Prochazka,009341ed974bad72,Volkan Oezdemir,0845c81e37d3bcb3,Y
Muslim Salikhov,447f9858ae78f921,Elizeu Zaleski dos Santos,8adcbd525fab8d9b,Y
Makwan Amirkhani,87a1dc546b1c5caf,Danny Henry,f7d73e452b064bf2,Y
Leonardo Santos,9c65736747ca92ec,Roman Bogatov,d61316139d68dbe3,Y
Marcin Tybura,c9cf753cfdf77fc2,Maxim Grishin,950d0ef5c17157c5,Y
Raulian Paiva,82b4e942781b1046,Zhalgas Zhumagulov,55fa6ce3e522c8bb,Y
Karol Rosa,351c4ec637380ad5,Vanessa Melo,9b7dfb3b7d99926a,Y
Davey Grant,113df4fde64735c6,Martin Day,ea3dcc417c322064,Y
Dustin Poirier,029eaff01e6bb8f0,Dan Hooker,193b9d1858bc4df3,Y
Mike Perry,f2b6fdb20675b11c,Mickey Gall,9e50097a89442158,Y
Maurice Greene,068f8a189a47fea6,Gian Villante,fcd448a2fe1a23cc,Y
Brendan Allen,2f181c0467965b98,Kyle Daukaus,d6c0cdd7e467c440,Y
Takashi Sato,8abac218746e04ca,Jason Witt,5f3805dda9661cba,Y
Julian Erosa,902ec2cc48c8ae8a,Sean Woodson,4682bc59d5f55145,Y
Khama Worthy,78e501478a36a018,Luis Pena,2844b047183a1adb,Y
Tanner Boser,04c8b08b16a5b99e,Philipe Lins,53c943c873cffe90,Y
Kay Hansen,4100c7a09497ad41,Jinh Yu Frey,d05cb1e8d1b885d8,Y
Youssef Zalal,52c2ae6d2f2d2613,Jordan Griffin,ebef46976554f975,Y
Curtis Blaydes,fa6796c55d6c5440,Alexander Volkov,279566840aa55bf2,Y
Josh Emmett,fba03cd6cc28dc41,Shane Burgos,98d961097baaf308,Y
Raquel Pennington,fc169c387b4b465d,Marion Reneau,c7d297714d9ab1a4,Y
Belal Muhammad,b1b0729d27936f2f,Lyman Good,4e0692ad070976e4,Y
Jim Miller,d1941565abf50b16,Roosevelt Roberts,37c5366d18ed6c05,Y
King Green,887961364be5ceb3,Clay Guida,c47df9303d318c67,Y
Tecia Pennington,31ef8b67e13495b3,Brianna Fortino,b53c46f613f6f248,Y
Marc-Andre Barriault,8e9eb3fc86db0f7d,Oskar Piechota,1cf7ccf64a5bf24e,N
Gillian Robertson,38c7f72747f4f712,Cortney Casey,5f179af5fffeb9f6,Y
Justin Jaynes,304a21d0595e1a08,Frank Camacho,764342d39cdaa54a,Y
Lauren Murphy,729d4bd5a6cd0a97,Roxanne Modafferi,4498b382c65a7faa,Y
Austin Hubbard,d2cd7a69cc55e7ed,Max Rohskopf,59a27d2e6d0802ac,Y
Cynthia Calvillo,98215d037be5bcb7,Jessica Eye,f72465a784c1b084,Y
Marvin Vettori,7acbb0972e75281a,Karl Roberson,37d5b176d438d2a5,Y
Charles Rosa,40093d1d2d78394e,Kevin Aguilar,cf946e03ba2e7666,Y
Andre Fili,8fd808923cffff82,Charles Jourdain,f1d64ae34e088832,Y
Jordan Espinosa,215a70f073a7b726,Mark De La Rosa,f57dd0bfa8c17813,Y
Mariya Agapova,a08ddd04eaffd81d,Hannah Cifers,2244d9a2b64b8c3b,Y
Merab Dvalishvili,c03520b5c88ed6b4,Gustavo Lopez,93b62c5f2ba18e51,Y
Julia Avila,86d9dbe1bfcbade7,Gina Mazany,016a8d958883167c,Y
Tyson Nam,6e00cfffd54653c4,Zarrukh Adashev,79cb2a690b9ba5e8,Y
Christian Aguilera,ae071698e1a3ccd4,Anthony Ivy,3c5005b66696d790,Y
Amanda Nunes,80fa8218c99f9c58,Felicia Spencer,39d91e95949de3d9,Y
Cody Garbrandt,d8c7c61b176e3994,Raphael Assuncao,2f13e4020cea5b38,Y
Aljamain Sterling,cb696ebfb6598724,Cory Sandhagen,65f09bacd3957381,Y
Neil Magny,84b3e7d38f2d2ec5,Anthony Rocco Martin,5331b25a60417ffb,Y
Sean O'Malley,b50a426a33da0012,Eddie Wineland,fc9a9559a05f2704,Y
Alex Caceres,7aa3d6964eff4877,Chase Hooper,971246648e162f0d,Y
Ian Heinisch,2e585c701f72fe55,Gerald Meerschaert,6ac9bc2953c47345,Y
Cody Stamann,bf7ad5628363eec9,Brian Kelleher,7be14eaed4c74856,Y
Maki Pitolo,c549573c0df4d676,Charles Byrd,76ee3d666c648f6b,Y
Alex Perez,ab2b4ff41d6ebe0f,Jussier Formiga,b102c26727306ab6,Y
Devin Clark,cc7040fe76f0ef91,Alonzo Menifield,a495f599e787614f,Y
Herbert Burns,4f140403000158b5,Evan Dunham,e5c9de15bb58b1c6,Y
Gilbert Burns,23024fdfc966410a,Tyron Woodley,effd9de9937996f8,Y
Augusto Sakai,441eacbe20e0e80b,Blagoy Ivanov,1788eee370f077b7,Y
Billy Quarantillo,aa171d55d4b5208f,Spike Carlyle,be68b375707dcb85,Y
Roosevelt Roberts,37c5366d18ed6c05,Brok Weaver,7c9f96f9a6a5cd50,Y
Mackenzie Dern,7447e9f28508106a,Hannah Cifers,2244d9a2b64b8c3b,Y
Katlyn Cerminara,e872e9a9a902c045,Antonina Shevchenko,d7338bcb141abd2c,Y
Daniel Rodriguez,8a1f3b5c526cd6e6,Gabe Green,5eb50529a8418b77,Y
Jamahal Hill,5444c5a201d3ee5a,Klidson Abreu,7279654c7674cd24,N
Brandon Royval,6e15f63b6c2e2c15,Tim Elliott,c96d9178c9ed9e62,Y
Casey Kenney,e7bba7ce4d6c7b07,Louis Smolka,d2bc285ead803db0,Y
Chris Gutierrez,45f0cc9d18f35137,Vince Morales,37098a6e6c27fb66,Y
Alistair Overeem,b4ad3a06ee4d660c,Walt Harris,03f982ca3735070c,Y
Claudia Gadelha,ec34349e7dffcde7,Angela Hill,f0feeb2192937424,Y
Dan Ige,82a5152216251682,Edson Barboza,64a50dad704d1d49,Y
Krzysztof Jotko,4e06913c91da5200,Eryk Anders,cad24459b28592ca,Y
Song Yadong,efb96bf3e9ada36f,Marlon Vera,7c7332319c14094c,Y
Miguel Baeza,82d4c957649faf9b,Matt Brown,31123249b0bbf52e,Y
Kevin Holland,3a46b268013afede,Anthony Hernandez,093e1f5bb73850be,Y
Giga Chikadze,9560ff14eb3129f7,Irwin Rivera,06a80a685ea98573,Y
Nate Landwehr,583ee11abddfc581,Darren Elkins,92a9aa9c93192871,Y
Cortney Casey,5f179af5fffeb9f6,Mara Romero Borella,82cbb809d5ee565c,Y
Rodrigo Nascimento,d31a5546c0e9b213,Don'Tale Mayes,1a9480fc288e55d7,Y
Glover Teixeira,7ff97850e8c32bda,Anthony Smith,d4c9dcd330403612,Y
Ben Rothwell,bd58d34e39b7b12a,Ovince Saint Preux,50db8711c70196cd,Y
Drew Dober,519e4fe37ce9ff75,Alexander Hernandez,262a7d06203657e6,Y
Ricky Simon,5987b2458f4b5290,Ray Borg,a4de54ea806fb525,Y
Andrei Arlovski,3738e68d2261e60f,Philipe Lins,53c943c873cffe90,Y
Thiago Moises,d945aae53e3e54e6,Michael Johnson,511e82663651438d,Y
Sijara Eubanks,4234f0097c83fa62,Sarah Moras,539ed332b3078821,Y
Omar Morales,a0e6753c42698f13,Gabriel Benitez,436f970c9ea9169c,Y
Brian Kelleher,7be14eaed4c74856,Hunter Azure,2af2f2e26c4c0402,Y
Chase Sherman,01b352b6a9074d5c,Ike Villanueva,f9d0cae37dabfafc,Y
Justin Gaethje,9e8f6c728eb01124,Tony Ferguson,22a92d7f62195791,Y
Henry Cejudo,056c493bbd76a918,Dominick Cruz,10f3ba6cd2f44a97,Y
Francis Ngannou,8d03ce87ca14e778,Jairzinho Rozenstruik,2cd428e9606856fd,Y
Calvin Kattar,751de04455cfaac0,Jeremy Stephens,18968f97ad34f15c,Y
Greg Hardy,85073dbd1be65ed9,Yorgan De Castro,1eff7bc0f815b270,Y
Anthony Pettis,cbb682f5fcc44bfc,Donald Cerrone,1d00756835ca67c9,Y
Aleksei Oleinik,98c23cb6da5b3352,Fabricio Werdum,492b202d2064e7a9,Y
Carla Esparza,d910665038efc639,Michelle Waterson-Gomez,eb04b9d31e938edb,Y
Vicente Luque,6d4b63c767106d3a,Niko Price,d8da10db80131bec,Y
Bryce Mitchell,d9c6f19f958643e9,Charles Rosa,40093d1d2d78394e,Y
Ryan Spann,a67f5afa8d6a1b80,Sam Alvey,d156513a19acf856,Y
Charles Oliveira,07225ba28ae309b6,Kevin Lee,ee9ebceabfd16fa7,Y
Gilbert Burns,23024fdfc966410a,Demian Maia,427b5953ac8e3a27,Y
Renato Moicano,b6452706b373eea1,Damir Hadzovic,38c626ca912c7bac,Y
Nikita Krylov,1091d4d957141094,Johnny Walker,c21f26bbde777573,Y
Francisco Trinaldo,a8283a4f415e1eb9,John Makdessi,c21a036b4e012f1c,Y
Brandon Moreno,792be9a24df82ed6,Jussier Formiga,b102c26727306ab6,Y
Amanda Ribas,beecb672a279223e,Randa Markos,4a57ebb14315b251,Y
Elizeu Zaleski dos Santos,8adcbd525fab8d9b,Aleksei Kunchenko,e2ccd9a9ace60de7,Y
Rani Yahya,94527830000ab715,Enrique Barzola,be0b310a12eb80b4,N
Maryna Moroz,b4192a975027aab6,Mayra Bueno Silva,cc8c623cca88f54f,Y
David Dvorak,9ada30894bf04e19,Bruno Silva,294aa73dbf37d281,Y
Bea Malecki,b60c980f79b87ce8,Veronica Hardy,4798e823ada58fe9,Y
Israel Adesanya,1338e2c7480bdf9e,Yoel Romero,f77c68bb4be8516d,Y
Zhang Weili,1ebe20ebbfa15e29,Joanna Jedrzejczyk,3d6749c4267da18f,Y
Beneil Dariush,08af939f41b5a57b,Drakkar Klose,7cbf7c78d3b34218,Y
Neil Magny,84b3e7d38f2d2ec5,Li Jingliang,e64b96c07d7ce999,Y
Alex Oliveira,57b10fca4f9c9a7a,Max Griffin,b0d6a1d8ac3d563d,Y
Sean O'Malley,b50a426a33da0012,Jose Quinonez,36549928f90f1d36,Y
Mark Madsen,da0995f19b749cfa,Austin Hubbard,d2cd7a69cc55e7ed,Y
Rodolfo Vieira,260e9e0d4954aea6,Saparbeg Safarov,88d7b6d8230e1f3f,Y
Gerald Meerschaert,6ac9bc2953c47345,Deron Winn,483a953b18d73bb3,Y
Giga Chikadze,9560ff14eb3129f7,Jamall Emmers,e00a3dee329a51f7,Y
Batgerel Danaa,3b0a516d2921e0d6,Guido Cannetti,d05412b513b19621,Y
Deiveson Figueiredo,aa72b0f831d0bfe5,Joseph Benavidez,80eacd4da0617c57,Y
Felicia Spencer,39d91e95949de3d9,Zarah Fairn,862b0b3375aa4b6e,Y
Magomed Ankalaev,d802174b0c0c1f4e,Ion Cutelaba,cd13728ae1151f46,Y
Megan Anderson,a0e75f4a13eb73f1,Norma Dumont,d3f5d33d61cd00c9,Y
Grant Dawson,99bd51917728c25d,Darrick Minner,34e516ab361afb1c,Y
Kyler Phillips,60425d07ef4b91a7,Gabriel Silva,002ca196477ce572,Y
Brendan Allen,2f181c0467965b98,Tom Breese,1588b787bda7b540,Y
Marcin Tybura,c9cf753cfdf77fc2,Serghei Spivac,e2f6b2769aaedd6c,Y
Luis Pena,2844b047183a1adb,Steve Garcia,97cf1a2c7c5e7889,Y
Jordan Griffin,ebef46976554f975,TJ Brown,d31cbcdd7d69536d,Y
Spike Carlyle,be68b375707dcb85,Aalon Cruz,003d82fa384ca1d0,Y
Sean Brady,45f7cb591c3ab00b,Ismail Naurdiev,6a96ad1bc34fb113,Y
Dan Hooker,193b9d1858bc4df3,Paul Felder,e5010b1b94ca5755,Y
Jimmy Crute,70e1f8a821b72c8b,Michal Oleksiejczuk,0d65c432720accb9,Y
Yan Xiaonan,c41d426cc7326d1b,Karolina Kowalkiewicz,d7c3816669784109,Y
Marcos Rogerio de Lima,ab943cd2c3c17825,Ben Sosoli,326f94d6cfb1bf25,Y
Brad Riddell,37ed1ab2f8b819f4,Magomed Mustafaev,31d7446b184e3305,Y
Zubaira Tukhugov,aceffa19749c4dc0,Kevin Aguilar,cf946e03ba2e7666,Y
Jalin Turner,4d8fa64202cee4c1,Josh Culibao,6751eacd16bd59bc,Y
Jake Matthews,a845f0735bc67405,Emil Meek,103b06d8707895a9,Y
Song Kenan,32490e80ddab1e5a,Callan Potter,8fc9ae9c7527dfcb,Y
Kai Kara-France,853eb0dd5c0e2149,Tyson Nam,6e00cfffd54653c4,Y
Angela Hill,f0feeb2192937424,Loma Lookboonmee,4e30e4250cb08b61,Y
Priscila Cachoeira,b1e5bcaad32a3cac,Shana Dobson,122ac9b816d8b71c,Y
Jan Blachowicz,99df7d0a2a08a8a8,Corey Anderson,5e4eec08896c9423,Y
Diego Sanchez,82e7929bf6c2b689,Michel Pereira,595db60957de51d3,Y
Montana De La Rosa,80d8aed0ca9b00f3,Mara Romero Borella,82cbb809d5ee565c,Y
Brok Weaver,7c9f96f9a6a5cd50,Kazula Vargas,ec18eb918121787c,Y
Ray Borg,a4de54ea806fb525,Rogerio Bontorin,07a2bdaa0afdd831,Y
Lando Vannata,f9b200db02b488d9,Yancy Medeiros,813550bc53b15fb0,Y
Daniel Rodriguez,8a1f3b5c526cd6e6,Tim Means,4b47e71384a9522f,Y
John Dodson,99506df1af6c8b3b,Nathaniel Wood,329e403448756217,Y
Scott Holtzman,df1eb4354d18a906,Jim Miller,d1941565abf50b16,Y
Devin Clark,cc7040fe76f0ef91,Dequan Townsend,3f7dab21b6c971bc,Y
Merab Dvalishvili,c03520b5c88ed6b4,Casey Kenney,e7bba7ce4d6c7b07,Y
Macy Chiasson,9cdd2da1a9104a0b,Shanna Young,568bbad0eaced57c,Y
Raulian Paiva,82b4e942781b1046,Mark De La Rosa,f57dd0bfa8c17813,Y
Jon Jones,07f72a2a7591b409,Dominick Reyes,2e19380f34871c6a,Y
Valentina Shevchenko,132deb59abae64b1,Katlyn Cerminara,e872e9a9a902c045,Y
Justin Tafa,e13abac8089a801a,Juan Adams,83b00f7597e5ac83,Y
Dan Ige,82a5152216251682,Mirsad Bektic,cbd3e590a85b18c5,Y
Derrick Lewis,d3df1add9d9a7efb,Ilir Latifi,e9a3aeb207578eea,Y
Trevin Giles,b27a1fcb56a3035a,James Krause,8f6a18831a120817,Y
Lauren Murphy,729d4bd5a6cd0a97,Andrea Lee,05fa626cb33d15b8,Y
Khaos Williams,2558ae2e5671e318,Alex Morono,cdb96af67d096b1e,Y
Mario Bautista,bc711b6dd95c1af6,Miles Johns,46e0d677f91bacc0,Y
Domingo Pilarte,4bf6b225ff6099c4,Journey Newson,78f485f851891d68,N
Andre Ewell,5f6f049d54728e88,Jonathan Martinez,f2477cf43c4975cc,Y
Youssef Zalal,52c2ae6d2f2d2613,Austin Lingo,305d73ede05e31ad,Y
Curtis Blaydes,fa6796c55d6c5440,Junior Dos Santos,63def5a5662a6917,Y
Michael Chiesa,c58f51dedb310998,Rafael Dos Anjos,6a2f7c151031653d,Y
Alex Perez,ab2b4ff41d6ebe0f,Jordan Espinosa,215a70f073a7b726,Y
Angela Hill,f0feeb2192937424,Hannah Cifers,2244d9a2b64b8c3b,Y
Jamahal Hill,5444c5a201d3ee5a,Darko Stosic,025f0b1b58fbad01,Y
Bevon Lewis,899923ff6ab13917,Dequan Townsend,3f7dab21b6c971bc,Y
Arnold Allen,040a74bb0a465c54,Nik Lentz,6fb1ba67bef41b37,Y
Justine Kish,928ae2e5b5f7a9ec,Lucie Pudilova,3cf66c62d9069f43,Y
Montel Jackson,cc1a8b4b38b92c6d,Felipe Colares,dbac0a413af64bbe,Y
Sara McMann,7be74a12d7352df2,Lina Lansberg,2eeaefbfc7f9fcff,Y
Brett Johns,ec52462a1b41f714,Tony Gravely,601964f9654f911a,Y
Herbert Burns,4f140403000158b5,Nate Landwehr,583ee11abddfc581,Y
Conor McGregor,f4c49976c75c5ab2,Donald Cerrone,1d00756835ca67c9,Y
Holly Holm,634e2fb70bde3fd5,Raquel Pennington,fc169c387b4b465d,Y
Aleksei Oleinik,98c23cb6da5b3352,Maurice Greene,068f8a189a47fea6,Y
Brian Kelleher,7be14eaed4c74856,Ode Osbourne,6d68c1afe954f121,Y
Diego Ferreira,f53d4f21d1b5f2dc,Anthony Pettis,cbb682f5fcc44bfc,Y
Roxanne Modafferi,4498b382c65a7faa,Maycee Barber,6a740daf1b279661,Y
Sodiq Yusuff,94426bb170c88115,Andre Fili,8fd808923cffff82,Y
Askar Askarov,b1d19449397541dc,Tim Elliott,c96d9178c9ed9e62,Y
Drew Dober,519e4fe37ce9ff75,Nasrat Haqparast,b7b84ccd221be298,Y
Aleksa Camur,c2a670b22d2e196f,Justin Ledet,ba1e6cb3d43f7430,Y
Sabina Mazo,70d2329a92864fdb,JJ Aldrich,6fd953151d981979,Y
Chan Sung Jung,c451d67c09c55418,Frankie Edgar,f2688492b9a525a3,Y
Volkan Oezdemir,0845c81e37d3bcb3,Aleksandar Rakic,333b9e5c723ac873,Y
Charles Jourdain,f1d64ae34e088832,Dooho Choi,e93b04e308913c2e,Y
Da Woon Jung,74f9448b97bf8bec,Mike Rodriguez,18b602842a24f7c5,Y
JunYong Park,285ae0b4a68221f4,Marc-Andre Barriault,8e9eb3fc86db0f7d,Y
Kyung Ho Kang,a7897d200692ab64,Pingyuan Liu,31bbd39c0a075d4e,Y
Ciryl Gane,787bb1f087ccff8a,Tanner Boser,04c8b08b16a5b99e,Y
SeungWoo Choi,a68575214ecad140,Suman Mokhtarian,192520689012c7e4,Y
Omar Morales,a0e6753c42698f13,Dong Hyun Ma,98a6b2361045898f,Y
Alexandre Pantoja,a0f0004aadf10b71,Matt Schnell,67c1d46f4ed16f9e,Y
Raoni Barcelos,b9f28e7045fdfce7,Said Nurmagomedov,0fd5f4b838e890cc,Y
Amanda Lemos,3df5493bb279226f,Miranda Granger,7559395ad833c074,Y
Alatengheili,1897b7b913736a7c,Ryan Benoit,20999e27ddd94bda,Y
Kamaru Usman,f1b2aa7853d1ed6e,Colby Covington,dc9572dd6ec74859,Y
Alexander Volkanovski,e1248941344b3288,Max Holloway,150ff4cc642270b9,Y
Amanda Nunes,80fa8218c99f9c58,Germaine de Randamie,1d239d571e342453,Y
Marlon Moraes,fea79f9bc8c68769,Jose Aldo,d0f3959b4a9747e6,Y
Petr Yan,d661ce4da776fc20,Urijah Faber,78114b7199cef90c,Y
Geoff Neal,b997be68943010fc,Mike Perry,f2b6fdb20675b11c,Y
Irene Aldana,578ef12674df1e6a,Ketlen Vieira,b9706f80d005036c,Y
Omari Akhmedov,16690d100f995f8f,Ian Heinisch,2e585c701f72fe55,Y
Matt Brown,31123249b0bbf52e,Ben Saunders,484acc7b0f856ce9,Y
Chase Hooper,971246648e162f0d,Daniel Teymur,fbf0537e420e698e,Y
Brandon Moreno,792be9a24df82ed6,Kai Kara-France,853eb0dd5c0e2149,Y
Jessica Eye,f72465a784c1b084,Viviane Araujo,36541f1e6c5d4955,Y
Punahele Soriano,64facb6cc564262d,Oskar Piechota,1cf7ccf64a5bf24e,Y
Jairzinho Rozenstruik,2cd428e9606856fd,Alistair Overeem,b4ad3a06ee4d660c,Y
Marina Rodriguez,cd2c4d30c6e13b47,Cynthia Calvillo,98215d037be5bcb7,N
Ben Rothwell,bd58d34e39b7b12a,Stefan Struve,ebc1f40e00e0c481,Y
Aspen Ladd,d4691518d012b9e7,Yana Santos,3143bf892608139a,Y
Cody Stamann,bf7ad5628363eec9,Song Yadong,efb96bf3e9ada36f,N
Rob Font,05339613bf8e9808,Ricky Simon,5987b2458f4b5290,Y
Tim Means,4b47e71384a9522f,Thiago Alves,31ee470ef5dc8d7f,Y
Billy Quarantillo,aa171d55d4b5208f,Jacob Kilburn,637bd06c32219f0b,Y
Bryce Mitchell,d9c6f19f958643e9,Matt Sayles,5b8ba8f5512893b1,Y
Joe Solecki,af65aa688d13eedf,Matt Wiman,eb29176b03dfa888,Y
Virna Jandiroba,7dda2cf308f24a02,Mallory Martin,19b7738321cfae42,Y
Makhmud Muradov,ea7e5bc78d9de658,Trevor Smith,f797f0c57a83353e,Y
Jan Blachowicz,99df7d0a2a08a8a8,Jacare Souza,7a703c565ccaa18f,Y
Mauricio Rua,140745cbbcb023ac,Paul Craig,eabf206b162b3b83,N
Charles Oliveira,07225ba28ae309b6,Jared Gordon,7026eca45f65377b,Y
Andre Muniz,886264a0c9f4ea5e,Antonio Arroyo,61fb8098ccf81c7f,Y
Wellington Turman,4dcfb28c011c11b2,Markus Perez,2ac4628c08ec5125,Y
James Krause,8f6a18831a120817,Sergio Moraes,1bcaac2d99b90fce,Y
Ricardo Ramos,1ae8f3c723aacff4,Eduardo Garagorri,7bde387d50829adf,Y
Francisco Trinaldo,a8283a4f415e1eb9,King Green,887961364be5ceb3,Y
Randy Brown,c6aee362c7a7d482,Warlley Alves,d317a5e2b3f88c5f,Y
Douglas Silva de Andrade,3a314d9fa7c6825d,Renan Barao,2c99576fefe53c7c,Y
Ariane da Silva,6551c64fbcd1a467,Isabela de Padua,e0f959f65d0406b4,Y
Tracy Cortez,68d4a891e5cf2029,Vanessa Melo,9b7dfb3b7d99926a,Y
Zabit Magomedsharipov,87aa9fb63d6b51a1,Calvin Kattar,751de04455cfaac0,Y
Alexander Volkov,279566840aa55bf2,Greg Hardy,85073dbd1be65ed9,Y
Danny Roberts,a6cba6bb66c1a8c9,Zelim Imadaev,7f0f171414d0a287,Y
Ed Herman,06f36cf4bd97ec77,Khadis Ibragimov,c3218c810959d279,Y
Anthony Rocco Martin,5331b25a60417ffb,Ramazan Emeev,abd5fb12437eda21,Y
Shamil Gamzatov,0d980975001ae3d8,Klidson Abreu,7279654c7674cd24,Y
Magomed Ankalaev,d802174b0c0c1f4e,Dalcha Lungiambula,ce632027bf2a871b,Y
Rustam Khabilov,9b7694d064a8a0ad,Sergey Khandozhko,90da09db03e41748,Y
Karl Roberson,37d5b176d438d2a5,Roman Kopylov,9d83f6da776ff7d6,Y
David Zawada,3bb2dc8e87b10a46,Abubakar Nurmagomedov,029e1293e609fd74,Y
Roosevelt Roberts,37c5366d18ed6c05,Alexander Yakovlev,d06f8869449ba7bd,Y
Pannie Kianzad,91dac5e69e28d5b5,Jessica-Rose Clark,6c8072b61c276e67,Y
Davey Grant,113df4fde64735c6,Grigory Popov,d3fa5c5955397532,Y
Jorge Masvidal,47b9e0e7703a4868,Nate Diaz,8355922d564b152c,Y
Darren Till,9ce6d5a03af801b7,Kelvin Gastelum,8c0580d4fff106c1,Y
Stephen Thompson,4a28cb716c19157a,Vicente Luque,6d4b63c767106d3a,Y
Derrick Lewis,d3df1add9d9a7efb,Blagoy Ivanov,1788eee370f077b7,Y
Kevin Lee,ee9ebceabfd16fa7,Gregor Gillespie,84ff027394f7e470,Y
Corey Anderson,5e4eec08896c9423,Johnny Walker,c21f26bbde777573,Y
Shane Burgos,98d961097baaf308,Makwan Amirkhani,87a1dc546b1c5caf,Y
Edmen Shahbazyan,4144798612ef96e5,Brad Tavares,0c6d9ea8306c029e,Y
Jairzinho Rozenstruik,2cd428e9606856fd,Andrei Arlovski,3738e68d2261e60f,Y
Katlyn Cerminara,e872e9a9a902c045,Jennifer Maia,8e1f36476ef02a6a,Y
Lyman Good,4e0692ad070976e4,Chance Rencountre,1ddb480b601cefb1,Y
Hakeem Dawodu,2c9d00968f818270,Julio Arce,1291edf2d566a71a,Y
Demian Maia,427b5953ac8e3a27,Ben Askren,0b31f87be71ebbb1,Y
Stevie Ray,31a13532e724ca2b,Michael Johnson,511e82663651438d,Y
Beneil Dariush,08af939f41b5a57b,Frank Camacho,764342d39cdaa54a,Y
Ciryl Gane,787bb1f087ccff8a,Don'Tale Mayes,1a9480fc288e55d7,Y
Muslim Salikhov,447f9858ae78f921,Laureano Staropoli,a12a8314adc1c1c9,Y
Randa Markos,4a57ebb14315b251,Ashley Yoder,b4c6c904a9ffc5e8,Y
Rafael Fiziev,c814b4c899793af6,Alex White,c17041f1bb5768d8,Y
Movsar Evloev,76e2870ffafbe38f,Enrique Barzola,be0b310a12eb80b4,Y
Sergei Pavlovich,f14cf73e51b29254,Maurice Greene,068f8a189a47fea6,Y
Loma Lookboonmee,4e30e4250cb08b61,Aleksandra Albu,e76d9f656ceb82ab,Y
Raphael Pessoa,41f90012b86a11bf,Jeff Hughes,6a11e325aa60ad02,Y
Dominick Reyes,2e19380f34871c6a,Chris Weidman,3a8176e15b9887c1,Y
Yair Rodriguez,cbf5e6f231b55443,Jeremy Stephens,18968f97ad34f15c,Y
Greg Hardy,85073dbd1be65ed9,Ben Sosoli,326f94d6cfb1bf25,N
Joe Lauzon,3bad7ef643840f67,Jonathan Pearce,87c0b1c696ddfb43,Y
Maycee Barber,6a740daf1b279661,Gillian Robertson,38c7f72747f4f712,Y
Darren Stewart,a17ad5a5048e8c3f,Deron Winn,483a953b18d73bb3,Y
Charles Rosa,40093d1d2d78394e,Manny Bermudez,2dc1bc1a02961656,Y
Molly McCann,51018a31ddf31eb2,Diana Belbita,d7e40dca3ae125be,Y
Sean Woodson,4682bc59d5f55145,Kyle Bochniak,c5af5750e8bae4f0,Y
Randy Costa,325ad0dd9126d3df,Boston Salmon,98e946879ba20c0f,Y
Sean Brady,45f7cb591c3ab00b,Court McGee,523fa774700d7d3f,Y
Brendan Allen,2f181c0467965b98,Kevin Holland,3a46b268013afede,Y
Tanner Boser,04c8b08b16a5b99e,Daniel Spitz,f86cb5f25d545e0e,Y
Joanna Jedrzejczyk,3d6749c4267da18f,Michelle Waterson-Gomez,eb04b9d31e938edb,Y
Cub Swanson,d247691a6c0e9034,Kron Gracie,242d36d241b43c12,Y
Niko Price,d8da10db80131bec,James Vick,6256b2b1562cb8e1,Y
Amanda Ribas,beecb672a279223e,Mackenzie Dern,7447e9f28508106a,Y
Matt Frevola,dccb63727f2f5f74,Luis Pena,2844b047183a1adb,Y
Eryk Anders,cad24459b28592ca,Gerald Meerschaert,6ac9bc2953c47345,Y
Ryan Spann,a67f5afa8d6a1b80,Devin Clark,cc7040fe76f0ef91,Y
Mike Davis,fb3e61720be4690c,Thomas Gifford,e7f51d9f9e9259e7,Y
Alex Morono,cdb96af67d096b1e,Max Griffin,b0d6a1d8ac3d563d,Y
Deiveson Figueiredo,aa72b0f831d0bfe5,Tim Elliott,c96d9178c9ed9e62,Y
Marlon Vera,7c7332319c14094c,Andre Ewell,5f6f049d54728e88,Y
Miguel Baeza,82d4c957649faf9b,Hector Aldana,c487223b0289bda9,Y
Marvin Vettori,7acbb0972e75281a,Andrew Sanchez,fccf811c1e8b01c7,Y
JJ Aldrich,6fd953151d981979,Lauren Mueller,f923e012414c883e,Y
Israel Adesanya,1338e2c7480bdf9e,Robert Whittaker,e1147d3d2dabe1ce,Y
Dan Hooker,193b9d1858bc4df3,Al Iaquinta,59279a7c978f7da0,Y
Serghei Spivac,e2f6b2769aaedd6c,Tai Tuivasa,c62fbc117d57b943,Y
Dhiego Lima,e9213f53ddeca978,Luke Jumeau,4c288a2b250bb576,Y
Yorgan De Castro,1eff7bc0f815b270,Justin Tafa,e13abac8089a801a,Y
Jake Matthews,a845f0735bc67405,Rostem Akman,1fc64507a0cb38cf,Y
Callan Potter,8fc9ae9c7527dfcb,Maki Pitolo,c549573c0df4d676,Y
Brad Riddell,37ed1ab2f8b819f4,Jamie Mullarkey,af9f42e6894047fc,Y
Megan Anderson,a0e75f4a13eb73f1,Zarah Fairn,862b0b3375aa4b6e,Y
Ji Yeon Kim,a20f234df70f2182,Nadia Kassem,6e7506127408aa9e,Y
Khalid Taha,b4537562f88ac582,Bruno Silva,294aa73dbf37d281,N
Jared Cannonier,13a0275fa13c4d26,Jack Hermansson,0a1942069c9ad6b6,Y
Mark Madsen,da0995f19b749cfa,Danilo Belluardo,c3f6db17cea09ca7,Y
Gilbert Burns,23024fdfc966410a,Gunnar Nelson,fd55393021a8c255,Y
Ion Cutelaba,cd13728ae1151f46,Khalil Rountree Jr.,749f572d1d3161fb,Y
Ovince Saint Preux,50db8711c70196cd,Michal Oleksiejczuk,0d65c432720accb9,Y
Nicolas Dalby,9d19d9e4aa2662e8,Alex Oliveira,57b10fca4f9c9a7a,Y
John Phillips,e9ac7bfb65c25497,Alen Amedovski,70fa1c64a2c439ef,Y
Makhmud Muradov,ea7e5bc78d9de658,Alessio Di Chirico,77d7295d1b22c694,Y
Ismail Naurdiev,6a96ad1bc34fb113,Siyar Bahadurzada,aec185309b4843d0,Y
Giga Chikadze,9560ff14eb3129f7,Brandon Davis,cc351e408bbb7d43,Y
Lina Lansberg,2eeaefbfc7f9fcff,Macy Chiasson,9cdd2da1a9104a0b,Y
Marc Diakiese,32c355b04fc57f3a,Lando Vannata,f9b200db02b488d9,Y
Jack Shore,b8a85389d115e35a,Nohelin Hernandez,f97c5433c77522d3,Y
Yair Rodriguez,cbf5e6f231b55443,Jeremy Stephens,18968f97ad34f15c,N
Carla Esparza,d910665038efc639,Alexa Grasso,e8b731feff72294b,Y
Brandon Moreno,792be9a24df82ed6,Askar Askarov,b1d19449397541dc,N
Irene Aldana,578ef12674df1e6a,Vanessa Melo,9b7dfb3b7d99926a,Y
Steven Peterson,b93c06d09d1c4ac0,Martin Bravo,9c44f290f5726d95,Y
Jose Quinonez,36549928f90f1d36,Carlos Huachin,225def29ecfe0fc1,Y
Kyle Nelson,31f8081c7600da93,Marco Polo Reyes,edd02825c29028fe,Y
Angela Hill,f0feeb2192937424,Ariane Carnelossi,c0d5c0c95c59050b,Y
Sergio Pettis,de75d1c45a39e221,Tyson Nam,6e00cfffd54653c4,Y
Paul Craig,eabf206b162b3b83,Vinicius Moreira,acb36c908d415c4a,Y
Bethe Correia,673ea7dcc786b1b3,Sijara Eubanks,4234f0097c83fa62,Y
Claudio Puelles,d747eb273a40a920,Marcos Mariano,72e5e5a6edfa8223,Y
Justin Gaethje,9e8f6c728eb01124,Donald Cerrone,1d00756835ca67c9,Y
Glover Teixeira,7ff97850e8c32bda,Nikita Krylov,1091d4d957141094,Y
Todd Duffee,bda04c573563cc2e,Jeff Hughes,6a11e325aa60ad02,N
Tristan Connelly,2ebfbe72ed703925,Michel Pereira,595db60957de51d3,Y
Uriah Hall,65578a75fa7900e3,Antonio Carlos Junior,52e76bb4b3e852f3,Y
Misha Cirkunov,67f272324a030d00,Jimmy Crute,70e1f8a821b72c8b,Y
Augusto Sakai,441eacbe20e0e80b,Marcin Tybura,c9cf753cfdf77fc2,Y
Miles Johns,46e0d677f91bacc0,Cole Smith,56709e66f1c6008f,Y
Hunter Azure,2af2f2e26c4c0402,Brad Katona,7b433309b0fd12aa,Y
Chas Skelly,4bd6b4800070b069,Jordan Griffin,ebef46976554f975,Y
Louis Smolka,d2bc285ead803db0,Ryan MacDonald,35e1f9984ed64206,Y
Austin Hubbard,d2cd7a69cc55e7ed,Kyle Prepolec,873626e5547b5235,Y
Khabib Nurmagomedov,032cc3922d871c7f,Dustin Poirier,029eaff01e6bb8f0,Y
Paul Felder,e5010b1b94ca5755,Edson Barboza,64a50dad704d1d49,Y
Islam Makhachev,275aca31f61ba28c,Davi Ramos,0052de90691d4a93,Y
Curtis Blaydes,fa6796c55d6c5440,Shamil Abdurakhimov,2f5cbecbbe18bac4,Y
Diego Ferreira,f53d4f21d1b5f2dc,Mairbek Taisumov,8f5c8850b2484173,Y
Joanne Wood,12f91bfa8f1f723b,Andrea Lee,05fa626cb33d15b8,Y
Zubaira Tukhugov,aceffa19749c4dc0,Lerone Murphy,396fe87b84ac2e1c,N
Sarah Moras,539ed332b3078821,Liana Jojua,eebc23626e38f5dc,Y
Ottman Azaitar,ee18ff42063174df,Teemu Packalen,8f4eeaf7a0df7c1a,Y
Belal Muhammad,b1b0729d27936f2f,Takashi Sato,8abac218746e04ca,Y
Muslim Salikhov,447f9858ae78f921,Nordine Taleb,49858bf46dabf6fb,Y
Omari Akhmedov,16690d100f995f8f,Zak Cummings,4ba8d454f762005d,Y
Don Madge,68c7ad953455c73f,Fares Ziam,1e4f273069fb9e85,Y
Zhang Weili,1ebe20ebbfa15e29,Jessica Andrade,6a1901c62ab3870f,Y
Li Jingliang,e64b96c07d7ce999,Elizeu Zaleski dos Santos,8adcbd525fab8d9b,Y
Kai Kara-France,853eb0dd5c0e2149,Mark De La Rosa,f57dd0bfa8c17813,Y
Song Kenan,32490e80ddab1e5a,Derrick Krantz,714e1e0681ddb703,Y
Mizuki,43a59ce3bb40449e,Wu Yanan,fdbefee0827e1567,Y
Anthony Hernandez,093e1f5bb73850be,JunYong Park,285ae0b4a68221f4,Y
Sumudaerji,3cf18e01cb6cbde3,Andre Soukhamthath,d0e50a3d1b250708,Y
Da Woon Jung,74f9448b97bf8bec,Khadis Ibragimov,c3218c810959d279,Y
Damir Ismagulov,135d124172a0bea3,Thiago Moises,d945aae53e3e54e6,Y
Alatengheili,1897b7b913736a7c,Batgerel Danaa,3b0a516d2921e0d6,Y
Karol Rosa,351c4ec637380ad5,Lara Procopio,e99821959a840bb8,Y
Stipe Miocic,d28dee5c705991df,Daniel Cormier,d967f0128c323de6,Y
Nate Diaz,8355922d564b152c,Anthony Pettis,cbb682f5fcc44bfc,Y
Paulo Costa,2e5c2aa8e4ab9d82,Yoel Romero,f77c68bb4be8516d,Y
Sodiq Yusuff,94426bb170c88115,Gabriel Benitez,436f970c9ea9169c,Y
Derek Brunson,b1a3e0aca758b322,Ian Heinisch,2e585c701f72fe55,Y
Khama Worthy,78e501478a36a018,Devonte Smith,207773daeb4afa7b,Y
Cory Sandhagen,65f09bacd3957381,Raphael Assuncao,2f13e4020cea5b38,Y
Drakkar Klose,7cbf7c78d3b34218,Christos Giagos,de45aaae23dfa392,Y
Casey Kenney,e7bba7ce4d6c7b07,Manny Bermudez,2dc1bc1a02961656,Y
Hannah Cifers,2244d9a2b64b8c3b,Jodie Esquibel,411539901068522f,Y
Kyung Ho Kang,a7897d200692ab64,Brandon Davis,cc351e408bbb7d43,Y
Sabina Mazo,70d2329a92864fdb,Shana Dobson,122ac9b816d8b71c,Y
Valentina Shevchenko,132deb59abae64b1,Liz Carmouche,51a0c09cbe9b8472,Y
Vicente Luque,6d4b63c767106d3a,Mike Perry,f2b6fdb20675b11c,Y
Eduardo Garagorri,7bde387d50829adf,Humberto Bandenay,2c2caf2f2bab9df5,Y
Volkan Oezdemir,0845c81e37d3bcb3,Ilir Latifi,e9a3aeb207578eea,Y
Rodolfo Vieira,260e9e0d4954aea6,Oskar Piechota,1cf7ccf64a5bf24e,Y
Enrique Barzola,be0b310a12eb80b4,Bobby Moffett,d76ad9a08c4408ff,Y
Gilbert Burns,23024fdfc966410a,Aleksei Kunchenko,e2ccd9a9ace60de7,Y
Ciryl Gane,787bb1f087ccff8a,Raphael Pessoa,41f90012b86a11bf,Y
Marina Rodriguez,cd2c4d30c6e13b47,Tecia Pennington,31ef8b67e13495b3,Y
Rogerio Bontorin,07a2bdaa0afdd831,Raulian Paiva,82b4e942781b1046,Y
Chris Gutierrez,45f0cc9d18f35137,Geraldo de Freitas,9cfbfae5fa1fdd93,Y
Alex Da Silva,c3ded6f7155f9ea4,Kazula Vargas,ec18eb918121787c,Y
Veronica Hardy,4798e823ada58fe9,Polyana Viana,9673a497a9da119a,Y
Colby Covington,dc9572dd6ec74859,Robbie Lawler,f2925e6db404bf1d,Y
Jim Miller,d1941565abf50b16,Clay Guida,c47df9303d318c67,Y
Nasrat Haqparast,b7b84ccd221be298,Joaquim Silva,ae7fe94f117f98cf,Y
Gerald Meerschaert,6ac9bc2953c47345,Trevin Giles,b27a1fcb56a3035a,Y
Scott Holtzman,df1eb4354d18a906,Dong Hyun Ma,98a6b2361045898f,Y
Kennedy Nzechukwu,8667caa0451d245b,Darko Stosic,025f0b1b58fbad01,Y
Mickey Gall,9e50097a89442158,Salim Touahri,cbf1c7ba5408a66f,Y
Antonina Shevchenko,d7338bcb141abd2c,Lucie Pudilova,3cf66c62d9069f43,Y
Matt Schnell,67c1d46f4ed16f9e,Jordan Espinosa,215a70f073a7b726,Y
Lauren Murphy,729d4bd5a6cd0a97,Mara Romero Borella,82cbb809d5ee565c,Y
Claudio Silva,6f7c616b98e18c29,Cole Williams,f9a20a17d712ef7c,Y
Miranda Granger,7559395ad833c074,Hannah Goldy,26e3f3928b1891d9,Y
Max Holloway,150ff4cc642270b9,Frankie Edgar,f2688492b9a525a3,Y
Cristiane Justino,634bb0de2eb043b4,Felicia Spencer,39d91e95949de3d9,Y
Geoff Neal,b997be68943010fc,Niko Price,d8da10db80131bec,Y
Arman Tsarukyan,eae48ff31db420c2,Olivier Aubin-Mercier,55ee431411ccf07a,Y
Krzysztof Jotko,4e06913c91da5200,Marc-Andre Barriault,8e9eb3fc86db0f7d,Y
Viviane Araujo,36541f1e6c5d4955,Alexis Davis,4c2d90e335e6df19,Y
Hakeem Dawodu,2c9d00968f818270,Yoshinori Horie,3fa7688bfe48a493,Y
Gavin Tucker,da816417a579a0bd,SeungWoo Choi,a68575214ecad140,Y
Deiveson Figueiredo,aa72b0f831d0bfe5,Alexandre Pantoja,a0f0004aadf10b71,Y
Gillian Robertson,38c7f72747f4f712,Sarah Frota,1641ef250e9de19b,Y
Erik Koch,99bd87a300079ed9,Kyle Stewart,bb61823f76361297,Y
Leon Edwards,f1fac969a1d70b08,Rafael Dos Anjos,6a2f7c151031653d,Y
Walt Harris,03f982ca3735070c,Aleksei Oleinik,98c23cb6da5b3352,Y
Greg Hardy,85073dbd1be65ed9,Juan Adams,83b00f7597e5ac83,Y
Dan Hooker,193b9d1858bc4df3,James Vick,6256b2b1562cb8e1,Y
Alexander Hernandez,262a7d06203657e6,Francisco Trinaldo,a8283a4f415e1eb9,Y
Andrei Arlovski,3738e68d2261e60f,Ben Rothwell,bd58d34e39b7b12a,Y
Alex Caceres,7aa3d6964eff4877,Steven Peterson,b93c06d09d1c4ac0,Y
Raquel Pennington,fc169c387b4b465d,Irene Aldana,578ef12674df1e6a,Y
Klidson Abreu,7279654c7674cd24,Sam Alvey,d156513a19acf856,Y
Jennifer Maia,8e1f36476ef02a6a,Roxanne Modafferi,4498b382c65a7faa,Y
Ray Borg,a4de54ea806fb525,Gabriel Silva,002ca196477ce572,Y
Mario Bautista,bc711b6dd95c1af6,Jin Soo Son,7c9c6a884be167fe,Y
Felipe Colares,dbac0a413af64bbe,Domingo Pilarte,4bf6b225ff6099c4,Y
Germaine de Randamie,1d239d571e342453,Aspen Ladd,d4691518d012b9e7,Y
Urijah Faber,78114b7199cef90c,Ricky Simon,5987b2458f4b5290,Y
Josh Emmett,fba03cd6cc28dc41,Mirsad Bektic,cbd3e590a85b18c5,Y
Karl Roberson,37d5b176d438d2a5,Wellington Turman,4dcfb28c011c11b2,Y
Marvin Vettori,7acbb0972e75281a,Cezar Ferreira,dbc17725b887860a,Y
Mike Rodriguez,18b602842a24f7c5,John Allan,6ebe96a116e79e52,N
Andre Fili,8fd808923cffff82,Sheymon Moraes,0d62719b1dcf7c40,Y
Julianna Pena,3253b16d38ae087d,Nicco Montano,1de9ad94de18eeaf,Y
Ryan Hall,8866c6f509c19089,Darren Elkins,92a9aa9c93192871,Y
Jonathan Martinez,f2477cf43c4975cc,Pingyuan Liu,31bbd39c0a075d4e,Y
Brianna Fortino,b53c46f613f6f248,Livinha Souza,dab8cfbb6b1db10a,Y
Benito Lopez,773f7feacf96153e,Vince Morales,37098a6e6c27fb66,Y
Jon Jones,07f72a2a7591b409,Thiago Santos,dea070ed4a2a8281,Y
Amanda Nunes,80fa8218c99f9c58,Holly Holm,634e2fb70bde3fd5,Y
Jorge Masvidal,47b9e0e7703a4868,Ben Askren,0b31f87be71ebbb1,Y
Jan Blachowicz,99df7d0a2a08a8a8,Luke Rockhold,00e11b5c8b7bfeeb,Y
Michael Chiesa,c58f51dedb310998,Diego Sanchez,82e7929bf6c2b689,Y
Arnold Allen,040a74bb0a465c54,Gilbert Melendez,aa5b4eff51bdc7d1,Y
Marlon Vera,7c7332319c14094c,Nohelin Hernandez,f97c5433c77522d3,Y
Claudia Gadelha,ec34349e7dffcde7,Randa Markos,4a57ebb14315b251,Y
Song Yadong,efb96bf3e9ada36f,Alejandro Perez,80daefbed11ce998,Y
Edmen Shahbazyan,4144798612ef96e5,Jack Marshman,045f25b3a4c08e81,Y
Chance Rencountre,1ddb480b601cefb1,Ismail Naurdiev,6a96ad1bc34fb113,Y
Julia Avila,86d9dbe1bfcbade7,Pannie Kianzad,91dac5e69e28d5b5,Y
Francis Ngannou,8d03ce87ca14e778,Junior Dos Santos,63def5a5662a6917,Y
Joseph Benavidez,80eacd4da0617c57,Jussier Formiga,b102c26727306ab6,Y
Demian Maia,427b5953ac8e3a27,Anthony Rocco Martin,5331b25a60417ffb,Y
Vinc Pichel,c77a953488e5607d,Roosevelt Roberts,37c5366d18ed6c05,Y
Drew Dober,519e4fe37ce9ff75,Marco Polo Reyes,edd02825c29028fe,Y
Alonzo Menifield,a495f599e787614f,Paul Craig,eabf206b162b3b83,Y
Ricardo Ramos,1ae8f3c723aacff4,Journey Newson,78f485f851891d68,Y
Eryk Anders,cad24459b28592ca,Vinicius Moreira,acb36c908d415c4a,Y
Jared Gordon,7026eca45f65377b,Dan Moret,66e98b3bb5fc5250,Y
Dalcha Lungiambula,ce632027bf2a871b,Dequan Townsend,3f7dab21b6c971bc,Y
Amanda Ribas,beecb672a279223e,Emily Whitmire,b3d21b2610dcfaeb,Y
Maurice Greene,068f8a189a47fea6,Junior Albini,c482c8605455a213,Y
Chan Sung Jung,c451d67c09c55418,Renato Moicano,b6452706b373eea1,Y
Randy Brown,c6aee362c7a7d482,Bryan Barberena,a331233f597090a5,Y
Andre Ewell,5f6f049d54728e88,Anderson Dos Santos,bbc9ab95fa766493,Y
Andrea Lee,05fa626cb33d15b8,Montana De La Rosa,80d8aed0ca9b00f3,Y
Kevin Holland,3a46b268013afede,Alessio Di Chirico,77d7295d1b22c694,Y
Dan Ige,82a5152216251682,Kevin Aguilar,cf946e03ba2e7666,Y
Ashley Yoder,b4c6c904a9ffc5e8,Syuri Kondo,a851c35f58199231,Y
Luis Pena,2844b047183a1adb,Matt Wiman,eb29176b03dfa888,Y
Jairzinho Rozenstruik,2cd428e9606856fd,Allen Crowder,a9d6e047ce48ab63,Y
Molly McCann,51018a31ddf31eb2,Ariane da Silva,6551c64fbcd1a467,Y
Deron Winn,483a953b18d73bb3,Eric Spicely,b9664eae2ac75262,Y
Henry Cejudo,056c493bbd76a918,Marlon Moraes,fea79f9bc8c68769,Y
Valentina Shevchenko,132deb59abae64b1,Jessica Eye,f72465a784c1b084,Y
Tony Ferguson,22a92d7f62195791,Donald Cerrone,1d00756835ca67c9,Y
Petr Yan,d661ce4da776fc20,Jimmie Rivera,9c907996820d2d69,Y
Blagoy Ivanov,1788eee370f077b7,Tai Tuivasa,c62fbc117d57b943,Y
Tatiana Suarez,b08012bbe542592a,Nina Nunes,d343df8ba11f4c4e,Y
Aljamain Sterling,cb696ebfb6598724,Pedro Munhoz,6bd02119599741a4,Y
Alexa Grasso,e8b731feff72294b,Karolina Kowalkiewicz,d7c3816669784109,Y
Calvin Kattar,751de04455cfaac0,Ricardo Lamas,3974fa35c917af1d,Y
Yan Xiaonan,c41d426cc7326d1b,Angela Hill,f0feeb2192937424,Y
Darren Stewart,a17ad5a5048e8c3f,Bevon Lewis,899923ff6ab13917,Y
Eddie Wineland,fc9a9559a05f2704,Grigory Popov,d3fa5c5955397532,Y
Katlyn Cerminara,e872e9a9a902c045,Joanne Wood,12f91bfa8f1f723b,Y
Anthony Smith,d4c9dcd330403612,Alexander Gustafsson,3c6976f8182d9527,Y
Aleksandar Rakic,333b9e5c723ac873,Jimi Manuwa,1e1dbd1cc5a7469e,Y
Makwan Amirkhani,87a1dc546b1c5caf,Chris Fishgold,bebb4ae55ac2bf6f,Y
Christos Giagos,de45aaae23dfa392,Damir Hadzovic,38c626ca912c7bac,Y
Daniel Teymur,fbf0537e420e698e,Sung Bin Jo,6e0e977beb909837,Y
Sergey Khandozhko,90da09db03e41748,Rostem Akman,1fc64507a0cb38cf,Y
Lina Lansberg,2eeaefbfc7f9fcff,Tonya Evinger,b12a1d19ee383b7c,Y
Leonardo Santos,9c65736747ca92ec,Stevie Ray,31a13532e724ca2b,Y
Frank Camacho,764342d39cdaa54a,Nick Hein,2816ced060a21be3,Y
Bea Malecki,b60c980f79b87ce8,Duda Santana,d6ead04919a894b1,Y
Devin Clark,cc7040fe76f0ef91,Darko Stosic,025f0b1b58fbad01,Y
Joel Alvarez,58bbef3770bb2dfc,Danilo Belluardo,c3f6db17cea09ca7,Y
Rafael Dos Anjos,6a2f7c151031653d,Kevin Lee,ee9ebceabfd16fa7,Y
Ian Heinisch,2e585c701f72fe55,Antonio Carlos Junior,52e76bb4b3e852f3,Y
Felicia Spencer,39d91e95949de3d9,Megan Anderson,a0e75f4a13eb73f1,Y
Vicente Luque,6d4b63c767106d3a,Derrick Krantz,714e1e0681ddb703,Y
Charles Oliveira,07225ba28ae309b6,Nik Lentz,6fb1ba67bef41b37,Y
Davi Ramos,0052de90691d4a93,Austin Hubbard,d2cd7a69cc55e7ed,Y
Aspen Ladd,d4691518d012b9e7,Sijara Eubanks,4234f0097c83fa62,Y
Desmond Green,f046d724d2a84ac5,Charles Jourdain,f1d64ae34e088832,Y
Michel Pereira,595db60957de51d3,Danny Roberts,a6cba6bb66c1a8c9,Y
Grant Dawson,99bd51917728c25d,Michael Trizano,5bf31a46becc1204,Y
Ed Herman,06f36cf4bd97ec77,Patrick Cummins,e51e5cb722bd47a8,Y
Zak Cummings,4ba8d454f762005d,Trevin Giles,b27a1fcb56a3035a,Y
Julio Arce,1291edf2d566a71a,Julian Erosa,902ec2cc48c8ae8a,Y
Jessica Andrade,6a1901c62ab3870f,Rose Namajunas,47b63240018d5d86,Y
Jared Cannonier,13a0275fa13c4d26,Anderson Silva,1f454354805b6f75,Y
Alexander Volkanovski,e1248941344b3288,Jose Aldo,d0f3959b4a9747e6,Y
Laureano Staropoli,a12a8314adc1c1c9,Thiago Alves,31ee470ef5dc8d7f,Y
Irene Aldana,578ef12674df1e6a,Bethe Correia,673ea7dcc786b1b3,Y
Ryan Spann,a67f5afa8d6a1b80,Rogerio Nogueira,73e09f837f3b5ecc,Y
Thiago Moises,d945aae53e3e54e6,Kurt Holobaugh,a7151778b3381036,Y
Warlley Alves,d317a5e2b3f88c5f,Sergio Moraes,1bcaac2d99b90fce,Y
Clay Guida,c47df9303d318c67,BJ Penn,73c7cfa551289285,Y
Luana Carolina,528b071cf3da7c56,Priscila Cachoeira,b1e5bcaad32a3cac,Y
Raoni Barcelos,b9f28e7045fdfce7,Carlos Huachin,225def29ecfe0fc1,Y
Viviane Araujo,36541f1e6c5d4955,Talita Bernardo,5b2325cd70dbe2ea,Y
Donald Cerrone,1d00756835ca67c9,Al Iaquinta,59279a7c978f7da0,Y
Derek Brunson,b1a3e0aca758b322,Elias Theodorou,34f88592c0ab7a54,Y
Shane Burgos,98d961097baaf308,Cub Swanson,d247691a6c0e9034,Y
Merab Dvalishvili,c03520b5c88ed6b4,Brad Katona,7b433309b0fd12aa,Y
Walt Harris,03f982ca3735070c,Serghei Spivac,e2f6b2769aaedd6c,Y
Andrew Sanchez,fccf811c1e8b01c7,Marc-Andre Barriault,8e9eb3fc86db0f7d,Y
Macy Chiasson,9cdd2da1a9104a0b,Sarah Moras,539ed332b3078821,Y
Vince Morales,37098a6e6c27fb66,Aiemann Zahabi,24656ef4d605c96f,Y
Nordine Taleb,49858bf46dabf6fb,Kyle Prepolec,873626e5547b5235,Y
Matt Sayles,5b8ba8f5512893b1,Kyle Nelson,31f8081c7600da93,Y
Arjan Bhullar,7e511f8d842a109d,Juan Adams,83b00f7597e5ac83,Y
Cole Smith,56709e66f1c6008f,Mitch Gagnon,b8592b4a383696cd,Y
Jack Hermansson,0a1942069c9ad6b6,Jacare Souza,7a703c565ccaa18f,Y
Greg Hardy,85073dbd1be65ed9,Dmitrii Smoliakov,75afb06215a07341,Y
Mike Perry,f2b6fdb20675b11c,Alex Oliveira,57b10fca4f9c9a7a,Y
Glover Teixeira,7ff97850e8c32bda,Ion Cutelaba,cd13728ae1151f46,Y
Cory Sandhagen,65f09bacd3957381,John Lineker,c268b2cfebccf652,Y
Roosevelt Roberts,37c5366d18ed6c05,Thomas Gifford,e7f51d9f9e9259e7,Y
Takashi Sato,8abac218746e04ca,Ben Saunders,484acc7b0f856ce9,Y
Augusto Sakai,441eacbe20e0e80b,Andrei Arlovski,3738e68d2261e60f,Y
Carla Esparza,d910665038efc639,Virna Jandiroba,7dda2cf308f24a02,Y
Gilbert Burns,23024fdfc966410a,Mike Davis,fb3e61720be4690c,Y
Jim Miller,d1941565abf50b16,Jason Gonzalez,e45cfa47f504033a,Y
Angela Hill,f0feeb2192937424,Jodie Esquibel,411539901068522f,Y
Dhiego Lima,e9213f53ddeca978,Court McGee,523fa774700d7d3f,Y
Alistair Overeem,b4ad3a06ee4d660c,Aleksei Oleinik,98c23cb6da5b3352,Y
Islam Makhachev,275aca31f61ba28c,Arman Tsarukyan,eae48ff31db420c2,Y
Sergei Pavlovich,f14cf73e51b29254,Marcelo Golm,ac29d508d78384c9,Y
Roxanne Modafferi,4498b382c65a7faa,Antonina Shevchenko,d7338bcb141abd2c,Y
Krzysztof Jotko,4e06913c91da5200,Alen Amedovski,70fa1c64a2c439ef,Y
Movsar Evloev,76e2870ffafbe38f,SeungWoo Choi,a68575214ecad140,Y
Sultan Aliev,e70de1859b7ee78e,Keita Nakamura,65ddc8a9ac4e8531,Y
Alexander Yakovlev,d06f8869449ba7bd,Alex Da Silva,c3ded6f7155f9ea4,Y
Shamil Abdurakhimov,2f5cbecbbe18bac4,Marcin Tybura,c9cf753cfdf77fc2,Y
Michal Oleksiejczuk,0d65c432720accb9,Gadzhimurad Antigulov,af997f7611673880,Y
Magomed Mustafaev,31d7446b184e3305,Rafael Fiziev,c814b4c899793af6,Y
Dustin Poirier,029eaff01e6bb8f0,Max Holloway,150ff4cc642270b9,Y
Israel Adesanya,1338e2c7480bdf9e,Kelvin Gastelum,8c0580d4fff106c1,Y
Khalil Rountree Jr.,749f572d1d3161fb,Eryk Anders,cad24459b28592ca,Y
Dwight Grant,8be158ca1e5ea6a0,Alan Jouban,cf65d56b0755ed3b,Y
Nikita Krylov,1091d4d957141094,Ovince Saint Preux,50db8711c70196cd,Y
Matt Frevola,dccb63727f2f5f74,Jalin Turner,4d8fa64202cee4c1,Y
Alexandre Pantoja,a0f0004aadf10b71,Wilson Reis,5aedf14771ca82d2,Y
Max Griffin,b0d6a1d8ac3d563d,Zelim Imadaev,7f0f171414d0a287,Y
Khalid Taha,b4537562f88ac582,Boston Salmon,98e946879ba20c0f,Y
Belal Muhammad,b1b0729d27936f2f,Curtis Millender,f1928a52590c5532,Y
Montel Jackson,cc1a8b4b38b92c6d,Andre Soukhamthath,d0e50a3d1b250708,Y
Poliana Botelho,5c126c6aac3ef364,Lauren Mueller,f923e012414c883e,Y
Brandon Davis,cc351e408bbb7d43,Randy Costa,325ad0dd9126d3df,Y
Justin Gaethje,9e8f6c728eb01124,Edson Barboza,64a50dad704d1d49,Y
Jack Hermansson,0a1942069c9ad6b6,David Branch,d2c55d1d2e67773b,Y
Josh Emmett,fba03cd6cc28dc41,Michael Johnson,511e82663651438d,Y
Michelle Waterson-Gomez,eb04b9d31e938edb,Karolina Kowalkiewicz,d7c3816669784109,Y
Paul Craig,eabf206b162b3b83,Kennedy Nzechukwu,8667caa0451d245b,Y
Sodiq Yusuff,94426bb170c88115,Sheymon Moraes,0d62719b1dcf7c40,Y
Marina Rodriguez,cd2c4d30c6e13b47,Jessica Aguilar,8f382b3baa954d2a,Y
Desmond Green,f046d724d2a84ac5,Ross Pearson,4f732e58ed907eff,Y
Kevin Aguilar,cf946e03ba2e7666,Enrique Barzola,be0b310a12eb80b4,Y
Kevin Holland,3a46b268013afede,Gerald Meerschaert,6ac9bc2953c47345,Y
Casey Kenney,e7bba7ce4d6c7b07,Ray Borg,a4de54ea806fb525,Y
Maryna Moroz,b4192a975027aab6,Sabina Mazo,70d2329a92864fdb,Y
Alex Perez,ab2b4ff41d6ebe0f,Mark De La Rosa,f57dd0bfa8c17813,Y
Anthony Pettis,cbb682f5fcc44bfc,Stephen Thompson,4a28cb716c19157a,Y
Curtis Blaydes,fa6796c55d6c5440,Justin Willis,ce1e867808ef5fce,Y
John Makdessi,c21a036b4e012f1c,Jesus Pinedo,25af5e832f17b474,Y
Jussier Formiga,b102c26727306ab6,Deiveson Figueiredo,aa72b0f831d0bfe5,Y
Luis Pena,2844b047183a1adb,Steven Peterson,b93c06d09d1c4ac0,Y
Maycee Barber,6a740daf1b279661,JJ Aldrich,6fd953151d981979,Y
Bryce Mitchell,d9c6f19f958643e9,Bobby Moffett,d76ad9a08c4408ff,Y
Marlon Vera,7c7332319c14094c,Frankie Saenz,9ba2226646046b63,Y
Jennifer Maia,8e1f36476ef02a6a,Alexis Davis,4c2d90e335e6df19,Y
Randa Markos,4a57ebb14315b251,Angela Hill,f0feeb2192937424,Y
Chris Gutierrez,45f0cc9d18f35137,Ryan MacDonald,35e1f9984ed64206,Y
Jordan Espinosa,215a70f073a7b726,Eric Shelton,a0c64f272b65d441,Y
Jorge Masvidal,47b9e0e7703a4868,Darren Till,9ce6d5a03af801b7,Y
Leon Edwards,f1fac969a1d70b08,Gunnar Nelson,fd55393021a8c255,Y
Dominick Reyes,2e19380f34871c6a,Volkan Oezdemir,0845c81e37d3bcb3,Y
Nathaniel Wood,329e403448756217,Jose Quinonez,36549928f90f1d36,Y
Claudio Silva,6f7c616b98e18c29,Danny Roberts,a6cba6bb66c1a8c9,Y
Jack Marshman,045f25b3a4c08e81,John Phillips,e9ac7bfb65c25497,Y
Arnold Allen,040a74bb0a465c54,Jordan Rinaldi,c07efc18b231f170,Y
Marc Diakiese,32c355b04fc57f3a,Joe Duffy,654ae722109a0d31,Y
Saparbeg Safarov,88d7b6d8230e1f3f,Nicolae Negumereanu,8c57c7b8c3bab0eb,Y
Dan Ige,82a5152216251682,Danny Henry,f7d73e452b064bf2,Y
Molly McCann,51018a31ddf31eb2,Priscila Cachoeira,b1e5bcaad32a3cac,Y
Mike Grundy,56fcb2c4d99f9d1b,Nad Narimani,776a58a67665a171,Y
Junior Dos Santos,63def5a5662a6917,Derrick Lewis,d3df1add9d9a7efb,Y
Elizeu Zaleski dos Santos,8adcbd525fab8d9b,Curtis Millender,f1928a52590c5532,Y
Niko Price,d8da10db80131bec,Tim Means,4b47e71384a9522f,Y
Blagoy Ivanov,1788eee370f077b7,Ben Rothwell,bd58d34e39b7b12a,Y
Beneil Dariush,08af939f41b5a57b,Drew Dober,519e4fe37ce9ff75,Y
Omari Akhmedov,16690d100f995f8f,Tim Boetsch,c80095f6092271a7,Y
Anthony Rocco Martin,5331b25a60417ffb,Sergio Moraes,1bcaac2d99b90fce,Y
Yana Santos,3143bf892608139a,Marion Reneau,c7d297714d9ab1a4,Y
Grant Dawson,99bd51917728c25d,Julian Erosa,902ec2cc48c8ae8a,Y
Maurice Greene,068f8a189a47fea6,Jeff Hughes,6a11e325aa60ad02,Y
Matt Schnell,67c1d46f4ed16f9e,Louis Smolka,d2bc285ead803db0,Y
Alex Morono,cdb96af67d096b1e,Zak Ottow,47cd337b86b1af92,Y
Alex White,c17041f1bb5768d8,Dan Moret,66e98b3bb5fc5250,Y
Jon Jones,07f72a2a7591b409,Anthony Smith,d4c9dcd330403612,Y
Kamaru Usman,f1b2aa7853d1ed6e,Tyron Woodley,effd9de9937996f8,Y
Ben Askren,0b31f87be71ebbb1,Robbie Lawler,f2925e6db404bf1d,Y
Zhang Weili,1ebe20ebbfa15e29,Tecia Pennington,31ef8b67e13495b3,Y
Pedro Munhoz,6bd02119599741a4,Cody Garbrandt,d8c7c61b176e3994,Y
Zabit Magomedsharipov,87aa9fb63d6b51a1,Jeremy Stephens,18968f97ad34f15c,Y
Johnny Walker,c21f26bbde777573,Misha Cirkunov,67f272324a030d00,Y
Cody Stamann,bf7ad5628363eec9,Alejandro Perez,80daefbed11ce998,Y
Diego Sanchez,82e7929bf6c2b689,Mickey Gall,9e50097a89442158,Y
Edmen Shahbazyan,4144798612ef96e5,Charles Byrd,76ee3d666c648f6b,Y
Macy Chiasson,9cdd2da1a9104a0b,Gina Mazany,016a8d958883167c,Y
Hannah Cifers,2244d9a2b64b8c3b,Polyana Viana,9673a497a9da119a,Y
Thiago Santos,dea070ed4a2a8281,Jan Blachowicz,99df7d0a2a08a8a8,Y
Stefan Struve,ebc1f40e00e0c481,Marcos Rogerio de Lima,ab943cd2c3c17825,Y
Michal Oleksiejczuk,0d65c432720accb9,Gian Villante,fcd448a2fe1a23cc,Y
Liz Carmouche,51a0c09cbe9b8472,Lucie Pudilova,3cf66c62d9069f43,Y
Petr Yan,d661ce4da776fc20,John Dodson,99506df1af6c8b3b,Y
Magomed Ankalaev,d802174b0c0c1f4e,Klidson Abreu,7279654c7674cd24,Y
Dwight Grant,8be158ca1e5ea6a0,Carlo Pedersoli Jr.,198994b47f395af0,Y
Chris Fishgold,bebb4ae55ac2bf6f,Daniel Teymur,fbf0537e420e698e,Y
Gillian Robertson,38c7f72747f4f712,Veronica Hardy,4798e823ada58fe9,Y
Damir Hadzovic,38c626ca912c7bac,Marco Polo Reyes,edd02825c29028fe,Y
Ismail Naurdiev,6a96ad1bc34fb113,Michel Prazeres,e51fcd9cd84c0b93,Y
Diego Ferreira,f53d4f21d1b5f2dc,Rustam Khabilov,9b7694d064a8a0ad,Y
Damir Ismagulov,135d124172a0bea3,Joel Alvarez,58bbef3770bb2dfc,Y
Francis Ngannou,8d03ce87ca14e778,Cain Velasquez,0ff11cc094e887bc,Y
Paul Felder,e5010b1b94ca5755,James Vick,6256b2b1562cb8e1,Y
Cynthia Calvillo,98215d037be5bcb7,Cortney Casey,5f179af5fffeb9f6,Y
Kron Gracie,242d36d241b43c12,Alex Caceres,7aa3d6964eff4877,Y
Vicente Luque,6d4b63c767106d3a,Bryan Barberena,a331233f597090a5,Y
Andre Fili,8fd808923cffff82,Myles Jury,08e908ed6d18d6a0,Y
Aljamain Sterling,cb696ebfb6598724,Jimmie Rivera,9c907996820d2d69,Y
Manny Bermudez,2dc1bc1a02961656,Benito Lopez,773f7feacf96153e,Y
Andrea Lee,05fa626cb33d15b8,Ashlee Evans-Smith,fc6e681bf6658faf,Y
Nik Lentz,6fb1ba67bef41b37,Scott Holtzman,df1eb4354d18a906,Y
Luke Sanders,96428b9e9bd048ea,Renan Barao,2c99576fefe53c7c,Y
Emily Whitmire,b3d21b2610dcfaeb,Aleksandra Albu,e76d9f656ceb82ab,Y
Israel Adesanya,1338e2c7480bdf9e,Anderson Silva,1f454354805b6f75,Y
Lando Vannata,f9b200db02b488d9,Marcos Mariano,72e5e5a6edfa8223,Y
Ricky Simon,5987b2458f4b5290,Rani Yahya,94527830000ab715,Y
Montana De La Rosa,80d8aed0ca9b00f3,Nadia Kassem,6e7506127408aa9e,Y
Jimmy Crute,70e1f8a821b72c8b,Sam Alvey,d156513a19acf856,Y
Devonte Smith,207773daeb4afa7b,Dong Hyun Ma,98a6b2361045898f,Y
Shane Young,4cd8b03aee1d0138,Austin Arnett,bf0e700106d00e55,Y
Kai Kara-France,853eb0dd5c0e2149,Raulian Paiva,82b4e942781b1046,Y
Kyung Ho Kang,a7897d200692ab64,Teruto Ishihara,88cd34d836b4ebcd,Y
Jalin Turner,4d8fa64202cee4c1,Callan Potter,8fc9ae9c7527dfcb,Y
Jonathan Martinez,f2477cf43c4975cc,Wulijiburen,2296125b6c362355,Y
Marlon Moraes,fea79f9bc8c68769,Raphael Assuncao,2f13e4020cea5b38,Y
Jose Aldo,d0f3959b4a9747e6,Renato Moicano,b6452706b373eea1,Y
Demian Maia,427b5953ac8e3a27,Lyman Good,4e0692ad070976e4,Y
Charles Oliveira,07225ba28ae309b6,David Teymur,2747c60e42d9d75f,Y
Johnny Walker,c21f26bbde777573,Justin Ledet,ba1e6cb3d43f7430,Y
Livinha Souza,dab8cfbb6b1db10a,Sarah Frota,1641ef250e9de19b,Y
Markus Perez,2ac4628c08ec5125,Anthony Hernandez,093e1f5bb73850be,Y
Mara Romero Borella,82cbb809d5ee565c,Taila Santos,f7467152fd9f18a2,Y
Thiago Alves,31ee470ef5dc8d7f,Max Griffin,b0d6a1d8ac3d563d,Y
Jairzinho Rozenstruik,2cd428e9606856fd,Junior Albini,c482c8605455a213,Y
Geraldo de Freitas,9cfbfae5fa1fdd93,Felipe Colares,dbac0a413af64bbe,Y
Said Nurmagomedov,0fd5f4b838e890cc,Ricardo Ramos,1ae8f3c723aacff4,Y
Rogerio Bontorin,07a2bdaa0afdd831,Magomed Bibulatov,87f19d19f4cb73f8,Y
Henry Cejudo,056c493bbd76a918,TJ Dillashaw,c849740a3ff51931,Y
Allen Crowder,a9d6e047ce48ab63,Greg Hardy,85073dbd1be65ed9,Y
Gregor Gillespie,84ff027394f7e470,Yancy Medeiros,813550bc53b15fb0,Y
Joseph Benavidez,80eacd4da0617c57,Dustin Ortiz,f53c1f4ceeed8c08,Y
Paige VanZant,4d5197f331c47290,Rachael Ostovich,01784fbc27c68b14,Y
Glover Teixeira,7ff97850e8c32bda,Karl Roberson,37d5b176d438d2a5,Y
Donald Cerrone,1d00756835ca67c9,Alexander Hernandez,262a7d06203657e6,Y
Joanne Wood,12f91bfa8f1f723b,Ariane da Silva,6551c64fbcd1a467,Y
Alonzo Menifield,a495f599e787614f,Vinicius Moreira,acb36c908d415c4a,Y
Cory Sandhagen,65f09bacd3957381,Mario Bautista,bc711b6dd95c1af6,Y
Dennis Bermudez,6f242453c91a5af0,Te Edwards,ef44e4ea9050f2ea,Y
Geoff Neal,b997be68943010fc,Belal Muhammad,b1b0729d27936f2f,Y
Chance Rencountre,1ddb480b601cefb1,Kyle Stewart,bb61823f76361297,Y
Jon Jones,07f72a2a7591b409,Alexander Gustafsson,3c6976f8182d9527,Y
Amanda Nunes,80fa8218c99f9c58,Cristiane Justino,634bb0de2eb043b4,Y
Michael Chiesa,c58f51dedb310998,Carlos Condit,f9f07bb5a43535ed,Y
Corey Anderson,5e4eec08896c9423,Ilir Latifi,e9a3aeb207578eea,Y
Alexander Volkanovski,e1248941344b3288,Chad Mendes,b5b684eac99ae0a3,Y
Andrei Arlovski,3738e68d2261e60f,Walt Harris,03f982ca3735070c,N
Megan Anderson,a0e75f4a13eb73f1,Cat Zingano,3ecd936bd8814108,Y
Petr Yan,d661ce4da776fc20,Douglas Silva de Andrade,3a314d9fa7c6825d,Y
Ryan Hall,8866c6f509c19089,BJ Penn,73c7cfa551289285,Y
Nathaniel Wood,329e403448756217,Andre Ewell,5f6f049d54728e88,Y
Uriah Hall,65578a75fa7900e3,Bevon Lewis,899923ff6ab13917,Y
Curtis Millender,f1928a52590c5532,Siyar Bahadurzada,aec185309b4843d0,Y
Montel Jackson,cc1a8b4b38b92c6d,Brian Kelleher,7be14eaed4c74856,Y
Al Iaquinta,59279a7c978f7da0,Kevin Lee,ee9ebceabfd16fa7,Y
Edson Barboza,64a50dad704d1d49,Dan Hooker,193b9d1858bc4df3,Y
Rob Font,05339613bf8e9808,Sergio Pettis,de75d1c45a39e221,Y
Charles Oliveira,07225ba28ae309b6,Jim Miller,d1941565abf50b16,Y
Zak Ottow,47cd337b86b1af92,Dwight Grant,8be158ca1e5ea6a0,Y
Drakkar Klose,7cbf7c78d3b34218,King Green,887961364be5ceb3,Y
Joaquim Silva,ae7fe94f117f98cf,Jared Gordon,7026eca45f65377b,Y
Jack Hermansson,0a1942069c9ad6b6,Gerald Meerschaert,6ac9bc2953c47345,Y
Zak Cummings,4ba8d454f762005d,Trevor Smith,f797f0c57a83353e,Y
Dan Ige,82a5152216251682,Jordan Griffin,ebef46976554f975,Y
Mike Rodriguez,18b602842a24f7c5,Adam Milstead,72ffecf712673af1,Y
Juan Adams,83b00f7597e5ac83,Chris de la Rocha,e51ee8ded927fc51,Y
Max Holloway,150ff4cc642270b9,Brian Ortega,def8166ff24bd237,Y
Valentina Shevchenko,132deb59abae64b1,Joanna Jedrzejczyk,3d6749c4267da18f,Y
Gunnar Nelson,fd55393021a8c255,Alex Oliveira,57b10fca4f9c9a7a,Y
Hakeem Dawodu,2c9d00968f818270,Kyle Bochniak,c5af5750e8bae4f0,Y
Thiago Santos,dea070ed4a2a8281,Jimi Manuwa,1e1dbd1cc5a7469e,Y
Nina Nunes,d343df8ba11f4c4e,Claudia Gadelha,ec34349e7dffcde7,Y
Gilbert Burns,23024fdfc966410a,Olivier Aubin-Mercier,55ee431411ccf07a,Y
Jessica Eye,f72465a784c1b084,Katlyn Cerminara,e872e9a9a902c045,Y
Elias Theodorou,34f88592c0ab7a54,Eryk Anders,cad24459b28592ca,Y
Brad Katona,7b433309b0fd12aa,Matthew Lopez,2fc7e9701642ca38,Y
Dhiego Lima,e9213f53ddeca978,Chad Laprise,c03a5022f8439f2a,Y
Diego Ferreira,f53d4f21d1b5f2dc,Kyle Nelson,31f8081c7600da93,Y
Aleksandar Rakic,333b9e5c723ac873,Devin Clark,cc7040fe76f0ef91,Y
Junior Dos Santos,63def5a5662a6917,Tai Tuivasa,c62fbc117d57b943,Y
Mauricio Rua,140745cbbcb023ac,Tyson Pedro,49e96ff8ab781589,Y
Justin Willis,ce1e867808ef5fce,Mark Hunt,eef9b891edbd4604,Y
Anthony Rocco Martin,5331b25a60417ffb,Jake Matthews,a845f0735bc67405,Y
Sodiq Yusuff,94426bb170c88115,Suman Mokhtarian,192520689012c7e4,Y
Jimmy Crute,70e1f8a821b72c8b,Paul Craig,eabf206b162b3b83,Y
Aleksei Kunchenko,e2ccd9a9ace60de7,Yushin Okami,acff437707625fc7,Y
Wilson Reis,5aedf14771ca82d2,Ben Nguyen,840d2c82ea68b9aa,Y
Keita Nakamura,65ddc8a9ac4e8531,Salim Touahri,cbf1c7ba5408a66f,Y
Kai Kara-France,853eb0dd5c0e2149,Elias Garcia,ac5a7400da3a9a41,Y
Christos Giagos,de45aaae23dfa392,Mizuto Hirota,35faad160d346839,Y
Damir Ismagulov,135d124172a0bea3,Alex Gorgees,803bebcfb6d6f506,Y
Kamaru Usman,f1b2aa7853d1ed6e,Rafael Dos Anjos,6a2f7c151031653d,Y
Juan Espino,ccf5dc41417e9daf,Justin Frazier,78863e4a28204a6b,Y
Macy Chiasson,9cdd2da1a9104a0b,Pannie Kianzad,91dac5e69e28d5b5,Y
Pedro Munhoz,6bd02119599741a4,Bryan Caraway,5ef0088c1b19beeb,Y
Edmen Shahbazyan,4144798612ef96e5,Darren Stewart,a17ad5a5048e8c3f,Y
Antonina Shevchenko,d7338bcb141abd2c,Ji Yeon Kim,a20f234df70f2182,Y
Kevin Aguilar,cf946e03ba2e7666,Ricky Glenn,814ff3018127e8fc,Y
Joseph Benavidez,80eacd4da0617c57,Alex Perez,ab2b4ff41d6ebe0f,Y
Maurice Greene,068f8a189a47fea6,Michel Batista,34218661c44ed55d,Y
Leah Letson,8cb78f3a6c2a08f7,Julija Stoliarenko,a78a87d8c2bbb1cb,Y
Roosevelt Roberts,37c5366d18ed6c05,Darrell Horcher,18e8b7070228e728,Y
Tim Means,4b47e71384a9522f,Ricky Rainey,9b1e3fb4f8cbd5b7,Y
Raoni Barcelos,b9f28e7045fdfce7,Chris Gutierrez,45f0cc9d18f35137,Y
Francis Ngannou,8d03ce87ca14e778,Curtis Blaydes,fa6796c55d6c5440,Y
Alistair Overeem,b4ad3a06ee4d660c,Sergei Pavlovich,f14cf73e51b29254,Y
Song Yadong,efb96bf3e9ada36f,Vince Morales,37098a6e6c27fb66,Y
Li Jingliang,e64b96c07d7ce999,David Zawada,3bb2dc8e87b10a46,Y
Alex Morono,cdb96af67d096b1e,Song Kenan,32490e80ddab1e5a,Y
Wu Yanan,fdbefee0827e1567,Lauren Mueller,f923e012414c883e,Y
Rashad Coulter,d1528ac5675558b1,Hu Yaozong,f1175ea3aafbf351,Y
Zhang Weili,1ebe20ebbfa15e29,Jessica Aguilar,8f382b3baa954d2a,Y
Pingyuan Liu,31bbd39c0a075d4e,Martin Day,ea3dcc417c322064,Y
Yan Xiaonan,c41d426cc7326d1b,Syuri Kondo,a851c35f58199231,Y
Kevin Holland,3a46b268013afede,John Phillips,e9ac7bfb65c25497,Y
Louis Smolka,d2bc285ead803db0,Sumudaerji,3cf18e01cb6cbde3,Y
Santiago Ponzinibbio,6d1bffff14897645,Neil Magny,84b3e7d38f2d2ec5,Y
Ricardo Lamas,3974fa35c917af1d,Darren Elkins,92a9aa9c93192871,Y
Johnny Walker,c21f26bbde777573,Khalil Rountree Jr.,749f572d1d3161fb,Y
Ian Heinisch,2e585c701f72fe55,Cezar Ferreira,dbc17725b887860a,Y
Marlon Vera,7c7332319c14094c,Guido Cannetti,d05412b513b19621,Y
Cynthia Calvillo,98215d037be5bcb7,Poliana Botelho,5c126c6aac3ef364,Y
Michel Prazeres,e51fcd9cd84c0b93,Bartosz Fabinski,e17ac6410c8377f4,Y
Alexandre Pantoja,a0f0004aadf10b71,Yuta Sasaki,7c3c48cf54a2848e,Y
Austin Arnett,bf0e700106d00e55,Humberto Bandenay,2c2caf2f2bab9df5,Y
Laureano Staropoli,a12a8314adc1c1c9,Hector Aldana,c487223b0289bda9,Y
Jesus Pinedo,25af5e832f17b474,Devin Powell,065eb44700e641a4,Y
Nad Narimani,776a58a67665a171,Anderson Dos Santos,bbc9ab95fa766493,Y
Yair Rodriguez,cbf5e6f231b55443,Chan Sung Jung,c451d67c09c55418,Y
Donald Cerrone,1d00756835ca67c9,Mike Perry,f2b6fdb20675b11c,Y
Germaine de Randamie,1d239d571e342453,Raquel Pennington,fc169c387b4b465d,Y
Beneil Dariush,08af939f41b5a57b,Thiago Moises,d945aae53e3e54e6,Y
Maycee Barber,6a740daf1b279661,Hannah Cifers,2244d9a2b64b8c3b,Y
Michael Trizano,5bf31a46becc1204,Luis Pena,2844b047183a1adb,Y
Ashley Yoder,b4c6c904a9ffc5e8,Amanda Cooper,d4a31850a7457f1b,Y
Chas Skelly,4bd6b4800070b069,Bobby Moffett,d76ad9a08c4408ff,N
Davi Ramos,0052de90691d4a93,John Gunther,3956bdc8ab2e54b3,Y
Devonte Smith,207773daeb4afa7b,Julian Erosa,902ec2cc48c8ae8a,Y
Eric Shelton,a0c64f272b65d441,Joseph Morales,2fe9032955c2e013,Y
Mark De La Rosa,f57dd0bfa8c17813,Joby Sanchez,b12fc8a41e82d3a2,Y
Daniel Cormier,d967f0128c323de6,Derrick Lewis,d3df1add9d9a7efb,Y
Jacare Souza,7a703c565ccaa18f,Chris Weidman,3a8176e15b9887c1,Y
Jared Cannonier,13a0275fa13c4d26,David Branch,d2c55d1d2e67773b,Y
Karl Roberson,37d5b176d438d2a5,Jack Marshman,045f25b3a4c08e81,Y
Israel Adesanya,1338e2c7480bdf9e,Derek Brunson,b1a3e0aca758b322,Y
Jordan Rinaldi,c07efc18b231f170,Jason Knight,bb1a2cdad6ff34db,Y
Sijara Eubanks,4234f0097c83fa62,Roxanne Modafferi,4498b382c65a7faa,Y
Sheymon Moraes,0d62719b1dcf7c40,Julio Arce,1291edf2d566a71a,Y
Lyman Good,4e0692ad070976e4,Ben Saunders,484acc7b0f856ce9,Y
Matt Frevola,dccb63727f2f5f74,Lando Vannata,f9b200db02b488d9,N
Shane Burgos,98d961097baaf308,Kurt Holobaugh,a7151778b3381036,Y
Marcos Rogerio de Lima,ab943cd2c3c17825,Adam Wieczorek,efa1f6b42c86793c,Y
Anthony Smith,d4c9dcd330403612,Volkan Oezdemir,0845c81e37d3bcb3,Y
Michael Johnson,511e82663651438d,Artem Lobov,02f2a9702ba3d167,Y
Misha Cirkunov,67f272324a030d00,Patrick Cummins,e51e5cb722bd47a8,Y
Andre Soukhamthath,d0e50a3d1b250708,Jonathan Martinez,f2477cf43c4975cc,Y
Gian Villante,fcd448a2fe1a23cc,Ed Herman,06f36cf4bd97ec77,Y
Court McGee,523fa774700d7d3f,Alex Garcia,a2b12c3f3d60ff69,Y
Sean Strickland,0d8011111be000b2,Nordine Taleb,49858bf46dabf6fb,Y
Nasrat Haqparast,b7b84ccd221be298,Thibault Gouti,51e86de150ee8be6,Y
Calvin Kattar,751de04455cfaac0,Chris Fishgold,bebb4ae55ac2bf6f,Y
Talita Bernardo,5b2325cd70dbe2ea,Sarah Moras,539ed332b3078821,Y
Don Madge,68c7ad953455c73f,Te Edwards,ef44e4ea9050f2ea,Y
Arjan Bhullar,7e511f8d842a109d,Marcelo Golm,ac29d508d78384c9,Y
Stevie Ray,31a13532e724ca2b,Jessin Ayari,6eaec40f724852f4,Y
Khabib Nurmagomedov,032cc3922d871c7f,Conor McGregor,f4c49976c75c5ab2,Y
Tony Ferguson,22a92d7f62195791,Anthony Pettis,cbb682f5fcc44bfc,Y
Dominick Reyes,2e19380f34871c6a,Ovince Saint Preux,50db8711c70196cd,Y
Derrick Lewis,d3df1add9d9a7efb,Alexander Volkov,279566840aa55bf2,Y
Michelle Waterson-Gomez,eb04b9d31e938edb,Felice Herrig,b6850671a008bf9a,Y
Jussier Formiga,b102c26727306ab6,Sergio Pettis,de75d1c45a39e221,Y
Vicente Luque,6d4b63c767106d3a,Jalin Turner,4d8fa64202cee4c1,Y
Aspen Ladd,d4691518d012b9e7,Tonya Evinger,b12a1d19ee383b7c,Y
Scott Holtzman,df1eb4354d18a906,Alan Patrick,cd7763bcadb5d4c8,Y
Yana Santos,3143bf892608139a,Lina Lansberg,2eeaefbfc7f9fcff,Y
Nik Lentz,6fb1ba67bef41b37,Gray Maynard,7d96bc577e5178b2,Y
Anthony Rocco Martin,5331b25a60417ffb,Ryan LaFlare,4c7781da8c6cae93,Y
Thiago Santos,dea070ed4a2a8281,Eryk Anders,cad24459b28592ca,Y
Alex Oliveira,57b10fca4f9c9a7a,Carlo Pedersoli Jr.,198994b47f395af0,Y
Rogerio Nogueira,73e09f837f3b5ecc,Sam Alvey,d156513a19acf856,Y
Andre Ewell,5f6f049d54728e88,Renan Barao,2c99576fefe53c7c,Y
Randa Markos,4a57ebb14315b251,Marina Rodriguez,cd2c4d30c6e13b47,N
Charles Oliveira,07225ba28ae309b6,Christos Giagos,de45aaae23dfa392,Y
Francisco Trinaldo,a8283a4f415e1eb9,Evan Dunham,e5c9de15bb58b1c6,Y
Ryan Spann,a67f5afa8d6a1b80,Luis Henrique,e5bda12faabfc850,Y
Augusto Sakai,441eacbe20e0e80b,Chase Sherman,01b352b6a9074d5c,Y
Sergio Moraes,1bcaac2d99b90fce,Ben Saunders,484acc7b0f856ce9,Y
Mayra Bueno Silva,cc8c623cca88f54f,Gillian Robertson,38c7f72747f4f712,Y
Thales Leites,cfb65863d5099327,Hector Lombard,db1f2ed63b54b9a7,Y
Elizeu Zaleski dos Santos,8adcbd525fab8d9b,Luigi Vendramini,2f1a257d6777096d,Y
Livinha Souza,dab8cfbb6b1db10a,Alex Chambers,26b63bc5c0c1f65d,Y
Aleksei Oleinik,98c23cb6da5b3352,Mark Hunt,eef9b891edbd4604,Y
Jan Blachowicz,99df7d0a2a08a8a8,Nikita Krylov,1091d4d957141094,Y
Shamil Abdurakhimov,2f5cbecbbe18bac4,Andrei Arlovski,3738e68d2261e60f,Y
Aleksei Kunchenko,e2ccd9a9ace60de7,Thiago Alves,31ee470ef5dc8d7f,Y
Khalid Murtazaliev,231cae8b77fbbcc1,CB Dollaway,5d7bdab5e03e3216,Y
Petr Yan,d661ce4da776fc20,Jin Soo Son,7c9c6a884be167fe,Y
Rustam Khabilov,9b7694d064a8a0ad,Kajan Johnson,633a45d131192ffe,Y
Mairbek Taisumov,8f5c8850b2484173,Desmond Green,f046d724d2a84ac5,Y
Magomed Ankalaev,d802174b0c0c1f4e,Marcin Prachnio,6370c1c1e12723d5,Y
Jordan Johnson,99bcdf5eac39898f,Adam Yandiev,0a95c474e61a6c44,Y
Ramazan Emeev,abd5fb12437eda21,Stefan Sekulic,348dff4e03bd18c6,Y
Merab Dvalishvili,c03520b5c88ed6b4,Terrion Ware,ba5e253af86db1a8,Y
Tyron Woodley,effd9de9937996f8,Darren Till,9ce6d5a03af801b7,Y
Jessica Andrade,6a1901c62ab3870f,Karolina Kowalkiewicz,d7c3816669784109,Y
Zabit Magomedsharipov,87aa9fb63d6b51a1,Brandon Davis,cc351e408bbb7d43,Y
Jimmie Rivera,9c907996820d2d69,John Dodson,99506df1af6c8b3b,Y
Abdul Razak Alhassan,eae431e70064e046,Niko Price,d8da10db80131bec,Y
Tatiana Suarez,b08012bbe542592a,Carla Esparza,d910665038efc639,Y
Aljamain Sterling,cb696ebfb6598724,Cody Stamann,bf7ad5628363eec9,Y
Geoff Neal,b997be68943010fc,Frank Camacho,764342d39cdaa54a,Y
Darren Stewart,a17ad5a5048e8c3f,Charles Byrd,76ee3d666c648f6b,Y
Diego Sanchez,82e7929bf6c2b689,Craig White,3dd949593346dbc3,Y
Jim Miller,d1941565abf50b16,Alex White,c17041f1bb5768d8,Y
Irene Aldana,578ef12674df1e6a,Lucie Pudilova,3cf66c62d9069f43,Y
Jarred Brooks,81d9df19e255b8b6,Robert Sanchez,546f8599a63c29da,Y
Justin Gaethje,9e8f6c728eb01124,James Vick,6256b2b1562cb8e1,Y
Michael Johnson,511e82663651438d,Andre Fili,8fd808923cffff82,Y
Cortney Casey,5f179af5fffeb9f6,Angela Hill,f0feeb2192937424,Y
Bryan Barberena,a331233f597090a5,Jake Ellenberger,d81ac739417d7f53,Y
Deiveson Figueiredo,aa72b0f831d0bfe5,John Moraga,92437c6775b3f7d1,Y
Eryk Anders,cad24459b28592ca,Tim Williams,990bd63726a577f8,Y
James Krause,8f6a18831a120817,Warlley Alves,d317a5e2b3f88c5f,Y
Cory Sandhagen,65f09bacd3957381,Iuri Alcantara,2f95a3c6d58b2aad,Y
Andrew Sanchez,fccf811c1e8b01c7,Markus Perez,2ac4628c08ec5125,Y
Mickey Gall,9e50097a89442158,George Sullivan,6c7e25571490aa3b,Y
Joanne Wood,12f91bfa8f1f723b,Kalindra Faria,27b164b0d1833df0,Y
Drew Dober,519e4fe37ce9ff75,Jon Tuck,53ec9cb470e1a4ea,Y
Rani Yahya,94527830000ab715,Luke Sanders,96428b9e9bd048ea,Y
TJ Dillashaw,c849740a3ff51931,Cody Garbrandt,d8c7c61b176e3994,Y
Henry Cejudo,056c493bbd76a918,Demetrious Johnson,8a304bfd6bf04a57,Y
Renato Moicano,b6452706b373eea1,Cub Swanson,d247691a6c0e9034,Y
JJ Aldrich,6fd953151d981979,Polyana Viana,9673a497a9da119a,Y
Thiago Santos,dea070ed4a2a8281,Kevin Holland,3a46b268013afede,Y
Pedro Munhoz,6bd02119599741a4,Brett Johns,ec52462a1b41f714,Y
Ricky Simon,5987b2458f4b5290,Montel Jackson,cc1a8b4b38b92c6d,Y
Ricardo Ramos,1ae8f3c723aacff4,Kyung Ho Kang,a7897d200692ab64,Y
Sheymon Moraes,0d62719b1dcf7c40,Matt Sayles,5b8ba8f5512893b1,Y
Alex Perez,ab2b4ff41d6ebe0f,Jose Torres,d2036f31c035e0d1,Y
Zhang Weili,1ebe20ebbfa15e29,Danielle Taylor,b76c6268dc1d3c05,Y
Marlon Vera,7c7332319c14094c,Wulijiburen,2296125b6c362355,Y
Dustin Poirier,029eaff01e6bb8f0,Eddie Alvarez,33a331684283900f,Y
Jose Aldo,d0f3959b4a9747e6,Jeremy Stephens,18968f97ad34f15c,Y
Joanna Jedrzejczyk,3d6749c4267da18f,Tecia Pennington,31ef8b67e13495b3,Y
Alexander Hernandez,262a7d06203657e6,Olivier Aubin-Mercier,55ee431411ccf07a,Y
Jordan Mein,2aa49b3766a59bcd,Alex Morono,cdb96af67d096b1e,Y
Hakeem Dawodu,2c9d00968f818270,Austin Arnett,bf0e700106d00e55,Y
Islam Makhachev,275aca31f61ba28c,Kajan Johnson,633a45d131192ffe,Y
Ion Cutelaba,cd13728ae1151f46,Gadzhimurad Antigulov,af997f7611673880,Y
John Makdessi,c21a036b4e012f1c,Ross Pearson,4f732e58ed907eff,Y
Katlyn Cerminara,e872e9a9a902c045,Alexis Davis,4c2d90e335e6df19,Y
Dustin Ortiz,f53c1f4ceeed8c08,Matheus Nicolau,1a31ef98efce7a79,Y
Nina Nunes,d343df8ba11f4c4e,Randa Markos,4a57ebb14315b251,Y
Devin Powell,065eb44700e641a4,Alvaro Herrera Mendoza,74d35fbc9c6a61bd,Y
Anthony Smith,d4c9dcd330403612,Mauricio Rua,140745cbbcb023ac,Y
Corey Anderson,5e4eec08896c9423,Glover Teixeira,7ff97850e8c32bda,Y
Abu Azaitar,46d0a888d87d91ac,Vitor Miranda,4bcb6eb12b4ad4aa,Y
Marcin Tybura,c9cf753cfdf77fc2,Stefan Struve,ebc1f40e00e0c481,Y
Danny Roberts,a6cba6bb66c1a8c9,David Zawada,3bb2dc8e87b10a46,Y
Nasrat Haqparast,b7b84ccd221be298,Marc Diakiese,32c355b04fc57f3a,Y
Damir Hadzovic,38c626ca912c7bac,Nick Hein,2816ced060a21be3,Y
Bartosz Fabinski,e17ac6410c8377f4,Emil Meek,103b06d8707895a9,Y
Nad Narimani,776a58a67665a171,Khalid Taha,b4537562f88ac582,Y
Aleksandar Rakic,333b9e5c723ac873,Justin Ledet,ba1e6cb3d43f7430,Y
Manny Bermudez,2dc1bc1a02961656,Davey Grant,113df4fde64735c6,Y
Darko Stosic,025f0b1b58fbad01,Jeremy Kimball,917a5cb9821df261,Y
Pingyuan Liu,31bbd39c0a075d4e,Damian Stasiak,42a7e90605df3c8a,Y
Junior Dos Santos,63def5a5662a6917,Blagoy Ivanov,1788eee370f077b7,Y
Sage Northcutt,ed9d8ee3a4239b1c,Zak Ottow,47cd337b86b1af92,Y
Ricky Glenn,814ff3018127e8fc,Dennis Bermudez,6f242453c91a5af0,Y
Niko Price,d8da10db80131bec,Randy Brown,c6aee362c7a7d482,Y
Chad Mendes,b5b684eac99ae0a3,Myles Jury,08e908ed6d18d6a0,Y
Cat Zingano,3ecd936bd8814108,Marion Reneau,c7d297714d9ab1a4,Y
Alejandro Perez,80daefbed11ce998,Eddie Wineland,fc9a9559a05f2704,Y
Alexander Volkanovski,e1248941344b3288,Darren Elkins,92a9aa9c93192871,Y
Said Nurmagomedov,0fd5f4b838e890cc,Justin Scoggins,9fa568ad2bf2cb0b,Y
Raoni Barcelos,b9f28e7045fdfce7,Kurt Holobaugh,a7151778b3381036,Y
Liz Carmouche,51a0c09cbe9b8472,Jennifer Maia,8e1f36476ef02a6a,Y
Mark De La Rosa,f57dd0bfa8c17813,Elias Garcia,ac5a7400da3a9a41,Y
Jessica Aguilar,8f382b3baa954d2a,Jodie Esquibel,411539901068522f,Y
Daniel Cormier,d967f0128c323de6,Stipe Miocic,d28dee5c705991df,Y
Derrick Lewis,d3df1add9d9a7efb,Francis Ngannou,8d03ce87ca14e778,Y
Mike Perry,f2b6fdb20675b11c,Paul Felder,e5010b1b94ca5755,Y
Anthony Pettis,cbb682f5fcc44bfc,Michael Chiesa,c58f51dedb310998,Y
Khalil Rountree Jr.,749f572d1d3161fb,Gokhan Saki,4690d47bf725fd98,Y
Paulo Costa,2e5c2aa8e4ab9d82,Uriah Hall,65578a75fa7900e3,Y
Raphael Assuncao,2f13e4020cea5b38,Rob Font,05339613bf8e9808,Y
Drakkar Klose,7cbf7c78d3b34218,Lando Vannata,f9b200db02b488d9,Y
Curtis Millender,f1928a52590c5532,Max Griffin,b0d6a1d8ac3d563d,Y
Dan Hooker,193b9d1858bc4df3,Gilbert Burns,23024fdfc966410a,Y
Emily Whitmire,b3d21b2610dcfaeb,Jamie Moyle,882d62561063a927,Y
Israel Adesanya,1338e2c7480bdf9e,Brad Tavares,0c6d9ea8306c029e,Y
Michael Trizano,5bf31a46becc1204,Joe Giannetti,946db8a378903cc3,Y
Brad Katona,7b433309b0fd12aa,Jay Cucciniello,683ea28a198936fe,Y
Alex Caceres,7aa3d6964eff4877,Martin Bravo,9c44f290f5726d95,Y
Roxanne Modafferi,4498b382c65a7faa,Barb Honchak,472f6f6e6d962f40,Y
Alessio Di Chirico,77d7295d1b22c694,Julian Marquez,d0e1b42d41dab603,Y
Montana De La Rosa,80d8aed0ca9b00f3,Rachael Ostovich,01784fbc27c68b14,Y
Luis Pena,2844b047183a1adb,Richie Smullen,f75c5ca0d91b9115,Y
John Gunther,3956bdc8ab2e54b3,Allan Zuniga,523af801b3429015,Y
Bryce Mitchell,d9c6f19f958643e9,Tyler Diamond,f5f6419c5f00abad,Y
Steven Peterson,b93c06d09d1c4ac0,Matt Bessette,0b8d512c79b4baf3,Y
Gerald Meerschaert,6ac9bc2953c47345,Oskar Piechota,1cf7ccf64a5bf24e,Y
Leon Edwards,f1fac969a1d70b08,Donald Cerrone,1d00756835ca67c9,Y
Ovince Saint Preux,50db8711c70196cd,Tyson Pedro,49e96ff8ab781589,Y
Jessica Eye,f72465a784c1b084,Jessica-Rose Clark,6c8072b61c276e67,Y
Li Jingliang,e64b96c07d7ce999,Daichi Abe,5140122c3eecd307,Y
Petr Yan,d661ce4da776fc20,Teruto Ishihara,88cd34d836b4ebcd,Y
Song Yadong,efb96bf3e9ada36f,Felipe Arantes,71002dbc1743b9a7,Y
Shane Young,4cd8b03aee1d0138,Rolando Dy,55ed59d541f8b90c,Y
Song Kenan,32490e80ddab1e5a,Hector Aldana,c487223b0289bda9,Y
Jake Matthews,a845f0735bc67405,Shinsho Anzai,4665f9f909cd7214,Y
Yan Xiaonan,c41d426cc7326d1b,Viviane Pereira,d50382dc0565a9e1,Y
Matt Schnell,67c1d46f4ed16f9e,Naoki Inoue,199eb7cf6ae90294,Y
Yuta Sasaki,7c3c48cf54a2848e,Jenel Lausa,ec664422b22d9787,Y
Ji Yeon Kim,a20f234df70f2182,Melinda Fabian,8c020156779f7888,Y
Robert Whittaker,e1147d3d2dabe1ce,Yoel Romero,f77c68bb4be8516d,Y
Colby Covington,dc9572dd6ec74859,Rafael Dos Anjos,6a2f7c151031653d,Y
Holly Holm,634e2fb70bde3fd5,Megan Anderson,a0e75f4a13eb73f1,Y
Tai Tuivasa,c62fbc117d57b943,Andrei Arlovski,3738e68d2261e60f,Y
CM Punk,a8c9d16fe2a14d72,Mike Jackson,0641c21bec209472,N
Curtis Blaydes,fa6796c55d6c5440,Alistair Overeem,b4ad3a06ee4d660c,Y
Claudia Gadelha,ec34349e7dffcde7,Carla Esparza,d910665038efc639,Y
Mirsad Bektic,cbd3e590a85b18c5,Ricardo Lamas,3974fa35c917af1d,Y
Chris de la Rocha,e51ee8ded927fc51,Rashad Coulter,d1528ac5675558b1,Y
Anthony Smith,d4c9dcd330403612,Rashad Evans,ee779c43a8926d52,Y
Sergio Pettis,de75d1c45a39e221,Joseph Benavidez,80eacd4da0617c57,Y
Charles Oliveira,07225ba28ae309b6,Clay Guida,c47df9303d318c67,Y
Dan Ige,82a5152216251682,Mike Santiago,bc656db347f31e19,Y
Marlon Moraes,fea79f9bc8c68769,Jimmie Rivera,9c907996820d2d69,Y
Gregor Gillespie,84ff027394f7e470,Vinc Pichel,c77a953488e5607d,Y
Walt Harris,03f982ca3735070c,Daniel Spitz,f86cb5f25d545e0e,Y
Ben Saunders,484acc7b0f856ce9,Jake Ellenberger,d81ac739417d7f53,Y
Julio Arce,1291edf2d566a71a,Daniel Teymur,fbf0537e420e698e,Y
Sam Alvey,d156513a19acf856,Gian Villante,fcd448a2fe1a23cc,Y
Sijara Eubanks,4234f0097c83fa62,Lauren Murphy,729d4bd5a6cd0a97,Y
David Teymur,2747c60e42d9d75f,Nik Lentz,6fb1ba67bef41b37,Y
Belal Muhammad,b1b0729d27936f2f,Chance Rencountre,1ddb480b601cefb1,Y
Desmond Green,f046d724d2a84ac5,Gleison Tibau,75e5fec9f72910ef,Y
Nathaniel Wood,329e403448756217,Johnny Eduardo,528c24b99fbaab79,Y
Jose Torres,d2036f31c035e0d1,Jarred Brooks,81d9df19e255b8b6,Y
Darren Till,9ce6d5a03af801b7,Stephen Thompson,4a28cb716c19157a,Y
Neil Magny,84b3e7d38f2d2ec5,Craig White,3dd949593346dbc3,Y
Arnold Allen,040a74bb0a465c54,Mads Burnell,69f01b25dfabaf6b,Y
Makwan Amirkhani,87a1dc546b1c5caf,Jason Knight,bb1a2cdad6ff34db,Y
Claudio Silva,6f7c616b98e18c29,Nordine Taleb,49858bf46dabf6fb,Y
Darren Stewart,a17ad5a5048e8c3f,Eric Spicely,b9664eae2ac75262,Y
Tom Breese,1588b787bda7b540,Daniel Kelly,bdcbb976816fd256,Y
Lina Lansberg,2eeaefbfc7f9fcff,Gina Mazany,016a8d958883167c,Y
Carlo Pedersoli Jr.,198994b47f395af0,Brad Scott,34e552520a934063,Y
Gillian Robertson,38c7f72747f4f712,Molly McCann,51018a31ddf31eb2,Y
Elias Theodorou,34f88592c0ab7a54,Trevor Smith,f797f0c57a83353e,Y
Kamaru Usman,f1b2aa7853d1ed6e,Demian Maia,427b5953ac8e3a27,Y
Tatiana Suarez,b08012bbe542592a,Alexa Grasso,e8b731feff72294b,Y
Dominick Reyes,2e19380f34871c6a,Jared Cannonier,13a0275fa13c4d26,Y
Guido Cannetti,d05412b513b19621,Diego Rivas,09f579be4520394a,Y
Andrea Lee,05fa626cb33d15b8,Veronica Hardy,4798e823ada58fe9,Y
Vicente Luque,6d4b63c767106d3a,Chad Laprise,c03a5022f8439f2a,Y
Michel Prazeres,e51fcd9cd84c0b93,Zak Cummings,4ba8d454f762005d,Y
Alexandre Pantoja,a0f0004aadf10b71,Brandon Moreno,792be9a24df82ed6,Y
Poliana Botelho,5c126c6aac3ef364,Syuri Kondo,a851c35f58199231,Y
Gabriel Benitez,436f970c9ea9169c,Humberto Bandenay,2c2caf2f2bab9df5,Y
Enrique Barzola,be0b310a12eb80b4,Brandon Davis,cc351e408bbb7d43,Y
Frankie Saenz,9ba2226646046b63,Henry Briones,01fcef7e3d051722,Y
Claudio Puelles,d747eb273a40a920,Felipe Silva,1b38a2b897f6209c,Y
Amanda Nunes,80fa8218c99f9c58,Raquel Pennington,fc169c387b4b465d,Y
Kelvin Gastelum,8c0580d4fff106c1,Jacare Souza,7a703c565ccaa18f,Y
Mackenzie Dern,7447e9f28508106a,Amanda Cooper,d4a31850a7457f1b,Y
John Lineker,c268b2cfebccf652,Brian Kelleher,7be14eaed4c74856,Y
Lyoto Machida,f7a7f7118d4b01b6,Vitor Belfort,0ee783aa00e468f0,Y
Cezar Ferreira,dbc17725b887860a,Karl Roberson,37d5b176d438d2a5,Y
Aleksei Oleinik,98c23cb6da5b3352,Junior Albini,c482c8605455a213,Y
Davi Ramos,0052de90691d4a93,Nick Hein,2816ced060a21be3,Y
Elizeu Zaleski dos Santos,8adcbd525fab8d9b,Sean Strickland,0d8011111be000b2,Y
Warlley Alves,d317a5e2b3f88c5f,Sultan Aliev,e70de1859b7ee78e,Y
Jack Hermansson,0a1942069c9ad6b6,Thales Leites,cfb65863d5099327,Y
Ramazan Emeev,abd5fb12437eda21,Alberto Mina,4b1d46a1b5c0fd11,Y
Markus Perez,2ac4628c08ec5125,James Bochnovic,984d15d5dc7bfcf9,Y
Kevin Lee,ee9ebceabfd16fa7,Edson Barboza,64a50dad704d1d49,Y
Frankie Edgar,f2688492b9a525a3,Cub Swanson,d247691a6c0e9034,Y
Justin Willis,ce1e867808ef5fce,Chase Sherman,01b352b6a9074d5c,Y
David Branch,d2c55d1d2e67773b,Thiago Santos,dea070ed4a2a8281,Y
Aljamain Sterling,cb696ebfb6598724,Brett Johns,ec52462a1b41f714,Y
Dan Hooker,193b9d1858bc4df3,Jim Miller,d1941565abf50b16,Y
Ryan LaFlare,4c7781da8c6cae93,Alex Garcia,a2b12c3f3d60ff69,Y
Ricky Simon,5987b2458f4b5290,Merab Dvalishvili,c03520b5c88ed6b4,Y
Siyar Bahadurzada,aec185309b4843d0,Luan Chagas,9ccf8371fd80d45d,Y
Corey Anderson,5e4eec08896c9423,Patrick Cummins,e51e5cb722bd47a8,Y
Anthony Rocco Martin,5331b25a60417ffb,Keita Nakamura,65ddc8a9ac4e8531,Y
Dustin Poirier,029eaff01e6bb8f0,Justin Gaethje,9e8f6c728eb01124,Y
Alex Oliveira,57b10fca4f9c9a7a,Carlos Condit,f9f07bb5a43535ed,Y
Israel Adesanya,1338e2c7480bdf9e,Marvin Vettori,7acbb0972e75281a,Y
Michelle Waterson-Gomez,eb04b9d31e938edb,Cortney Casey,5f179af5fffeb9f6,Y
Antonio Carlos Junior,52e76bb4b3e852f3,Tim Boetsch,c80095f6092271a7,Y
Muslim Salikhov,447f9858ae78f921,Ricky Rainey,9b1e3fb4f8cbd5b7,Y
John Moraga,92437c6775b3f7d1,Wilson Reis,5aedf14771ca82d2,Y
Brad Tavares,0c6d9ea8306c029e,Krzysztof Jotko,4e06913c91da5200,Y
Gilbert Burns,23024fdfc966410a,Dan Moret,66e98b3bb5fc5250,Y
Lauren Mueller,f923e012414c883e,Shana Dobson,122ac9b816d8b71c,Y
Yushin Okami,acff437707625fc7,Dhiego Lima,e9213f53ddeca978,Y
Adam Wieczorek,efa1f6b42c86793c,Arjan Bhullar,7e511f8d842a109d,Y
Alejandro Perez,80daefbed11ce998,Matthew Lopez,2fc7e9701642ca38,Y
Luke Sanders,96428b9e9bd048ea,Patrick Williams,39330403ad27c2bb,Y
Khabib Nurmagomedov,032cc3922d871c7f,Al Iaquinta,59279a7c978f7da0,Y
Rose Namajunas,47b63240018d5d86,Joanna Jedrzejczyk,3d6749c4267da18f,Y
Renato Moicano,b6452706b373eea1,Calvin Kattar,751de04455cfaac0,Y
Zabit Magomedsharipov,87aa9fb63d6b51a1,Kyle Bochniak,c5af5750e8bae4f0,Y
Chris Gruetzemacher,feaf00f3373435d6,Joe Lauzon,3bad7ef643840f67,Y
Karolina Kowalkiewicz,d7c3816669784109,Felice Herrig,b6850671a008bf9a,Y
Olivier Aubin-Mercier,55ee431411ccf07a,Evan Dunham,e5c9de15bb58b1c6,Y
Ashlee Evans-Smith,fc6e681bf6658faf,Bec Rawlings,907e60fd13407e1e,Y
Devin Clark,cc7040fe76f0ef91,Mike Rodriguez,18b602842a24f7c5,Y
Alexander Volkov,279566840aa55bf2,Fabricio Werdum,492b202d2064e7a9,Y
Jan Blachowicz,99df7d0a2a08a8a8,Jimi Manuwa,1e1dbd1cc5a7469e,Y
Tom Duquesnoy,e979c76341f19b22,Terrion Ware,ba5e253af86db1a8,Y
Leon Edwards,f1fac969a1d70b08,Peter Sobotta,1fcfc3709fe58151,Y
Charles Byrd,76ee3d666c648f6b,John Phillips,e9ac7bfb65c25497,Y
Danny Roberts,a6cba6bb66c1a8c9,Oliver Enkamp,330bafba312face4,Y
Danny Henry,f7d73e452b064bf2,Hakeem Dawodu,2c9d00968f818270,Y
Paul Craig,eabf206b162b3b83,Magomed Ankalaev,d802174b0c0c1f4e,Y
Kajan Johnson,633a45d131192ffe,Stevie Ray,31a13532e724ca2b,Y
Dmitry Sosnovskiy,85ff1b9471d35238,Mark Godbeer,ad56b3f00ca38dfd,Y
Cristiane Justino,634bb0de2eb043b4,Yana Santos,3143bf892608139a,Y
Brian Ortega,def8166ff24bd237,Frankie Edgar,f2688492b9a525a3,Y
Sean O'Malley,b50a426a33da0012,Andre Soukhamthath,d0e50a3d1b250708,Y
Andrei Arlovski,3738e68d2261e60f,Stefan Struve,ebc1f40e00e0c481,Y
Ketlen Vieira,b9706f80d005036c,Cat Zingano,3ecd936bd8814108,Y
Mackenzie Dern,7447e9f28508106a,Ashley Yoder,b4c6c904a9ffc5e8,Y
Alexander Hernandez,262a7d06203657e6,Beneil Dariush,08af939f41b5a57b,Y
John Dodson,99506df1af6c8b3b,Pedro Munhoz,6bd02119599741a4,Y
CB Dollaway,5d7bdab5e03e3216,Hector Lombard,db1f2ed63b54b9a7,Y
Zak Ottow,47cd337b86b1af92,Mike Pyle,f5990c11974d8e9c,Y
Cody Stamann,bf7ad5628363eec9,Bryan Caraway,5ef0088c1b19beeb,Y
Jordan Johnson,99bcdf5eac39898f,Adam Milstead,72ffecf712673af1,Y
Jeremy Stephens,18968f97ad34f15c,Josh Emmett,fba03cd6cc28dc41,Y
Jessica Andrade,6a1901c62ab3870f,Tecia Pennington,31ef8b67e13495b3,Y
Ilir Latifi,e9a3aeb207578eea,Ovince Saint Preux,50db8711c70196cd,Y
Max Griffin,b0d6a1d8ac3d563d,Mike Perry,f2b6fdb20675b11c,Y
Brian Kelleher,7be14eaed4c74856,Renan Barao,2c99576fefe53c7c,Y
Marion Reneau,c7d297714d9ab1a4,Sara McMann,7be74a12d7352df2,Y
Angela Hill,f0feeb2192937424,Maryna Moroz,b4192a975027aab6,Y
Alan Jouban,cf65d56b0755ed3b,Ben Saunders,484acc7b0f856ce9,Y
Sam Alvey,d156513a19acf856,Marcin Prachnio,6370c1c1e12723d5,Y
Rani Yahya,94527830000ab715,Russell Doane,f50d95223751e6ca,Y
Alex Perez,ab2b4ff41d6ebe0f,Eric Shelton,a0c64f272b65d441,Y
Manny Bermudez,2dc1bc1a02961656,Albert Morales,544d7460b3e44393,Y
Donald Cerrone,1d00756835ca67c9,Yancy Medeiros,813550bc53b15fb0,Y
Derrick Lewis,d3df1add9d9a7efb,Marcin Tybura,c9cf753cfdf77fc2,Y
James Vick,6256b2b1562cb8e1,Francisco Trinaldo,a8283a4f415e1eb9,Y
Curtis Millender,f1928a52590c5532,Thiago Alves,31ee470ef5dc8d7f,Y
Brandon Davis,cc351e408bbb7d43,Steven Peterson,b93c06d09d1c4ac0,Y
Sage Northcutt,ed9d8ee3a4239b1c,Thibault Gouti,51e86de150ee8be6,Y
Diego Ferreira,f53d4f21d1b5f2dc,Jared Gordon,7026eca45f65377b,Y
Geoff Neal,b997be68943010fc,Brian Camozzi,1999ffb5cebc314f,Y
Robert Sanchez,546f8599a63c29da,Joby Sanchez,b12fc8a41e82d3a2,Y
Lucie Pudilova,3cf66c62d9069f43,Sarah Moras,539ed332b3078821,Y
Alex Morono,cdb96af67d096b1e,Joshua Burkman,6da99156486ed6c2,Y
Oskar Piechota,1cf7ccf64a5bf24e,Tim Williams,990bd63726a577f8,Y
Yoel Romero,f77c68bb4be8516d,Luke Rockhold,00e11b5c8b7bfeeb,Y
Curtis Blaydes,fa6796c55d6c5440,Mark Hunt,eef9b891edbd4604,Y
Tai Tuivasa,c62fbc117d57b943,Cyril Asker,9be6020024133293,Y
Jake Matthews,a845f0735bc67405,Li Jingliang,e64b96c07d7ce999,Y
Tyson Pedro,49e96ff8ab781589,Saparbeg Safarov,88d7b6d8230e1f3f,Y
Dong Hyun Ma,98a6b2361045898f,Damien Brown,d024ed963e8bf7ea,Y
Israel Adesanya,1338e2c7480bdf9e,Rob Wilkinson,826475cc758e60e6,Y
Alexander Volkanovski,e1248941344b3288,Jeremy Kennedy,68f6e96c5fa6e044,Y
Jussier Formiga,b102c26727306ab6,Ben Nguyen,840d2c82ea68b9aa,Y
Ross Pearson,4f732e58ed907eff,Mizuto Hirota,35faad160d346839,Y
Jose Quinonez,36549928f90f1d36,Teruto Ishihara,88cd34d836b4ebcd,Y
Luke Jumeau,4c288a2b250bb576,Daichi Abe,5140122c3eecd307,Y
Lyoto Machida,f7a7f7118d4b01b6,Eryk Anders,cad24459b28592ca,Y
Valentina Shevchenko,132deb59abae64b1,Priscila Cachoeira,b1e5bcaad32a3cac,Y
Michel Prazeres,e51fcd9cd84c0b93,Desmond Green,f046d724d2a84ac5,Y
Timothy Johnson,cc900af167fbedfd,Marcelo Golm,ac29d508d78384c9,Y
Douglas Silva de Andrade,3a314d9fa7c6825d,Marlon Vera,7c7332319c14094c,Y
Thiago Santos,dea070ed4a2a8281,Anthony Smith,d4c9dcd330403612,Y
Sergio Moraes,1bcaac2d99b90fce,Tim Means,4b47e71384a9522f,Y
Alan Patrick,cd7763bcadb5d4c8,Damir Hadzovic,38c626ca912c7bac,Y
Polyana Viana,9673a497a9da119a,Maia Stevenson,2fee10d5cf86bfca,Y
Iuri Alcantara,2f95a3c6d58b2aad,Joe Soto,a4e85a58fbce64b2,Y
Deiveson Figueiredo,aa72b0f831d0bfe5,Joseph Morales,2fe9032955c2e013,Y
Jacare Souza,7a703c565ccaa18f,Derek Brunson,b1a3e0aca758b322,Y
Andre Fili,8fd808923cffff82,Dennis Bermudez,6f242453c91a5af0,Y
Gregor Gillespie,84ff027394f7e470,Jordan Rinaldi,c07efc18b231f170,Y
Drew Dober,519e4fe37ce9ff75,Frank Camacho,764342d39cdaa54a,Y
King Green,887961364be5ceb3,Erik Koch,99bd87a300079ed9,Y
Mirsad Bektic,cbd3e590a85b18c5,Godofredo Pepey,fa37628269132d1a,Y
Katlyn Cerminara,e872e9a9a902c045,Mara Romero Borella,82cbb809d5ee565c,Y
Randa Markos,4a57ebb14315b251,Juliana Lima,75a6a390fd5dca46,Y
Ji Yeon Kim,a20f234df70f2182,Justine Kish,928ae2e5b5f7a9ec,Y
Vinc Pichel,c77a953488e5607d,Joaquim Silva,ae7fe94f117f98cf,Y
Niko Price,d8da10db80131bec,George Sullivan,6c7e25571490aa3b,Y
Cory Sandhagen,65f09bacd3957381,Austin Arnett,bf0e700106d00e55,Y
Stipe Miocic,d28dee5c705991df,Francis Ngannou,8d03ce87ca14e778,Y
Daniel Cormier,d967f0128c323de6,Volkan Oezdemir,0845c81e37d3bcb3,Y
Calvin Kattar,751de04455cfaac0,Shane Burgos,98d961097baaf308,Y
Gian Villante,fcd448a2fe1a23cc,Francimar Barroso,b69f24c500d783e7,Y
Rob Font,05339613bf8e9808,Thomas Almeida,2b074403b7c6cdb4,Y
Kyle Bochniak,c5af5750e8bae4f0,Brandon Davis,cc351e408bbb7d43,Y
Abdul Razak Alhassan,eae431e70064e046,Sabah Homasi,71f048adbfed5b49,Y
Dustin Ortiz,f53c1f4ceeed8c08,Alexandre Pantoja,a0f0004aadf10b71,Y
Julio Arce,1291edf2d566a71a,Dan Ige,82a5152216251682,Y
Enrique Barzola,be0b310a12eb80b4,Matt Bessette,0b8d512c79b4baf3,Y
Islam Makhachev,275aca31f61ba28c,Gleison Tibau,75e5fec9f72910ef,Y
Jeremy Stephens,18968f97ad34f15c,Dooho Choi,e93b04e308913c2e,Y
Jessica-Rose Clark,6c8072b61c276e67,Paige VanZant,4d5197f331c47290,Y
Kamaru Usman,f1b2aa7853d1ed6e,Emil Meek,103b06d8707895a9,Y
Darren Elkins,92a9aa9c93192871,Michael Johnson,511e82663651438d,Y
James Krause,8f6a18831a120817,Alex White,c17041f1bb5768d8,Y
Marco Polo Reyes,edd02825c29028fe,Matt Frevola,dccb63727f2f5f74,Y
Irene Aldana,578ef12674df1e6a,Talita Bernardo,5b2325cd70dbe2ea,Y
Kyung Ho Kang,a7897d200692ab64,Guido Cannetti,d05412b513b19621,Y
Jessica Eye,f72465a784c1b084,Kalindra Faria,27b164b0d1833df0,Y
JJ Aldrich,6fd953151d981979,Danielle Taylor,b76c6268dc1d3c05,Y
Mads Burnell,69f01b25dfabaf6b,Mike Santiago,bc656db347f31e19,Y
Cristiane Justino,634bb0de2eb043b4,Holly Holm,634e2fb70bde3fd5,Y
Khabib Nurmagomedov,032cc3922d871c7f,Edson Barboza,64a50dad704d1d49,Y
Dan Hooker,193b9d1858bc4df3,Marc Diakiese,32c355b04fc57f3a,Y
Carla Esparza,d910665038efc639,Cynthia Calvillo,98215d037be5bcb7,Y
Neil Magny,84b3e7d38f2d2ec5,Carlos Condit,f9f07bb5a43535ed,Y
Khalil Rountree Jr.,749f572d1d3161fb,Michal Oleksiejczuk,0d65c432720accb9,N
Myles Jury,08e908ed6d18d6a0,Ricky Glenn,814ff3018127e8fc,Y
Marvin Vettori,7acbb0972e75281a,Omari Akhmedov,16690d100f995f8f,N
Matheus Nicolau,1a31ef98efce7a79,Louis Smolka,d2bc285ead803db0,Y
Tim Elliott,c96d9178c9ed9e62,Mark De La Rosa,f57dd0bfa8c17813,Y
Rafael Dos Anjos,6a2f7c151031653d,Robbie Lawler,f2925e6db404bf1d,Y
Josh Emmett,fba03cd6cc28dc41,Ricardo Lamas,3974fa35c917af1d,Y
Santiago Ponzinibbio,6d1bffff14897645,Mike Perry,f2b6fdb20675b11c,Y
Glover Teixeira,7ff97850e8c32bda,Misha Cirkunov,67f272324a030d00,Y
Jan Blachowicz,99df7d0a2a08a8a8,Jared Cannonier,13a0275fa13c4d26,Y
Julian Marquez,d0e1b42d41dab603,Darren Stewart,a17ad5a5048e8c3f,Y
Chad Laprise,c03a5022f8439f2a,Galore Bofando,8a56ea383fd26e52,Y
Nordine Taleb,49858bf46dabf6fb,Danny Roberts,a6cba6bb66c1a8c9,Y
John Makdessi,c21a036b4e012f1c,Abel Trujillo,e14b5aa06eea9653,Y
Alessio Di Chirico,77d7295d1b22c694,Oluwale Bamgbose,04b39f4e8eb59d7c,Y
Jordan Mein,2aa49b3766a59bcd,Erick Silva,5866fc86183a9fb8,Y
Brian Ortega,def8166ff24bd237,Cub Swanson,d247691a6c0e9034,Y
Gabriel Benitez,436f970c9ea9169c,Jason Knight,bb1a2cdad6ff34db,Y
Marlon Moraes,fea79f9bc8c68769,Aljamain Sterling,cb696ebfb6598724,Y
Scott Holtzman,df1eb4354d18a906,Darrell Horcher,18e8b7070228e728,Y
Eryk Anders,cad24459b28592ca,Markus Perez,2ac4628c08ec5125,Y
Benito Lopez,773f7feacf96153e,Albert Morales,544d7460b3e44393,Y
Alexis Davis,4c2d90e335e6df19,Liz Carmouche,51a0c09cbe9b8472,Y
Andre Soukhamthath,d0e50a3d1b250708,Luke Sanders,96428b9e9bd048ea,Y
Alex Perez,ab2b4ff41d6ebe0f,Carls John De Tomas,2a4200ead401a9ce,Y
Frankie Saenz,9ba2226646046b63,Merab Dvalishvili,c03520b5c88ed6b4,Y
Alejandro Perez,80daefbed11ce998,Iuri Alcantara,2f95a3c6d58b2aad,Y
Davi Ramos,0052de90691d4a93,Chris Gruetzemacher,feaf00f3373435d6,Y
Trevin Giles,b27a1fcb56a3035a,Antonio Braga Neto,fae67903c4fe636b,Y
Max Holloway,150ff4cc642270b9,Jose Aldo,d0f3959b4a9747e6,Y
Francis Ngannou,8d03ce87ca14e778,Alistair Overeem,b4ad3a06ee4d660c,Y
Henry Cejudo,056c493bbd76a918,Sergio Pettis,de75d1c45a39e221,Y
Eddie Alvarez,33a331684283900f,Justin Gaethje,9e8f6c728eb01124,Y
Tecia Pennington,31ef8b67e13495b3,Michelle Waterson-Gomez,eb04b9d31e938edb,Y
Paul Felder,e5010b1b94ca5755,Charles Oliveira,07225ba28ae309b6,Y
Yancy Medeiros,813550bc53b15fb0,Alex Oliveira,57b10fca4f9c9a7a,Y
David Teymur,2747c60e42d9d75f,Drakkar Klose,7cbf7c78d3b34218,Y
Felice Herrig,b6850671a008bf9a,Cortney Casey,5f179af5fffeb9f6,Y
Amanda Cooper,d4a31850a7457f1b,Angela Magana,bd878a638e0e3be3,Y
Abdul Razak Alhassan,eae431e70064e046,Sabah Homasi,71f048adbfed5b49,Y
Dominick Reyes,2e19380f34871c6a,Jeremy Kimball,917a5cb9821df261,Y
Justin Willis,ce1e867808ef5fce,Allen Crowder,a9d6e047ce48ab63,Y
Nicco Montano,1de9ad94de18eeaf,Roxanne Modafferi,4498b382c65a7faa,Y
Sean O'Malley,b50a426a33da0012,Terrion Ware,ba5e253af86db1a8,Y
Lauren Murphy,729d4bd5a6cd0a97,Barb Honchak,472f6f6e6d962f40,Y
Gerald Meerschaert,6ac9bc2953c47345,Eric Spicely,b9664eae2ac75262,Y
DeAnna Bennett,404ecb2700844072,Melinda Fabian,8c020156779f7888,N
Brett Johns,ec52462a1b41f714,Joe Soto,a4e85a58fbce64b2,Y
Montana De La Rosa,80d8aed0ca9b00f3,Christina Marks,c7be22a47a58365a,Y
Ryan Janes,b59037262c8fe060,Andrew Sanchez,fccf811c1e8b01c7,Y
Rachael Ostovich,01784fbc27c68b14,Karine Gevorgyan,2db0c114414d4f06,Y
Shana Dobson,122ac9b816d8b71c,Ariel Beck,b96939f2b8d88e82,Y
Gillian Robertson,38c7f72747f4f712,Emily Whitmire,b3d21b2610dcfaeb,Y
Kelvin Gastelum,8c0580d4fff106c1,Michael Bisping,2b93ebd9f5417ad2,Y
Li Jingliang,e64b96c07d7ce999,Zak Ottow,47cd337b86b1af92,Y
Wang Guan,dd12382f28296f7b,Alex Caceres,7aa3d6964eff4877,Y
Alex Garcia,a2b12c3f3d60ff69,Muslim Salikhov,447f9858ae78f921,Y
Zabit Magomedsharipov,87aa9fb63d6b51a1,Sheymon Moraes,0d62719b1dcf7c40,Y
Song Kenan,32490e80ddab1e5a,Bobby Nash,7dfb56f24fe5ddea,Y
Yan Xiaonan,c41d426cc7326d1b,Kailin Curran,05b43e0ead3df345,Y
Song Yadong,efb96bf3e9ada36f,Bharat Kandare,efd2b3e9bb7965a4,Y
Shamil Abdurakhimov,2f5cbecbbe18bac4,Chase Sherman,01b352b6a9074d5c,Y
Gina Mazany,016a8d958883167c,Wu Yanan,fdbefee0827e1567,Y
Rolando Dy,55ed59d541f8b90c,Wulijiburen,2296125b6c362355,Y
Cyril Asker,9be6020024133293,Hu Yaozong,f1175ea3aafbf351,Y
Fabricio Werdum,492b202d2064e7a9,Marcin Tybura,c9cf753cfdf77fc2,Y
Jessica-Rose Clark,6c8072b61c276e67,Bec Rawlings,907e60fd13407e1e,Y
Belal Muhammad,b1b0729d27936f2f,Tim Means,4b47e71384a9522f,Y
Jake Matthews,a845f0735bc67405,Bojan Velickovic,fcce75a25c14a804,Y
Elias Theodorou,34f88592c0ab7a54,Daniel Kelly,bdcbb976816fd256,Y
Alexander Volkanovski,e1248941344b3288,Shane Young,4cd8b03aee1d0138,Y
Ryan Benoit,20999e27ddd94bda,Ashkan Mokhtarian,e9bc5748e6a76bb6,Y
Nik Lentz,6fb1ba67bef41b37,Will Brooks,b6e6c3b1dcaae0a1,Y
Tai Tuivasa,c62fbc117d57b943,Rashad Coulter,d1528ac5675558b1,Y
Frank Camacho,764342d39cdaa54a,Damien Brown,d024ed963e8bf7ea,Y
Nadia Kassem,6e7506127408aa9e,Alex Chambers,26b63bc5c0c1f65d,Y
Eric Shelton,a0c64f272b65d441,Jenel Lausa,ec664422b22d9787,Y
Adam Wieczorek,efa1f6b42c86793c,Anthony Hamilton,c727c7d31c50c4cf,Y
Dustin Poirier,029eaff01e6bb8f0,Anthony Pettis,cbb682f5fcc44bfc,Y
Matt Brown,31123249b0bbf52e,Diego Sanchez,82e7929bf6c2b689,Y
Andrei Arlovski,3738e68d2261e60f,Junior Albini,c482c8605455a213,Y
Cezar Ferreira,dbc17725b887860a,Nate Marquardt,a8e6a69796280f17,Y
Raphael Assuncao,2f13e4020cea5b38,Matthew Lopez,2fc7e9701642ca38,Y
Clay Guida,c47df9303d318c67,Joe Lauzon,3bad7ef643840f67,Y
Marlon Moraes,fea79f9bc8c68769,John Dodson,99506df1af6c8b3b,Y
Tatiana Suarez,b08012bbe542592a,Viviane Pereira,d50382dc0565a9e1,Y
Sage Northcutt,ed9d8ee3a4239b1c,Michel Quinones,5e84a859c6a82288,Y
Nina Nunes,d343df8ba11f4c4e,Angela Hill,f0feeb2192937424,Y
Sean Strickland,0d8011111be000b2,Court McGee,523fa774700d7d3f,Y
Jake Collier,92fa1401b7927da3,Marcel Fortuna,d761b3766e38c5db,Y
Karl Roberson,37d5b176d438d2a5,Darren Stewart,a17ad5a5048e8c3f,Y
Georges St-Pierre,6506c1d34da9c013,Michael Bisping,2b93ebd9f5417ad2,Y
TJ Dillashaw,c849740a3ff51931,Cody Garbrandt,d8c7c61b176e3994,Y
Rose Namajunas,47b63240018d5d86,Joanna Jedrzejczyk,3d6749c4267da18f,Y
Stephen Thompson,4a28cb716c19157a,Jorge Masvidal,47b9e0e7703a4868,Y
Paulo Costa,2e5c2aa8e4ab9d82,Johny Hendricks,0941df56f6ac954b,Y
James Vick,6256b2b1562cb8e1,Joe Duffy,654ae722109a0d31,Y
Mark Godbeer,ad56b3f00ca38dfd,Walt Harris,03f982ca3735070c,Y
Ovince Saint Preux,50db8711c70196cd,Corey Anderson,5e4eec08896c9423,Y
Randy Brown,c6aee362c7a7d482,Mickey Gall,9e50097a89442158,Y
Curtis Blaydes,fa6796c55d6c5440,Aleksei Oleinik,98c23cb6da5b3352,Y
Ricardo Ramos,1ae8f3c723aacff4,Aiemann Zahabi,24656ef4d605c96f,Y
Derek Brunson,b1a3e0aca758b322,Lyoto Machida,f7a7f7118d4b01b6,Y
Colby Covington,dc9572dd6ec74859,Demian Maia,427b5953ac8e3a27,Y
Pedro Munhoz,6bd02119599741a4,Rob Font,05339613bf8e9808,Y
Francisco Trinaldo,a8283a4f415e1eb9,Jim Miller,d1941565abf50b16,Y
Thiago Santos,dea070ed4a2a8281,Jack Hermansson,0a1942069c9ad6b6,Y
John Lineker,c268b2cfebccf652,Marlon Vera,7c7332319c14094c,Y
Vicente Luque,6d4b63c767106d3a,Niko Price,d8da10db80131bec,Y
Antonio Carlos Junior,52e76bb4b3e852f3,Jack Marshman,045f25b3a4c08e81,Y
Jared Gordon,7026eca45f65377b,Hacran Dias,ed209f6618c82e41,Y
Elizeu Zaleski dos Santos,8adcbd525fab8d9b,Max Griffin,b0d6a1d8ac3d563d,Y
Deiveson Figueiredo,aa72b0f831d0bfe5,Jarred Brooks,81d9df19e255b8b6,Y
Marcelo Golm,ac29d508d78384c9,Christian Colombo,9123c54d0a2b72dd,Y
Darren Till,9ce6d5a03af801b7,Donald Cerrone,1d00756835ca67c9,Y
Karolina Kowalkiewicz,d7c3816669784109,Jodie Esquibel,411539901068522f,Y
Jan Blachowicz,99df7d0a2a08a8a8,Devin Clark,cc7040fe76f0ef91,Y
Oskar Piechota,1cf7ccf64a5bf24e,Jonathan Wilson,cd01f0b768a32475,Y
Marcin Held,bf43fed8f29e1671,Nasrat Haqparast,b7b84ccd221be298,Y
Brian Kelleher,7be14eaed4c74856,Damian Stasiak,42a7e90605df3c8a,Y
Ramazan Emeev,abd5fb12437eda21,Sam Alvey,d156513a19acf856,Y
Andre Fili,8fd808923cffff82,Artem Lobov,02f2a9702ba3d167,Y
Warlley Alves,d317a5e2b3f88c5f,Salim Touahri,cbf1c7ba5408a66f,Y
Aspen Ladd,d4691518d012b9e7,Lina Lansberg,2eeaefbfc7f9fcff,Y
Josh Emmett,fba03cd6cc28dc41,Felipe Arantes,71002dbc1743b9a7,Y
Tony Ferguson,22a92d7f62195791,Kevin Lee,ee9ebceabfd16fa7,Y
Demetrious Johnson,8a304bfd6bf04a57,Ray Borg,a4de54ea806fb525,Y
Fabricio Werdum,492b202d2064e7a9,Walt Harris,03f982ca3735070c,Y
Mara Romero Borella,82cbb809d5ee565c,Kalindra Faria,27b164b0d1833df0,Y
Beneil Dariush,08af939f41b5a57b,Evan Dunham,e5c9de15bb58b1c6,N
Cody Stamann,bf7ad5628363eec9,Tom Duquesnoy,e979c76341f19b22,Y
Lando Vannata,f9b200db02b488d9,King Green,887961364be5ceb3,N
Poliana Botelho,5c126c6aac3ef364,Pearl Gonzalez,1ebdcb7488d0ebee,Y
Matt Schnell,67c1d46f4ed16f9e,Marco Beltran,ec71a892fada28c7,Y
John Moraga,92437c6775b3f7d1,Magomed Bibulatov,87f19d19f4cb73f8,Y
Brad Tavares,0c6d9ea8306c029e,Thales Leites,cfb65863d5099327,Y
Ovince Saint Preux,50db8711c70196cd,Yushin Okami,acff437707625fc7,Y
Jessica Andrade,6a1901c62ab3870f,Claudia Gadelha,ec34349e7dffcde7,Y
Dong Hyun Ma,98a6b2361045898f,Takanori Gomi,3be081c29bf734d9,Y
Gokhan Saki,4690d47bf725fd98,Henrique da Silva,b0bd0c5425668b8f,Y
Teruto Ishihara,88cd34d836b4ebcd,Rolando Dy,55ed59d541f8b90c,Y
Jussier Formiga,b102c26727306ab6,Yuta Sasaki,7c3c48cf54a2848e,Y
Keita Nakamura,65ddc8a9ac4e8531,Alex Morono,cdb96af67d096b1e,Y
Syuri Kondo,a851c35f58199231,Chan-Mi Jeon,24174a3f44ce8e03,Y
Shinsho Anzai,4665f9f909cd7214,Luke Jumeau,4c288a2b250bb576,Y
Daichi Abe,5140122c3eecd307,Hyun Gyu Lim,203c957eac95dd87,Y
Luke Rockhold,00e11b5c8b7bfeeb,David Branch,d2c55d1d2e67773b,Y
Mike Perry,f2b6fdb20675b11c,Alex Reyes,dc07493a87dc0a6e,Y
Anthony Smith,d4c9dcd330403612,Hector Lombard,db1f2ed63b54b9a7,Y
Gregor Gillespie,84ff027394f7e470,Jason Gonzalez,e45cfa47f504033a,Y
Kamaru Usman,f1b2aa7853d1ed6e,Sergio Moraes,1bcaac2d99b90fce,Y
Justin Ledet,ba1e6cb3d43f7430,Azunna Anyanwu,78d48d3874dacafd,Y
Olivier Aubin-Mercier,55ee431411ccf07a,Anthony Rocco Martin,5331b25a60417ffb,Y
Daniel Spitz,f86cb5f25d545e0e,Anthony Hamilton,c727c7d31c50c4cf,Y
Uriah Hall,65578a75fa7900e3,Krzysztof Jotko,4e06913c91da5200,Y
Gilbert Burns,23024fdfc966410a,Jason Saggo,4ac1ecf8ce59ef23,Y
Amanda Nunes,80fa8218c99f9c58,Valentina Shevchenko,132deb59abae64b1,Y
Rafael Dos Anjos,6a2f7c151031653d,Neil Magny,84b3e7d38f2d2ec5,Y
Henry Cejudo,056c493bbd76a918,Wilson Reis,5aedf14771ca82d2,Y
Ilir Latifi,e9a3aeb207578eea,Tyson Pedro,49e96ff8ab781589,Y
Jeremy Stephens,18968f97ad34f15c,Gilbert Melendez,aa5b4eff51bdc7d1,Y
Ketlen Vieira,b9706f80d005036c,Sara McMann,7be74a12d7352df2,Y
Sarah Moras,539ed332b3078821,Ashlee Evans-Smith,fc6e681bf6658faf,Y
Ricky Glenn,814ff3018127e8fc,Gavin Tucker,da816417a579a0bd,Y
Alex White,c17041f1bb5768d8,Mitch Clarke,c76ec2bc3a57666a,Y
Arjan Bhullar,7e511f8d842a109d,Luis Henrique,e5bda12faabfc850,Y
Kajan Johnson,633a45d131192ffe,Adriano Martins,7dcf06c1967801c1,Y
Alexander Volkov,279566840aa55bf2,Stefan Struve,ebc1f40e00e0c481,Y
Siyar Bahadurzada,aec185309b4843d0,Rob Wilkinson,826475cc758e60e6,Y
Marion Reneau,c7d297714d9ab1a4,Talita Bernardo,5b2325cd70dbe2ea,Y
Leon Edwards,f1fac969a1d70b08,Bryan Barberena,a331233f597090a5,Y
Darren Till,9ce6d5a03af801b7,Bojan Velickovic,fcce75a25c14a804,Y
Mairbek Taisumov,8f5c8850b2484173,Felipe Silva,1b38a2b897f6209c,Y
Michel Prazeres,e51fcd9cd84c0b93,Mads Burnell,69f01b25dfabaf6b,Y
Rustam Khabilov,9b7694d064a8a0ad,Desmond Green,f046d724d2a84ac5,Y
Aleksandar Rakic,333b9e5c723ac873,Francimar Barroso,b69f24c500d783e7,Y
Zabit Magomedsharipov,87aa9fb63d6b51a1,Mike Santiago,bc656db347f31e19,Y
Abdul-Kerim Edilov,37e03538c960bac6,Bojan Mihajlovic,d6285cba1d1052e0,Y
Thibault Gouti,51e86de150ee8be6,Andrew Holbrook,66ab58d0b3783607,Y
Sergio Pettis,de75d1c45a39e221,Brandon Moreno,792be9a24df82ed6,Y
Alexa Grasso,e8b731feff72294b,Randa Markos,4a57ebb14315b251,Y
Niko Price,d8da10db80131bec,Alan Jouban,cf65d56b0755ed3b,Y
Humberto Bandenay,2c2caf2f2bab9df5,Martin Bravo,9c44f290f5726d95,Y
Sam Alvey,d156513a19acf856,Rashad Evans,ee779c43a8926d52,Y
Alejandro Perez,80daefbed11ce998,Andre Soukhamthath,d0e50a3d1b250708,Y
Jack Hermansson,0a1942069c9ad6b6,Brad Scott,34e552520a934063,Y
Dustin Ortiz,f53c1f4ceeed8c08,Hector Sandoval,449c890bd90f3374,Y
Rani Yahya,94527830000ab715,Henry Briones,01fcef7e3d051722,Y
Jose Quinonez,36549928f90f1d36,Diego Rivas,09f579be4520394a,Y
Joseph Morales,2fe9032955c2e013,Robert Sanchez,546f8599a63c29da,Y
Jordan Rinaldi,c07efc18b231f170,Alvaro Herrera Mendoza,74d35fbc9c6a61bd,Y
Daniel Cormier,d967f0128c323de6,Jon Jones,07f72a2a7591b409,N
Tyron Woodley,effd9de9937996f8,Demian Maia,427b5953ac8e3a27,Y
Cristiane Justino,634bb0de2eb043b4,Tonya Evinger,b12a1d19ee383b7c,Y
Robbie Lawler,f2925e6db404bf1d,Donald Cerrone,1d00756835ca67c9,Y
Volkan Oezdemir,0845c81e37d3bcb3,Jimi Manuwa,1e1dbd1cc5a7469e,Y
Ricardo Lamas,3974fa35c917af1d,Jason Knight,bb1a2cdad6ff34db,Y
Aljamain Sterling,cb696ebfb6598724,Renan Barao,2c99576fefe53c7c,Y
Brian Ortega,def8166ff24bd237,Renato Moicano,b6452706b373eea1,Y
Calvin Kattar,751de04455cfaac0,Andre Fili,8fd808923cffff82,Y
Aleksandra Albu,e76d9f656ceb82ab,Kailin Curran,05b43e0ead3df345,Y
Jarred Brooks,81d9df19e255b8b6,Eric Shelton,a0c64f272b65d441,Y
Drew Dober,519e4fe37ce9ff75,Joshua Burkman,6da99156486ed6c2,Y
Chris Weidman,3a8176e15b9887c1,Kelvin Gastelum,8c0580d4fff106c1,Y
Darren Elkins,92a9aa9c93192871,Dennis Bermudez,6f242453c91a5af0,Y
Patrick Cummins,e51e5cb722bd47a8,Gian Villante,fcd448a2fe1a23cc,Y
Jimmie Rivera,9c907996820d2d69,Thomas Almeida,2b074403b7c6cdb4,Y
Elizeu Zaleski dos Santos,8adcbd525fab8d9b,Lyman Good,4e0692ad070976e4,Y
Eryk Anders,cad24459b28592ca,Rafael Natal,0dba4df5f34d5ff0,Y
Alex Oliveira,57b10fca4f9c9a7a,Ryan LaFlare,4c7781da8c6cae93,Y
Chase Sherman,01b352b6a9074d5c,Damian Grabowski,3f11b5d4bd76a6d9,Y
Jeremy Kennedy,68f6e96c5fa6e044,Kyle Bochniak,c5af5750e8bae4f0,Y
Marlon Vera,7c7332319c14094c,Brian Kelleher,7be14eaed4c74856,Y
Junior Albini,c482c8605455a213,Timothy Johnson,cc900af167fbedfd,Y
Shane Burgos,98d961097baaf308,Godofredo Pepey,fa37628269132d1a,Y
Chris Wade,c8097968da5e5f13,Frankie Perez,96c336b463e0662c,Y
Santiago Ponzinibbio,6d1bffff14897645,Gunnar Nelson,fd55393021a8c255,Y
Cynthia Calvillo,98215d037be5bcb7,Joanne Wood,12f91bfa8f1f723b,Y
Paul Felder,e5010b1b94ca5755,Stevie Ray,31a13532e724ca2b,Y
Jack Marshman,045f25b3a4c08e81,Ryan Janes,b59037262c8fe060,Y
Khalil Rountree Jr.,749f572d1d3161fb,Paul Craig,eabf206b162b3b83,Y
Justin Willis,ce1e867808ef5fce,James Mulheron,8d5350fa18b79e9a,Y
Danny Roberts,a6cba6bb66c1a8c9,Bobby Nash,7dfb56f24fe5ddea,Y
Alexandre Pantoja,a0f0004aadf10b71,Neil Seery,49a74b9fb2e45fdf,Y
Galore Bofando,8a56ea383fd26e52,Charlie Ward,e81dd0bb8a64b550,Y
Danny Henry,f7d73e452b064bf2,Daniel Teymur,fbf0537e420e698e,Y
Brett Johns,ec52462a1b41f714,Albert Morales,544d7460b3e44393,Y
Leslie Smith,76984112f697631f,Amanda Lemos,3df5493bb279226f,Y
Robert Whittaker,e1147d3d2dabe1ce,Yoel Romero,f77c68bb4be8516d,Y
Alistair Overeem,b4ad3a06ee4d660c,Fabricio Werdum,492b202d2064e7a9,Y
Curtis Blaydes,fa6796c55d6c5440,Daniel Omielanczuk,470fedbc8563ac47,Y
Anthony Pettis,cbb682f5fcc44bfc,Jim Miller,d1941565abf50b16,Y
Rob Font,05339613bf8e9808,Douglas Silva de Andrade,3a314d9fa7c6825d,Y
Aleksei Oleinik,98c23cb6da5b3352,Travis Browne,3236bf606fe9fa5b,Y
Chad Laprise,c03a5022f8439f2a,Brian Camozzi,1999ffb5cebc314f,Y
Thiago Santos,dea070ed4a2a8281,Gerald Meerschaert,6ac9bc2953c47345,Y
Belal Muhammad,b1b0729d27936f2f,Jordan Mein,2aa49b3766a59bcd,Y
Cody Stamann,bf7ad5628363eec9,Terrion Ware,ba5e253af86db1a8,Y
Trevin Giles,b27a1fcb56a3035a,James Bochnovic,984d15d5dc7bfcf9,Y
Justin Gaethje,9e8f6c728eb01124,Michael Johnson,511e82663651438d,Y
Jesse Taylor,dd992d569aaebee6,Dhiego Lima,e9213f53ddeca978,Y
Drakkar Klose,7cbf7c78d3b34218,Marc Diakiese,32c355b04fc57f3a,Y
Jared Cannonier,13a0275fa13c4d26,Nick Roehrick,7195e2a932686f82,Y
Brad Tavares,0c6d9ea8306c029e,Elias Theodorou,34f88592c0ab7a54,Y
Jordan Johnson,99bcdf5eac39898f,Marcel Fortuna,d761b3766e38c5db,Y
Angela Hill,f0feeb2192937424,Ashley Yoder,b4c6c904a9ffc5e8,Y
James Krause,8f6a18831a120817,Tom Gallicchio,cc81c92fe2254935,Y
CB Dollaway,5d7bdab5e03e3216,Ed Herman,06f36cf4bd97ec77,Y
Tecia Pennington,31ef8b67e13495b3,Juliana Lima,75a6a390fd5dca46,Y
Gray Maynard,7d96bc577e5178b2,Teruto Ishihara,88cd34d836b4ebcd,Y
Kevin Lee,ee9ebceabfd16fa7,Michael Chiesa,c58f51dedb310998,Y
Tim Boetsch,c80095f6092271a7,Johny Hendricks,0941df56f6ac954b,Y
Felice Herrig,b6850671a008bf9a,Justine Kish,928ae2e5b5f7a9ec,Y
Dominick Reyes,2e19380f34871c6a,Joachim Christensen,2d447cc91bdaa545,Y
Tim Means,4b47e71384a9522f,Alex Garcia,a2b12c3f3d60ff69,Y
Dennis Siver,5f87a5c00b3d17ed,BJ Penn,73c7cfa551289285,Y
Clay Guida,c47df9303d318c67,Erik Koch,99bd87a300079ed9,Y
Marvin Vettori,7acbb0972e75281a,Vitor Miranda,4bcb6eb12b4ad4aa,Y
Carla Esparza,d910665038efc639,Maryna Moroz,b4192a975027aab6,Y
Darrell Horcher,18e8b7070228e728,Devin Powell,065eb44700e641a4,Y
Jared Gordon,7026eca45f65377b,Michel Quinones,5e84a859c6a82288,Y
Anthony Rocco Martin,5331b25a60417ffb,Johnny Case,1f4b04a926ef1287,Y
Jeremy Kimball,917a5cb9821df261,Josh Stansbury,30ea504870f8597b,Y
Holly Holm,634e2fb70bde3fd5,Bethe Correia,673ea7dcc786b1b3,Y
Marcin Tybura,c9cf753cfdf77fc2,Andrei Arlovski,3738e68d2261e60f,Y
Colby Covington,dc9572dd6ec74859,Dong Hyun Kim,9bcf8603ceb25680,Y
Rafael Dos Anjos,6a2f7c151031653d,Tarec Saffiedine,0749d968e932df53,Y
Jon Tuck,53ec9cb470e1a4ea,Takanori Gomi,3be081c29bf734d9,Y
Walt Harris,03f982ca3735070c,Cyril Asker,9be6020024133293,Y
Alex Caceres,7aa3d6964eff4877,Rolando Dy,55ed59d541f8b90c,Y
Yuta Sasaki,7c3c48cf54a2848e,Justin Scoggins,9fa568ad2bf2cb0b,Y
Li Jingliang,e64b96c07d7ce999,Frank Camacho,764342d39cdaa54a,Y
Russell Doane,f50d95223751e6ca,Kwan Ho Kwak,c13042265355a290,Y
Naoki Inoue,199eb7cf6ae90294,Carls John De Tomas,2a4200ead401a9ce,Y
Lucie Pudilova,3cf66c62d9069f43,Ji Yeon Kim,a20f234df70f2182,Y
Mark Hunt,eef9b891edbd4604,Derrick Lewis,d3df1add9d9a7efb,Y
Derek Brunson,b1a3e0aca758b322,Daniel Kelly,bdcbb976816fd256,Y
Dan Hooker,193b9d1858bc4df3,Ross Pearson,4f732e58ed907eff,Y
Ion Cutelaba,cd13728ae1151f46,Henrique da Silva,b0bd0c5425668b8f,Y
Ben Nguyen,840d2c82ea68b9aa,Tim Elliott,c96d9178c9ed9e62,Y
Alexander Volkanovski,e1248941344b3288,Mizuto Hirota,35faad160d346839,Y
Vinc Pichel,c77a953488e5607d,Damien Brown,d024ed963e8bf7ea,Y
Luke Jumeau,4c288a2b250bb576,Dominique Steele,68c11c27d4d56572,Y
John Moraga,92437c6775b3f7d1,Ashkan Mokhtarian,e9bc5748e6a76bb6,Y
Zak Ottow,47cd337b86b1af92,Kiichi Kunimoto,71df36d6d8cf0d74,Y
JJ Aldrich,6fd953151d981979,Chan-Mi Jeon,24174a3f44ce8e03,Y
Max Holloway,150ff4cc642270b9,Jose Aldo,d0f3959b4a9747e6,Y
Claudia Gadelha,ec34349e7dffcde7,Karolina Kowalkiewicz,d7c3816669784109,Y
Vitor Belfort,0ee783aa00e468f0,Nate Marquardt,a8e6a69796280f17,Y
Paulo Costa,2e5c2aa8e4ab9d82,Oluwale Bamgbose,04b39f4e8eb59d7c,Y
Yancy Medeiros,813550bc53b15fb0,Erick Silva,5866fc86183a9fb8,Y
Raphael Assuncao,2f13e4020cea5b38,Marlon Moraes,fea79f9bc8c68769,Y
Antonio Carlos Junior,52e76bb4b3e852f3,Eric Spicely,b9664eae2ac75262,Y
Matthew Lopez,2fc7e9701642ca38,Johnny Eduardo,528c24b99fbaab79,Y
Brian Kelleher,7be14eaed4c74856,Iuri Alcantara,2f95a3c6d58b2aad,Y
Viviane Pereira,d50382dc0565a9e1,Jamie Moyle,882d62561063a927,Y
Luan Chagas,9ccf8371fd80d45d,Jim Wallhead,0c670b443c3d269f,Y
Deiveson Figueiredo,aa72b0f831d0bfe5,Marco Beltran,ec71a892fada28c7,Y
Alexander Gustafsson,3c6976f8182d9527,Glover Teixeira,7ff97850e8c32bda,Y
Volkan Oezdemir,0845c81e37d3bcb3,Misha Cirkunov,67f272324a030d00,Y
Peter Sobotta,1fcfc3709fe58151,Ben Saunders,484acc7b0f856ce9,Y
Omari Akhmedov,16690d100f995f8f,Abdul Razak Alhassan,eae431e70064e046,Y
Nordine Taleb,49858bf46dabf6fb,Oliver Enkamp,330bafba312face4,Y
Jack Hermansson,0a1942069c9ad6b6,Alex Nicholson,2b6d855c6e280fb1,Y
Pedro Munhoz,6bd02119599741a4,Damian Stasiak,42a7e90605df3c8a,Y
Trevor Smith,f797f0c57a83353e,Chris Camozzi,6c2030e0a143a94b,Y
Joaquim Silva,ae7fe94f117f98cf,Reza Madadi,e25bcbcdaf6537a1,Y
Bojan Velickovic,fcce75a25c14a804,Nicholas Musoke,8b5f9ea38184ded3,Y
Darren Till,9ce6d5a03af801b7,Jessin Ayari,6eaec40f724852f4,Y
Damir Hadzovic,38c626ca912c7bac,Marcin Held,bf43fed8f29e1671,Y
Stipe Miocic,d28dee5c705991df,Junior Dos Santos,63def5a5662a6917,Y
Joanna Jedrzejczyk,3d6749c4267da18f,Jessica Andrade,6a1901c62ab3870f,Y
Demian Maia,427b5953ac8e3a27,Jorge Masvidal,47b9e0e7703a4868,Y
Frankie Edgar,f2688492b9a525a3,Yair Rodriguez,cbf5e6f231b55443,Y
David Branch,d2c55d1d2e67773b,Krzysztof Jotko,4e06913c91da5200,Y
Eddie Alvarez,33a331684283900f,Dustin Poirier,029eaff01e6bb8f0,N
Jason Knight,bb1a2cdad6ff34db,Chas Skelly,4bd6b4800070b069,Y
Chase Sherman,01b352b6a9074d5c,Rashad Coulter,d1528ac5675558b1,Y
James Vick,6256b2b1562cb8e1,Marco Polo Reyes,edd02825c29028fe,Y
Cortney Casey,5f179af5fffeb9f6,Jessica Aguilar,8f382b3baa954d2a,Y
Enrique Barzola,be0b310a12eb80b4,Gabriel Benitez,436f970c9ea9169c,Y
Gadzhimurad Antigulov,af997f7611673880,Joachim Christensen,2d447cc91bdaa545,Y
Cub Swanson,d247691a6c0e9034,Artem Lobov,02f2a9702ba3d167,Y
Al Iaquinta,59279a7c978f7da0,Diego Sanchez,82e7929bf6c2b689,Y
Ovince Saint Preux,50db8711c70196cd,Marcos Rogerio de Lima,ab943cd2c3c17825,Y
John Dodson,99506df1af6c8b3b,Eddie Wineland,fc9a9559a05f2704,Y
Stevie Ray,31a13532e724ca2b,Joe Lauzon,3bad7ef643840f67,Y
Mike Perry,f2b6fdb20675b11c,Jake Ellenberger,d81ac739417d7f53,Y
Thales Leites,cfb65863d5099327,Sam Alvey,d156513a19acf856,Y
Brandon Moreno,792be9a24df82ed6,Dustin Ortiz,f53c1f4ceeed8c08,Y
Scott Holtzman,df1eb4354d18a906,Michael McBride,443f60bec7c3c3d5,Y
Danielle Taylor,b76c6268dc1d3c05,Jessica Penne,c742287ed86a09bc,Y
Alexis Davis,4c2d90e335e6df19,Cindy Dandois,9eef6584fab21fbb,Y
Bryan Barberena,a331233f597090a5,Joe Proctor,a36556bb1565e32d,Y
Hector Sandoval,449c890bd90f3374,Matt Schnell,67c1d46f4ed16f9e,Y
Demetrious Johnson,8a304bfd6bf04a57,Wilson Reis,5aedf14771ca82d2,Y
Rose Namajunas,47b63240018d5d86,Michelle Waterson-Gomez,eb04b9d31e938edb,Y
Robert Whittaker,e1147d3d2dabe1ce,Jacare Souza,7a703c565ccaa18f,Y
Renato Moicano,b6452706b373eea1,Jeremy Stephens,18968f97ad34f15c,Y
Alexander Volkov,279566840aa55bf2,Roy Nelson,3f7c14c7eca7195d,Y
Tom Duquesnoy,e979c76341f19b22,Patrick Williams,39330403ad27c2bb,Y
Rashid Magomedov,7ea1f74cef32f906,King Green,887961364be5ceb3,Y
Tim Elliott,c96d9178c9ed9e62,Louis Smolka,d2bc285ead803db0,Y
Aljamain Sterling,cb696ebfb6598724,Augusto Mendes,3d5b1ce6097dbb49,Y
Devin Clark,cc7040fe76f0ef91,Jake Collier,92fa1401b7927da3,Y
Anthony Smith,d4c9dcd330403612,Andrew Sanchez,fccf811c1e8b01c7,Y
Zak Cummings,4ba8d454f762005d,Nathan Coy,15ec018d144710db,Y
Ketlen Vieira,b9706f80d005036c,Ashlee Evans-Smith,fc6e681bf6658faf,Y
Daniel Cormier,d967f0128c323de6,Anthony Johnson,365fee2da473b177,Y
Gegard Mousasi,232c582f29f8f65e,Chris Weidman,3a8176e15b9887c1,Y
Cynthia Calvillo,98215d037be5bcb7,Pearl Gonzalez,1ebdcb7488d0ebee,Y
Thiago Alves,31ee470ef5dc8d7f,Patrick Cote,9fa3bd637edd9aa2,Y
Charles Oliveira,07225ba28ae309b6,Will Brooks,b6e6c3b1dcaae0a1,Y
Myles Jury,08e908ed6d18d6a0,Mike de la Torre,1971869b7e054261,Y
Kamaru Usman,f1b2aa7853d1ed6e,Sean Strickland,0d8011111be000b2,Y
Shane Burgos,98d961097baaf308,Charles Rosa,40093d1d2d78394e,Y
Patrick Cummins,e51e5cb722bd47a8,Jan Blachowicz,99df7d0a2a08a8a8,Y
Gregor Gillespie,84ff027394f7e470,Andrew Holbrook,66ab58d0b3783607,Y
Desmond Green,f046d724d2a84ac5,Josh Emmett,fba03cd6cc28dc41,Y
Katlyn Cerminara,e872e9a9a902c045,Irene Aldana,578ef12674df1e6a,Y
Magomed Bibulatov,87f19d19f4cb73f8,Jenel Lausa,ec664422b22d9787,Y
Jimi Manuwa,1e1dbd1cc5a7469e,Corey Anderson,5e4eec08896c9423,Y
Gunnar Nelson,fd55393021a8c255,Alan Jouban,cf65d56b0755ed3b,Y
Marlon Vera,7c7332319c14094c,Brad Pickett,c945adc22c2bfe8f,Y
Arnold Allen,040a74bb0a465c54,Makwan Amirkhani,87a1dc546b1c5caf,Y
Joe Duffy,654ae722109a0d31,Reza Madadi,e25bcbcdaf6537a1,Y
Francimar Barroso,b69f24c500d783e7,Darren Stewart,a17ad5a5048e8c3f,Y
Timothy Johnson,cc900af167fbedfd,Daniel Omielanczuk,470fedbc8563ac47,Y
Leon Edwards,f1fac969a1d70b08,Vicente Luque,6d4b63c767106d3a,Y
Marc Diakiese,32c355b04fc57f3a,Teemu Packalen,8f4eeaf7a0df7c1a,Y
Brad Scott,34e552520a934063,Scott Askham,06827d70c53ff0d9,Y
Lina Lansberg,2eeaefbfc7f9fcff,Lucie Pudilova,3cf66c62d9069f43,Y
Vitor Belfort,0ee783aa00e468f0,Kelvin Gastelum,8c0580d4fff106c1,N
Mauricio Rua,140745cbbcb023ac,Gian Villante,fcd448a2fe1a23cc,Y
Edson Barboza,64a50dad704d1d49,Beneil Dariush,08af939f41b5a57b,Y
Ray Borg,a4de54ea806fb525,Jussier Formiga,b102c26727306ab6,Y
Bethe Correia,673ea7dcc786b1b3,Marion Reneau,c7d297714d9ab1a4,N
Alex Oliveira,57b10fca4f9c9a7a,Tim Means,4b47e71384a9522f,Y
Kevin Lee,ee9ebceabfd16fa7,Francisco Trinaldo,a8283a4f415e1eb9,Y
Sergio Moraes,1bcaac2d99b90fce,Davi Ramos,0052de90691d4a93,Y
Joe Soto,a4e85a58fbce64b2,Rani Yahya,94527830000ab715,Y
Michel Prazeres,e51fcd9cd84c0b93,Joshua Burkman,6da99156486ed6c2,Y
Jeremy Kennedy,68f6e96c5fa6e044,Rony Jason,b71ce838b01f2cad,Y
Paulo Costa,2e5c2aa8e4ab9d82,Garreth McLellan,f215cfbd4ba3c270,Y
Tyron Woodley,effd9de9937996f8,Stephen Thompson,4a28cb716c19157a,Y
David Teymur,2747c60e42d9d75f,Lando Vannata,f9b200db02b488d9,Y
Daniel Kelly,bdcbb976816fd256,Rashad Evans,ee779c43a8926d52,Y
Cynthia Calvillo,98215d037be5bcb7,Amanda Cooper,d4a31850a7457f1b,Y
Alistair Overeem,b4ad3a06ee4d660c,Mark Hunt,eef9b891edbd4604,Y
Marcin Tybura,c9cf753cfdf77fc2,Luis Henrique,e5bda12faabfc850,Y
Darren Elkins,92a9aa9c93192871,Mirsad Bektic,cbd3e590a85b18c5,Y
Iuri Alcantara,2f95a3c6d58b2aad,Luke Sanders,96428b9e9bd048ea,Y
Mark Godbeer,ad56b3f00ca38dfd,Daniel Spitz,f86cb5f25d545e0e,Y
Tyson Pedro,49e96ff8ab781589,Paul Craig,eabf206b162b3b83,Y
Albert Morales,544d7460b3e44393,Andre Soukhamthath,d0e50a3d1b250708,Y
Derrick Lewis,d3df1add9d9a7efb,Travis Browne,3236bf606fe9fa5b,Y
Johny Hendricks,0941df56f6ac954b,Hector Lombard,db1f2ed63b54b9a7,Y
Gavin Tucker,da816417a579a0bd,Sam Sicilia,b8aef0faf4ce9b31,Y
Elias Theodorou,34f88592c0ab7a54,Cezar Ferreira,dbc17725b887860a,Y
Sara McMann,7be74a12d7352df2,Gina Mazany,016a8d958883167c,Y
Paul Felder,e5010b1b94ca5755,Alex Ricci,bf9bc96336922271,Y
Santiago Ponzinibbio,6d1bffff14897645,Nordine Taleb,49858bf46dabf6fb,Y
Randa Markos,4a57ebb14315b251,Carla Esparza,d910665038efc639,Y
Aiemann Zahabi,24656ef4d605c96f,Reginaldo Vieira,f9081770e28ea2e1,Y
Thiago Santos,dea070ed4a2a8281,Jack Marshman,045f25b3a4c08e81,Y
Gerald Meerschaert,6ac9bc2953c47345,Ryan Janes,b59037262c8fe060,Y
Germaine de Randamie,1d239d571e342453,Holly Holm,634e2fb70bde3fd5,Y
Anderson Silva,1f454354805b6f75,Derek Brunson,b1a3e0aca758b322,Y
Jacare Souza,7a703c565ccaa18f,Tim Boetsch,c80095f6092271a7,Y
Glover Teixeira,7ff97850e8c32bda,Jared Cannonier,13a0275fa13c4d26,Y
Dustin Poirier,029eaff01e6bb8f0,Jim Miller,d1941565abf50b16,Y
Belal Muhammad,b1b0729d27936f2f,Randy Brown,c6aee362c7a7d482,Y
Wilson Reis,5aedf14771ca82d2,Yuta Sasaki,7c3c48cf54a2848e,Y
Islam Makhachev,275aca31f61ba28c,Nik Lentz,6fb1ba67bef41b37,Y
Ricky Glenn,814ff3018127e8fc,Phillipe Nover,64360e618823a8e4,Y
Ryan LaFlare,4c7781da8c6cae93,Roan Carneiro,1c86754617d9813a,Y
Chan Sung Jung,c451d67c09c55418,Dennis Bermudez,6f242453c91a5af0,Y
Felice Herrig,b6850671a008bf9a,Alexa Grasso,e8b731feff72294b,Y
James Vick,6256b2b1562cb8e1,Abel Trujillo,e14b5aa06eea9653,Y
Volkan Oezdemir,0845c81e37d3bcb3,Ovince Saint Preux,50db8711c70196cd,Y
Marcel Fortuna,d761b3766e38c5db,Anthony Hamilton,c727c7d31c50c4cf,Y
Jessica Andrade,6a1901c62ab3870f,Angela Hill,f0feeb2192937424,Y
Adam Milstead,72ffecf712673af1,Curtis Blaydes,fa6796c55d6c5440,N
Chas Skelly,4bd6b4800070b069,Chris Gruetzemacher,feaf00f3373435d6,Y
Ricardo Ramos,1ae8f3c723aacff4,Michinori Tanaka,64788ee44b062ded,Y
Tecia Pennington,31ef8b67e13495b3,Bec Rawlings,907e60fd13407e1e,Y
Alex Morono,cdb96af67d096b1e,Niko Price,d8da10db80131bec,N
Khalil Rountree Jr.,749f572d1d3161fb,Daniel Jolly,eeabcd4dc6619129,Y
Valentina Shevchenko,132deb59abae64b1,Julianna Pena,3253b16d38ae087d,Y
Jorge Masvidal,47b9e0e7703a4868,Donald Cerrone,1d00756835ca67c9,Y
Francis Ngannou,8d03ce87ca14e778,Andrei Arlovski,3738e68d2261e60f,Y
Jason Knight,bb1a2cdad6ff34db,Alex Caceres,7aa3d6964eff4877,Y
Sam Alvey,d156513a19acf856,Nate Marquardt,a8e6a69796280f17,Y
Raphael Assuncao,2f13e4020cea5b38,Aljamain Sterling,cb696ebfb6598724,Y
Li Jingliang,e64b96c07d7ce999,Bobby Nash,7dfb56f24fe5ddea,Y
Jordan Johnson,99bcdf5eac39898f,Henrique da Silva,b0bd0c5425668b8f,Y
Eric Spicely,b9664eae2ac75262,Alessio Di Chirico,77d7295d1b22c694,Y
Marcos Rogerio de Lima,ab943cd2c3c17825,Jeremy Kimball,917a5cb9821df261,Y
Alexandre Pantoja,a0f0004aadf10b71,Eric Shelton,a0c64f272b65d441,Y
Jason Gonzalez,e45cfa47f504033a,JC Cottrell,3ec1e4ba98c9c85a,Y
Yair Rodriguez,cbf5e6f231b55443,BJ Penn,73c7cfa551289285,Y
Joe Lauzon,3bad7ef643840f67,Marcin Held,bf43fed8f29e1671,Y
Ben Saunders,484acc7b0f856ce9,Court McGee,523fa774700d7d3f,Y
Sergio Pettis,de75d1c45a39e221,John Moraga,92437c6775b3f7d1,Y
Drakkar Klose,7cbf7c78d3b34218,Devin Powell,065eb44700e641a4,Y
Augusto Mendes,3d5b1ce6097dbb49,Frankie Saenz,9ba2226646046b63,Y
Aleksei Oleinik,98c23cb6da5b3352,Viktor Pesta,202b0467521c9d6f,Y
Anthony Rocco Martin,5331b25a60417ffb,Alex White,c17041f1bb5768d8,Y
Nina Nunes,d343df8ba11f4c4e,Jocelyn Jones-Lybarger,1a98c9dbb7fc3959,Y
Walt Harris,03f982ca3735070c,Chase Sherman,01b352b6a9074d5c,Y
Joachim Christensen,2d447cc91bdaa545,Bojan Mihajlovic,d6285cba1d1052e0,Y
Cyril Asker,9be6020024133293,Dmitrii Smoliakov,75afb06215a07341,Y
Amanda Nunes,80fa8218c99f9c58,Ronda Rousey,8bdac25ce0bb874d,Y
Cody Garbrandt,d8c7c61b176e3994,Dominick Cruz,10f3ba6cd2f44a97,Y
TJ Dillashaw,c849740a3ff51931,John Lineker,c268b2cfebccf652,Y
Dong Hyun Kim,9bcf8603ceb25680,Tarec Saffiedine,0749d968e932df53,Y
Ray Borg,a4de54ea806fb525,Louis Smolka,d2bc285ead803db0,Y
Neil Magny,84b3e7d38f2d2ec5,Johny Hendricks,0941df56f6ac954b,Y
Antonio Carlos Junior,52e76bb4b3e852f3,Marvin Vettori,7acbb0972e75281a,Y
Alex Garcia,a2b12c3f3d60ff69,Mike Pyle,f5990c11974d8e9c,Y
Niko Price,d8da10db80131bec,Brandon Thatch,638cfec7ec559d6e,Y
Alex Oliveira,57b10fca4f9c9a7a,Tim Means,4b47e71384a9522f,N
Michelle Waterson-Gomez,eb04b9d31e938edb,Paige VanZant,4d5197f331c47290,Y
Mickey Gall,9e50097a89442158,Sage Northcutt,ed9d8ee3a4239b1c,Y
Urijah Faber,78114b7199cef90c,Brad Pickett,c945adc22c2bfe8f,Y
Alan Jouban,cf65d56b0755ed3b,Mike Perry,f2b6fdb20675b11c,Y
Paul Craig,eabf206b162b3b83,Henrique da Silva,b0bd0c5425668b8f,Y
Mizuto Hirota,35faad160d346839,Cole Miller,282fa667ff9c51ed,Y
Colby Covington,dc9572dd6ec74859,Bryan Barberena,a331233f597090a5,Y
Alex Morono,cdb96af67d096b1e,James Moontasri,c06a9b48d4132c8e,Y
Josh Emmett,fba03cd6cc28dc41,Scott Holtzman,df1eb4354d18a906,Y
Leslie Smith,76984112f697631f,Irene Aldana,578ef12674df1e6a,Y
Eddie Wineland,fc9a9559a05f2704,Takeya Mizugaki,48e093ea1f43a053,Y
Hector Sandoval,449c890bd90f3374,Fredy Serrano,0ccab7c889ede9ea,Y
Sultan Aliev,e70de1859b7ee78e,Bojan Velickovic,fcce75a25c14a804,Y
Max Holloway,150ff4cc642270b9,Anthony Pettis,cbb682f5fcc44bfc,Y
Donald Cerrone,1d00756835ca67c9,Matt Brown,31123249b0bbf52e,Y
Cub Swanson,d247691a6c0e9034,Dooho Choi,e93b04e308913c2e,Y
Kelvin Gastelum,8c0580d4fff106c1,Tim Kennedy,3c660c90d48fc80d,Y
Emil Meek,103b06d8707895a9,Jordan Mein,2aa49b3766a59bcd,Y
Misha Cirkunov,67f272324a030d00,Nikita Krylov,1091d4d957141094,Y
Olivier Aubin-Mercier,55ee431411ccf07a,Drew Dober,519e4fe37ce9ff75,Y
Viviane Pereira,d50382dc0565a9e1,Valerie Letourneau,46a2f24feb258ae0,Y
Matthew Lopez,2fc7e9701642ca38,Mitch Gagnon,b8592b4a383696cd,Y
Lando Vannata,f9b200db02b488d9,John Makdessi,c21a036b4e012f1c,Y
Rustam Khabilov,9b7694d064a8a0ad,Jason Saggo,4ac1ecf8ce59ef23,Y
Dustin Ortiz,f53c1f4ceeed8c08,Zach Makovsky,57ab4d7c0bc09a30,Y
Derrick Lewis,d3df1add9d9a7efb,Shamil Abdurakhimov,2f5cbecbbe18bac4,Y
Francis Ngannou,8d03ce87ca14e778,Anthony Hamilton,c727c7d31c50c4cf,Y
Corey Anderson,5e4eec08896c9423,Sean O'Connell,cb52f9490c2dc069,Y
Gian Villante,fcd448a2fe1a23cc,Saparbeg Safarov,88d7b6d8230e1f3f,Y
Justine Kish,928ae2e5b5f7a9ec,Ashley Yoder,b4c6c904a9ffc5e8,Y
Randy Brown,c6aee362c7a7d482,Brian Camozzi,1999ffb5cebc314f,Y
Gerald Meerschaert,6ac9bc2953c47345,Joseph Gigliotti,83825fad27ab3581,Y
Andrew Sanchez,fccf811c1e8b01c7,Trevor Smith,f797f0c57a83353e,Y
Shane Burgos,98d961097baaf308,Tiago dos Santos e Silva,8ce87f7e3a9baed2,Y
Marc Diakiese,32c355b04fc57f3a,Frankie Perez,96c336b463e0662c,Y
Ryan Janes,b59037262c8fe060,Keith Berish,e3779ef06e98f185,Y
Juliana Lima,75a6a390fd5dca46,JJ Aldrich,6fd953151d981979,Y
Demetrious Johnson,8a304bfd6bf04a57,Tim Elliott,c96d9178c9ed9e62,Y
Joseph Benavidez,80eacd4da0617c57,Henry Cejudo,056c493bbd76a918,Y
Jorge Masvidal,47b9e0e7703a4868,Jake Ellenberger,d81ac739417d7f53,Y
Jared Cannonier,13a0275fa13c4d26,Ion Cutelaba,cd13728ae1151f46,Y
Sara McMann,7be74a12d7352df2,Alexis Davis,4c2d90e335e6df19,Y
Brandon Moreno,792be9a24df82ed6,Ryan Benoit,20999e27ddd94bda,Y
Ryan Hall,8866c6f509c19089,Gray Maynard,7d96bc577e5178b2,Y
Rob Font,05339613bf8e9808,Matt Schnell,67c1d46f4ed16f9e,Y
Dong Hyun Ma,98a6b2361045898f,Brendan O'Reilly,494b0bfdbac74502,Y
Jamie Moyle,882d62561063a927,Kailin Curran,05b43e0ead3df345,Y
Anthony Smith,d4c9dcd330403612,Elvis Mutapcic,28c55b4087a6f136,Y
Devin Clark,cc7040fe76f0ef91,Josh Stansbury,30ea504870f8597b,Y
Robert Whittaker,e1147d3d2dabe1ce,Derek Brunson,b1a3e0aca758b322,Y
Andrew Holbrook,66ab58d0b3783607,Jake Matthews,a845f0735bc67405,Y
Omari Akhmedov,16690d100f995f8f,Kyle Noke,7339d340aa2889cb,Y
Alexander Volkanovski,e1248941344b3288,Yusuke Kasuya,3058888c33149a53,Y
Tyson Pedro,49e96ff8ab781589,Khalil Rountree Jr.,749f572d1d3161fb,Y
Danielle Taylor,b76c6268dc1d3c05,Seo Hee Ham,165c244bcca3ed26,Y
Daniel Kelly,bdcbb976816fd256,Chris Camozzi,6c2030e0a143a94b,Y
Damien Brown,d024ed963e8bf7ea,Jon Tuck,53ec9cb470e1a4ea,Y
Jonathan Meunier,5823ceab56741617,Richard Walsh,303a05a7aa3ff761,Y
Ben Nguyen,840d2c82ea68b9aa,Geane Herrera,c169545ab0825f44,Y
Jason Knight,bb1a2cdad6ff34db,Dan Hooker,193b9d1858bc4df3,Y
Marlon Vera,7c7332319c14094c,Guangyou Ning,2c1170b825f58e57,Y
Jenel Lausa,ec664422b22d9787,Yao Zhikui,5ea918ea81b7dee2,Y
Ryan Bader,c0ab242c40decc55,Rogerio Nogueira,73e09f837f3b5ecc,Y
Thomas Almeida,2b074403b7c6cdb4,Albert Morales,544d7460b3e44393,Y
Claudia Gadelha,ec34349e7dffcde7,Cortney Casey,5f179af5fffeb9f6,Y
Krzysztof Jotko,4e06913c91da5200,Thales Leites,cfb65863d5099327,Y
Kamaru Usman,f1b2aa7853d1ed6e,Warlley Alves,d317a5e2b3f88c5f,Y
Sergio Moraes,1bcaac2d99b90fce,Zak Ottow,47cd337b86b1af92,Y
Cezar Ferreira,dbc17725b887860a,Jack Hermansson,0a1942069c9ad6b6,Y
Gadzhimurad Antigulov,af997f7611673880,Marcos Rogerio de Lima,ab943cd2c3c17825,Y
Johnny Eduardo,528c24b99fbaab79,Manvel Gamburyan,cc6f9d1e89f3449a,Y
Luis Henrique,e5bda12faabfc850,Christian Colombo,9123c54d0a2b72dd,Y
Pedro Munhoz,6bd02119599741a4,Justin Scoggins,9fa568ad2bf2cb0b,Y
Francimar Barroso,b69f24c500d783e7,Darren Stewart,a17ad5a5048e8c3f,N
Gegard Mousasi,232c582f29f8f65e,Uriah Hall,65578a75fa7900e3,Y
Stevie Ray,31a13532e724ca2b,Ross Pearson,4f732e58ed907eff,Y
Alexander Volkov,279566840aa55bf2,Timothy Johnson,cc900af167fbedfd,Y
Artem Lobov,02f2a9702ba3d167,Teruto Ishihara,88cd34d836b4ebcd,Y
Jack Marshman,045f25b3a4c08e81,Magnus Cedenblad,0e21976afc92e4d1,Y
Kyoji Horiguchi,98aa60cf58071fd6,Ali Bagautinov,3dd92ff9fb0412b3,Y
Kevin Lee,ee9ebceabfd16fa7,Magomed Mustafaev,31d7446b184e3305,Y
Amanda Cooper,d4a31850a7457f1b,Anna Elmose,1536a25e16fc299b,Y
Justin Ledet,ba1e6cb3d43f7430,Mark Godbeer,ad56b3f00ca38dfd,Y
Zak Cummings,4ba8d454f762005d,Alexander Yakovlev,d06f8869449ba7bd,Y
Marion Reneau,c7d297714d9ab1a4,Milana Dudieva,072a10e85f7d4bff,Y
Brett Johns,ec52462a1b41f714,Kwan Ho Kwak,c13042265355a290,Y
Abdul Razak Alhassan,eae431e70064e046,Charlie Ward,e81dd0bb8a64b550,Y
Conor McGregor,f4c49976c75c5ab2,Eddie Alvarez,33a331684283900f,Y
Tyron Woodley,effd9de9937996f8,Stephen Thompson,4a28cb716c19157a,N
Joanna Jedrzejczyk,3d6749c4267da18f,Karolina Kowalkiewicz,d7c3816669784109,Y
Yoel Romero,f77c68bb4be8516d,Chris Weidman,3a8176e15b9887c1,Y
Raquel Pennington,fc169c387b4b465d,Miesha Tate,b96619b3acd7d9da,Y
Frankie Edgar,f2688492b9a525a3,Jeremy Stephens,18968f97ad34f15c,Y
Khabib Nurmagomedov,032cc3922d871c7f,Michael Johnson,511e82663651438d,Y
Tim Boetsch,c80095f6092271a7,Rafael Natal,0dba4df5f34d5ff0,Y
Vicente Luque,6d4b63c767106d3a,Belal Muhammad,b1b0729d27936f2f,Y
Jim Miller,d1941565abf50b16,Thiago Alves,31ee470ef5dc8d7f,Y
Liz Carmouche,51a0c09cbe9b8472,Katlyn Cerminara,e872e9a9a902c045,Y
Tony Ferguson,22a92d7f62195791,Rafael Dos Anjos,6a2f7c151031653d,Y
Diego Sanchez,82e7929bf6c2b689,Marcin Held,bf43fed8f29e1671,Y
Ricardo Lamas,3974fa35c917af1d,Charles Oliveira,07225ba28ae309b6,Y
Martin Bravo,9c44f290f5726d95,Claudio Puelles,d747eb273a40a920,Y
Beneil Dariush,08af939f41b5a57b,Rashid Magomedov,7ea1f74cef32f906,Y
Alexa Grasso,e8b731feff72294b,Heather Clark,dd4c16777fb2ccf9,Y
Erik Perez,af62f99eb7606308,Felipe Arantes,71002dbc1743b9a7,Y
Joe Soto,a4e85a58fbce64b2,Marco Beltran,ec71a892fada28c7,Y
Max Griffin,b0d6a1d8ac3d563d,Erick Montano,8163cd7de0342652,Y
Douglas Silva de Andrade,3a314d9fa7c6825d,Henry Briones,01fcef7e3d051722,Y
Sam Alvey,d156513a19acf856,Alex Nicholson,2b6d855c6e280fb1,Y
Marco Polo Reyes,edd02825c29028fe,Jason Novelli,459e4dc69ec669b2,Y
Enrique Barzola,be0b310a12eb80b4,Chris Avila,4665cbf36b08193b,Y
Michael Bisping,2b93ebd9f5417ad2,Dan Henderson,1ccf4e7caff270df,Y
Gegard Mousasi,232c582f29f8f65e,Vitor Belfort,0ee783aa00e468f0,Y
Jimi Manuwa,1e1dbd1cc5a7469e,Ovince Saint Preux,50db8711c70196cd,Y
Stefan Struve,ebc1f40e00e0c481,Daniel Omielanczuk,470fedbc8563ac47,Y
Mirsad Bektic,cbd3e590a85b18c5,Russell Doane,f50d95223751e6ca,Y
Iuri Alcantara,2f95a3c6d58b2aad,Brad Pickett,c945adc22c2bfe8f,Y
Damian Stasiak,42a7e90605df3c8a,Davey Grant,113df4fde64735c6,Y
Leon Edwards,f1fac969a1d70b08,Albert Tumenov,ff6a1f63c254127e,Y
Marc Diakiese,32c355b04fc57f3a,Lukasz Sajewski,fb41432b622992a9,Y
Mike Perry,f2b6fdb20675b11c,Danny Roberts,a6cba6bb66c1a8c9,Y
Leonardo Santos,9c65736747ca92ec,Adriano Martins,7dcf06c1967801c1,Y
John Lineker,c268b2cfebccf652,John Dodson,99506df1af6c8b3b,Y
Alex Oliveira,57b10fca4f9c9a7a,Will Brooks,b6e6c3b1dcaae0a1,Y
Zak Ottow,47cd337b86b1af92,Joshua Burkman,6da99156486ed6c2,Y
Brandon Moreno,792be9a24df82ed6,Louis Smolka,d2bc285ead803db0,Y
Henrique da Silva,b0bd0c5425668b8f,Joachim Christensen,2d447cc91bdaa545,Y
Andre Fili,8fd808923cffff82,Hacran Dias,ed209f6618c82e41,Y
Shamil Abdurakhimov,2f5cbecbbe18bac4,Walt Harris,03f982ca3735070c,Y
Elizeu Zaleski dos Santos,8adcbd525fab8d9b,Keita Nakamura,65ddc8a9ac4e8531,Y
Nate Marquardt,a8e6a69796280f17,Tamdan McCrory,eff47295daf721a6,Y
Ion Cutelaba,cd13728ae1151f46,Jonathan Wilson,cd01f0b768a32475,Y
Curtis Blaydes,fa6796c55d6c5440,Cody East,5713c1d2fac539ac,Y
Ketlen Vieira,b9706f80d005036c,Kelly Faszholz,9c42a0de8e012870,Y
Cristiane Justino,634bb0de2eb043b4,Lina Lansberg,2eeaefbfc7f9fcff,Y
Renan Barao,2c99576fefe53c7c,Phillipe Nover,64360e618823a8e4,Y
Roy Nelson,3f7c14c7eca7195d,Antonio Silva,8349d55cdecd393a,Y
Francisco Trinaldo,a8283a4f415e1eb9,Paul Felder,e5010b1b94ca5755,Y
Eric Spicely,b9664eae2ac75262,Thiago Santos,dea070ed4a2a8281,Y
Godofredo Pepey,fa37628269132d1a,Mike de la Torre,1971869b7e054261,Y
Michel Prazeres,e51fcd9cd84c0b93,Gilbert Burns,23024fdfc966410a,Y
Rani Yahya,94527830000ab715,Michinori Tanaka,64788ee44b062ded,Y
Jussier Formiga,b102c26727306ab6,Dustin Ortiz,f53c1f4ceeed8c08,Y
Erick Silva,5866fc86183a9fb8,Luan Chagas,9ccf8371fd80d45d,Y
Alan Patrick,cd7763bcadb5d4c8,Stevie Ray,31a13532e724ca2b,Y
Vicente Luque,6d4b63c767106d3a,Hector Urbina,4b8fb0453a596b8e,Y
Gregor Gillespie,84ff027394f7e470,Glaico Franca Moreira,00a3ff40c4b2cf21,Y
Michael Johnson,511e82663651438d,Dustin Poirier,029eaff01e6bb8f0,Y
Derek Brunson,b1a3e0aca758b322,Uriah Hall,65578a75fa7900e3,Y
Evan Dunham,e5c9de15bb58b1c6,Ricky Glenn,814ff3018127e8fc,Y
Roan Carneiro,1c86754617d9813a,Kenny Robertson,6e0273f9478be71e,Y
Islam Makhachev,275aca31f61ba28c,Chris Wade,c8097968da5e5f13,Y
Chas Skelly,4bd6b4800070b069,Maximo Blanco,4a1329cc8eb0928a,Y
Gabriel Benitez,436f970c9ea9169c,Sam Sicilia,b8aef0faf4ce9b31,Y
Belal Muhammad,b1b0729d27936f2f,Augusto Montano,94508d80e1f885fc,Y
Antonio Carlos Junior,52e76bb4b3e852f3,Leonardo Guimaraes,cc98d857b148e33a,Y
Jose Quinonez,36549928f90f1d36,Joey Gomez,0778f94eb5d588a5,Y
Randy Brown,c6aee362c7a7d482,Erick Montano,8163cd7de0342652,Y
Alejandro Perez,80daefbed11ce998,Albert Morales,544d7460b3e44393,N
Stipe Miocic,d28dee5c705991df,Alistair Overeem,b4ad3a06ee4d660c,Y
Fabricio Werdum,492b202d2064e7a9,Travis Browne,3236bf606fe9fa5b,Y
Mickey Gall,9e50097a89442158,CM Punk,a8c9d16fe2a14d72,Y
Jimmie Rivera,9c907996820d2d69,Urijah Faber,78114b7199cef90c,Y
Jessica Andrade,6a1901c62ab3870f,Joanne Wood,12f91bfa8f1f723b,Y
Bethe Correia,673ea7dcc786b1b3,Jessica Eye,f72465a784c1b084,Y
Brad Tavares,0c6d9ea8306c029e,Caio Magalhaes,0c5c66ddd1886b83,Y
Nik Lentz,6fb1ba67bef41b37,Michael McBride,443f60bec7c3c3d5,Y
Drew Dober,519e4fe37ce9ff75,Jason Gonzalez,e45cfa47f504033a,Y
Yancy Medeiros,813550bc53b15fb0,Sean Spencer,ab850a77a0fa487d,Y
Josh Barnett,ad3f53c454cbbead,Andrei Arlovski,3738e68d2261e60f,Y
Alexander Gustafsson,3c6976f8182d9527,Jan Blachowicz,99df7d0a2a08a8a8,Y
Ryan Bader,c0ab242c40decc55,Ilir Latifi,e9a3aeb207578eea,Y
Nick Hein,2816ced060a21be3,Tae Hyun Bang,9a2d3567abc02e34,Y
Jessin Ayari,6eaec40f724852f4,Jim Wallhead,0c670b443c3d269f,Y
Peter Sobotta,1fcfc3709fe58151,Nicolas Dalby,9d19d9e4aa2662e8,Y
Ashlee Evans-Smith,fc6e681bf6658faf,Veronica Hardy,4798e823ada58fe9,Y
Taylor Lapilus,8b1ed83b02303075,Leandro Issa,d1e1fdcea7c8a90a,Y
Jarjis Danho,8614b7134913f5d5,Christian Colombo,9123c54d0a2b72dd,N
Jack Hermansson,0a1942069c9ad6b6,Scott Askham,06827d70c53ff0d9,Y
Rustam Khabilov,9b7694d064a8a0ad,Leandro Silva,159da492e000afbf,Y
Demian Maia,427b5953ac8e3a27,Carlos Condit,f9f07bb5a43535ed,Y
Anthony Pettis,cbb682f5fcc44bfc,Charles Oliveira,07225ba28ae309b6,Y
Paige VanZant,4d5197f331c47290,Bec Rawlings,907e60fd13407e1e,Y
Jim Miller,d1941565abf50b16,Joe Lauzon,3bad7ef643840f67,Y
Sam Alvey,d156513a19acf856,Kevin Casey,8d9586726252dbf7,Y
Kyle Bochniak,c5af5750e8bae4f0,Enrique Barzola,be0b310a12eb80b4,Y
Alessio Di Chirico,77d7295d1b22c694,Garreth McLellan,f215cfbd4ba3c270,Y
Felipe Silva,1b38a2b897f6209c,Shane Campbell,784285b7ae7dd85f,Y
Chad Laprise,c03a5022f8439f2a,Thibault Gouti,51e86de150ee8be6,Y
Jeremy Kennedy,68f6e96c5fa6e044,Alex Ricci,bf9bc96336922271,Y
Conor McGregor,f4c49976c75c5ab2,Nate Diaz,8355922d564b152c,Y
Anthony Johnson,365fee2da473b177,Glover Teixeira,7ff97850e8c32bda,Y
Donald Cerrone,1d00756835ca67c9,Rick Story,5b5307450405abf0,Y
Mike Perry,f2b6fdb20675b11c,Hyun Gyu Lim,203c957eac95dd87,Y
Tim Means,4b47e71384a9522f,Sabah Homasi,71f048adbfed5b49,Y
Cody Garbrandt,d8c7c61b176e3994,Takeya Mizugaki,48e093ea1f43a053,Y
Raquel Pennington,fc169c387b4b465d,Elizabeth Phillips,dcbf01d605681ad1,Y
Artem Lobov,02f2a9702ba3d167,Chris Avila,4665cbf36b08193b,Y
Cortney Casey,5f179af5fffeb9f6,Randa Markos,4a57ebb14315b251,Y
Lorenz Larkin,9450848a71d53776,Neil Magny,84b3e7d38f2d2ec5,Y
Colby Covington,dc9572dd6ec74859,Max Griffin,b0d6a1d8ac3d563d,Y
Marvin Vettori,7acbb0972e75281a,Alberto Uda,8f2deefe8c5dfb5d,Y
Yair Rodriguez,cbf5e6f231b55443,Alex Caceres,7aa3d6964eff4877,Y
Dennis Bermudez,6f242453c91a5af0,Rony Jason,b71ce838b01f2cad,Y
Thales Leites,cfb65863d5099327,Chris Camozzi,6c2030e0a143a94b,Y
Santiago Ponzinibbio,6d1bffff14897645,Zak Cummings,4ba8d454f762005d,Y
Trevor Smith,f797f0c57a83353e,Joseph Gigliotti,83825fad27ab3581,Y
Maryna Moroz,b4192a975027aab6,Danielle Taylor,b76c6268dc1d3c05,Y
Court McGee,523fa774700d7d3f,Dominique Steele,68c11c27d4d56572,Y
Marcin Tybura,c9cf753cfdf77fc2,Viktor Pesta,202b0467521c9d6f,Y
David Teymur,2747c60e42d9d75f,Jason Novelli,459e4dc69ec669b2,Y
Teruto Ishihara,88cd34d836b4ebcd,Horacio Gutierrez,cd85b48dc880fabd,Y
Cub Swanson,d247691a6c0e9034,Tatsuya Kawajiri,80d918336163b80c,Y
Justin Ledet,ba1e6cb3d43f7430,Chase Sherman,01b352b6a9074d5c,Y
Tyron Woodley,effd9de9937996f8,Robbie Lawler,f2925e6db404bf1d,Y
Karolina Kowalkiewicz,d7c3816669784109,Rose Namajunas,47b63240018d5d86,Y
Jake Ellenberger,d81ac739417d7f53,Matt Brown,31123249b0bbf52e,Y
Erik Perez,af62f99eb7606308,Francisco Rivera,7ea4a9f07df33a45,Y
Ryan Benoit,20999e27ddd94bda,Fredy Serrano,0ccab7c889ede9ea,Y
Nikita Krylov,1091d4d957141094,Ed Herman,06f36cf4bd97ec77,Y
Jorge Masvidal,47b9e0e7703a4868,Ross Pearson,4f732e58ed907eff,Y
Anthony Hamilton,c727c7d31c50c4cf,Damian Grabowski,3f11b5d4bd76a6d9,Y
Wilson Reis,5aedf14771ca82d2,Hector Sandoval,449c890bd90f3374,Y
Michael Graves,3f1d23b01c552a13,Bojan Velickovic,fcce75a25c14a804,N
Damien Brown,d024ed963e8bf7ea,Cesar Arzamendia,49f78022126bf4a4,Y
Valentina Shevchenko,132deb59abae64b1,Holly Holm,634e2fb70bde3fd5,Y
Edson Barboza,64a50dad704d1d49,Gilbert Melendez,aa5b4eff51bdc7d1,Y
Francis Ngannou,8d03ce87ca14e778,Bojan Mihajlovic,d6285cba1d1052e0,Y
Felice Herrig,b6850671a008bf9a,Kailin Curran,05b43e0ead3df345,Y
Eddie Wineland,fc9a9559a05f2704,Frankie Saenz,9ba2226646046b63,Y
Darren Elkins,92a9aa9c93192871,Godofredo Pepey,fa37628269132d1a,Y
Kamaru Usman,f1b2aa7853d1ed6e,Alexander Yakovlev,d06f8869449ba7bd,Y
Michel Prazeres,e51fcd9cd84c0b93,JC Cottrell,3ec1e4ba98c9c85a,Y
Alex Oliveira,57b10fca4f9c9a7a,James Moontasri,c06a9b48d4132c8e,Y
Jason Knight,bb1a2cdad6ff34db,Jim Alers,fe5a9547479396ab,Y
Luis Henrique,e5bda12faabfc850,Dmitrii Smoliakov,75afb06215a07341,Y
John Lineker,c268b2cfebccf652,Michael McDonald,d0314416a7f26527,Y
Tony Ferguson,22a92d7f62195791,Lando Vannata,f9b200db02b488d9,Y
Tim Boetsch,c80095f6092271a7,Josh Samman,9deff9e3e8d94d47,Y
Daniel Omielanczuk,470fedbc8563ac47,Aleksei Oleinik,98c23cb6da5b3352,Y
Keita Nakamura,65ddc8a9ac4e8531,Kyle Noke,7339d340aa2889cb,Y
Louis Smolka,d2bc285ead803db0,Ben Nguyen,840d2c82ea68b9aa,Y
Katlyn Cerminara,e872e9a9a902c045,Lauren Murphy,729d4bd5a6cd0a97,Y
Sam Alvey,d156513a19acf856,Eric Spicely,b9664eae2ac75262,Y
Cortney Casey,5f179af5fffeb9f6,Cristina Stanciu,175852708cb55776,Y
Scott Holtzman,df1eb4354d18a906,Cody Pfister,5904b0b38dc6718d,Y
Rani Yahya,94527830000ab715,Matthew Lopez,2fc7e9701642ca38,Y
Alex Nicholson,2b6d855c6e280fb1,Devin Clark,cc7040fe76f0ef91,Y
Amanda Nunes,80fa8218c99f9c58,Miesha Tate,b96619b3acd7d9da,Y
Brock Lesnar,513c6f1715e547a8,Mark Hunt,eef9b891edbd4604,N
Daniel Cormier,d967f0128c323de6,Anderson Silva,1f454354805b6f75,Y
Jose Aldo,d0f3959b4a9747e6,Frankie Edgar,f2688492b9a525a3,Y
Cain Velasquez,0ff11cc094e887bc,Travis Browne,3236bf606fe9fa5b,Y
Julianna Pena,3253b16d38ae087d,Cat Zingano,3ecd936bd8814108,Y
Kelvin Gastelum,8c0580d4fff106c1,Johny Hendricks,0941df56f6ac954b,Y
TJ Dillashaw,c849740a3ff51931,Raphael Assuncao,2f13e4020cea5b38,Y
Sage Northcutt,ed9d8ee3a4239b1c,Enrique Marin,23a6e307077c6ccc,Y
Joe Lauzon,3bad7ef643840f67,Diego Sanchez,82e7929bf6c2b689,Y
Gegard Mousasi,232c582f29f8f65e,Thiago Santos,dea070ed4a2a8281,Y
Jim Miller,d1941565abf50b16,Takanori Gomi,3be081c29bf734d9,Y
Joanna Jedrzejczyk,3d6749c4267da18f,Claudia Gadelha,ec34349e7dffcde7,Y
Andrew Sanchez,fccf811c1e8b01c7,Khalil Rountree Jr.,749f572d1d3161fb,Y
Tatiana Suarez,b08012bbe542592a,Amanda Cooper,d4a31850a7457f1b,Y
Will Brooks,b6e6c3b1dcaae0a1,Ross Pearson,4f732e58ed907eff,Y
Dooho Choi,e93b04e308913c2e,Thiago Tavares,8a59d346dc976a10,Y
Joaquim Silva,ae7fe94f117f98cf,Andrew Holbrook,66ab58d0b3783607,Y
Gray Maynard,7d96bc577e5178b2,Fernando Bruno,b8c0f30ee9a98b69,Y
Matheus Nicolau,1a31ef98efce7a79,John Moraga,92437c6775b3f7d1,Y
Josh Stansbury,30ea504870f8597b,Cory Hendricks,9ab9912e0f8fa6d6,Y
Cezar Ferreira,dbc17725b887860a,Anthony Smith,d4c9dcd330403612,Y
Kevin Lee,ee9ebceabfd16fa7,Jake Matthews,a845f0735bc67405,Y
Li Jingliang,e64b96c07d7ce999,Anton Zafir,8c822811eedc11ad,Y
Eddie Alvarez,33a331684283900f,Rafael Dos Anjos,6a2f7c151031653d,Y
Derrick Lewis,d3df1add9d9a7efb,Roy Nelson,3f7c14c7eca7195d,Y
Alan Jouban,cf65d56b0755ed3b,Belal Muhammad,b1b0729d27936f2f,Y
Joe Duffy,654ae722109a0d31,Mitch Clarke,c76ec2bc3a57666a,Y
Alberto Mina,4b1d46a1b5c0fd11,Mike Pyle,f5990c11974d8e9c,Y
John Makdessi,c21a036b4e012f1c,Mehdi Baghdad,e4d2564ea0e34e2b,Y
Anthony Birchak,c5a126ace82a6025,Dileno Lopes,8270c00fae24c922,Y
Pedro Munhoz,6bd02119599741a4,Russell Doane,f50d95223751e6ca,Y
Felipe Arantes,71002dbc1743b9a7,Jerrod Sanders,12f1b140e248bdb9,Y
Gilbert Burns,23024fdfc966410a,Lukasz Sajewski,fb41432b622992a9,Y
Marco Beltran,ec71a892fada28c7,Reginaldo Vieira,f9081770e28ea2e1,Y
Vicente Luque,6d4b63c767106d3a,Alvaro Herrera Mendoza,74d35fbc9c6a61bd,Y
Stephen Thompson,4a28cb716c19157a,Rory MacDonald,cbd5d3cdd862e90e,Y
Donald Cerrone,1d00756835ca67c9,Patrick Cote,9fa3bd637edd9aa2,Y
Steve Bosse,e023fa2e648ea0f1,Sean O'Connell,cb52f9490c2dc069,Y
Olivier Aubin-Mercier,55ee431411ccf07a,Thibault Gouti,51e86de150ee8be6,Y
Joanne Wood,12f91bfa8f1f723b,Valerie Letourneau,46a2f24feb258ae0,Y
Jason Saggo,4ac1ecf8ce59ef23,Leandro Silva,159da492e000afbf,Y
Misha Cirkunov,67f272324a030d00,Ion Cutelaba,cd13728ae1151f46,Y
Krzysztof Jotko,4e06913c91da5200,Tamdan McCrory,eff47295daf721a6,Y
Joe Soto,a4e85a58fbce64b2,Chris Beal,55f446032177b119,Y
Elias Theodorou,34f88592c0ab7a54,Sam Alvey,d156513a19acf856,Y
Randa Markos,4a57ebb14315b251,Jocelyn Jones-Lybarger,1a98c9dbb7fc3959,Y
Colby Covington,dc9572dd6ec74859,Jonathan Meunier,5823ceab56741617,Y
Ali Bagautinov,3dd92ff9fb0412b3,Geane Herrera,c169545ab0825f44,Y
Michael Bisping,2b93ebd9f5417ad2,Luke Rockhold,00e11b5c8b7bfeeb,Y
Dominick Cruz,10f3ba6cd2f44a97,Urijah Faber,78114b7199cef90c,Y
Max Holloway,150ff4cc642270b9,Ricardo Lamas,3974fa35c917af1d,Y
Dan Henderson,1ccf4e7caff270df,Hector Lombard,db1f2ed63b54b9a7,Y
Dustin Poirier,029eaff01e6bb8f0,King Green,887961364be5ceb3,Y
Brian Ortega,def8166ff24bd237,Clay Guida,c47df9303d318c67,Y
Beneil Dariush,08af939f41b5a57b,James Vick,6256b2b1562cb8e1,Y
Jessica Andrade,6a1901c62ab3870f,Jessica Penne,c742287ed86a09bc,Y
Alex Caceres,7aa3d6964eff4877,Cole Miller,282fa667ff9c51ed,Y
Sean Strickland,0d8011111be000b2,Tom Breese,1588b787bda7b540,Y
Henrique da Silva,b0bd0c5425668b8f,Jonathan Wilson,cd01f0b768a32475,Y
Kevin Casey,8d9586726252dbf7,Elvis Mutapcic,28c55b4087a6f136,N
Marco Polo Reyes,edd02825c29028fe,Dong Hyun Ma,98a6b2361045898f,Y
Cody Garbrandt,d8c7c61b176e3994,Thomas Almeida,2b074403b7c6cdb4,Y
Jeremy Stephens,18968f97ad34f15c,Renan Barao,2c99576fefe53c7c,Y
Rick Story,5b5307450405abf0,Tarec Saffiedine,0749d968e932df53,Y
Chris Camozzi,6c2030e0a143a94b,Vitor Miranda,4bcb6eb12b4ad4aa,Y
Lorenz Larkin,9450848a71d53776,Jorge Masvidal,47b9e0e7703a4868,Y
Paul Felder,e5010b1b94ca5755,Joshua Burkman,6da99156486ed6c2,Y
Sara McMann,7be74a12d7352df2,Jessica Eye,f72465a784c1b084,Y
Abel Trujillo,e14b5aa06eea9653,Jordan Rinaldi,c07efc18b231f170,Y
Jake Collier,92fa1401b7927da3,Alberto Uda,8f2deefe8c5dfb5d,Y
Erik Koch,99bd87a300079ed9,Shane Campbell,784285b7ae7dd85f,Y
Bryan Caraway,5ef0088c1b19beeb,Aljamain Sterling,cb696ebfb6598724,Y
Adam Milstead,72ffecf712673af1,Chris de la Rocha,e51ee8ded927fc51,Y
Stipe Miocic,d28dee5c705991df,Fabricio Werdum,492b202d2064e7a9,Y
Jacare Souza,7a703c565ccaa18f,Vitor Belfort,0ee783aa00e468f0,Y
Cristiane Justino,634bb0de2eb043b4,Leslie Smith,76984112f697631f,Y
Mauricio Rua,140745cbbcb023ac,Corey Anderson,5e4eec08896c9423,Y
Bryan Barberena,a331233f597090a5,Warlley Alves,d317a5e2b3f88c5f,Y
Demian Maia,427b5953ac8e3a27,Matt Brown,31123249b0bbf52e,Y
Thiago Santos,dea070ed4a2a8281,Nate Marquardt,a8e6a69796280f17,Y
Francisco Trinaldo,a8283a4f415e1eb9,Yancy Medeiros,813550bc53b15fb0,Y
John Lineker,c268b2cfebccf652,Rob Font,05339613bf8e9808,Y
Rogerio Nogueira,73e09f837f3b5ecc,Patrick Cummins,e51e5cb722bd47a8,Y
Sergio Moraes,1bcaac2d99b90fce,Luan Chagas,9ccf8371fd80d45d,N
Renato Moicano,b6452706b373eea1,Zubaira Tukhugov,aceffa19749c4dc0,Y
Alistair Overeem,b4ad3a06ee4d660c,Andrei Arlovski,3738e68d2261e60f,Y
Stefan Struve,ebc1f40e00e0c481,Antonio Silva,8349d55cdecd393a,Y
Gunnar Nelson,fd55393021a8c255,Albert Tumenov,ff6a1f63c254127e,Y
Germaine de Randamie,1d239d571e342453,Anna Elmose,1536a25e16fc299b,Y
Nikita Krylov,1091d4d957141094,Francimar Barroso,b69f24c500d783e7,Y
Karolina Kowalkiewicz,d7c3816669784109,Heather Clark,dd4c16777fb2ccf9,Y
Rustam Khabilov,9b7694d064a8a0ad,Chris Wade,c8097968da5e5f13,Y
Magnus Cedenblad,0e21976afc92e4d1,Garreth McLellan,f215cfbd4ba3c270,Y
Josh Emmett,fba03cd6cc28dc41,Jon Tuck,53ec9cb470e1a4ea,Y
Reza Madadi,e25bcbcdaf6537a1,Yan Cabral,7cdd3e5d3aa9cb39,Y
Kyoji Horiguchi,98aa60cf58071fd6,Neil Seery,49a74b9fb2e45fdf,Y
Leon Edwards,f1fac969a1d70b08,Dominic Waters,2de91c2244ad7e89,Y
Yuta Sasaki,7c3c48cf54a2848e,Willie Gates,6ded9184b2284645,Y
Jon Jones,07f72a2a7591b409,Ovince Saint Preux,50db8711c70196cd,Y
Demetrious Johnson,8a304bfd6bf04a57,Henry Cejudo,056c493bbd76a918,Y
Edson Barboza,64a50dad704d1d49,Anthony Pettis,cbb682f5fcc44bfc,Y
Robert Whittaker,e1147d3d2dabe1ce,Rafael Natal,0dba4df5f34d5ff0,Y
Yair Rodriguez,cbf5e6f231b55443,Andre Fili,8fd808923cffff82,Y
Sergio Pettis,de75d1c45a39e221,Chris Kelades,56c9acc4e86046a2,Y
Danny Roberts,a6cba6bb66c1a8c9,Dominique Steele,68c11c27d4d56572,Y
Carla Esparza,d910665038efc639,Juliana Lima,75a6a390fd5dca46,Y
James Vick,6256b2b1562cb8e1,Glaico Franca Moreira,00a3ff40c4b2cf21,Y
Walt Harris,03f982ca3735070c,Cody East,5713c1d2fac539ac,Y
Marcos Rogerio de Lima,ab943cd2c3c17825,Clint Hester,92b62174c175ce19,Y
Kevin Lee,ee9ebceabfd16fa7,Efrain Escudero,83fd97284f4bb4a4,Y
Glover Teixeira,7ff97850e8c32bda,Rashad Evans,ee779c43a8926d52,Y
Rose Namajunas,47b63240018d5d86,Tecia Pennington,31ef8b67e13495b3,Y
Khabib Nurmagomedov,032cc3922d871c7f,Darrell Horcher,18e8b7070228e728,Y
Cub Swanson,d247691a6c0e9034,Hacran Dias,ed209f6618c82e41,Y
Michael Chiesa,c58f51dedb310998,Beneil Dariush,08af939f41b5a57b,Y
Raquel Pennington,fc169c387b4b465d,Bethe Correia,673ea7dcc786b1b3,Y
Santiago Ponzinibbio,6d1bffff14897645,Court McGee,523fa774700d7d3f,Y
Michael Graves,3f1d23b01c552a13,Randy Brown,c6aee362c7a7d482,Y
John Dodson,99506df1af6c8b3b,Manvel Gamburyan,cc6f9d1e89f3449a,Y
Cezar Ferreira,dbc17725b887860a,Oluwale Bamgbose,04b39f4e8eb59d7c,Y
Elizeu Zaleski dos Santos,8adcbd525fab8d9b,Omari Akhmedov,16690d100f995f8f,Y
Junior Dos Santos,63def5a5662a6917,Ben Rothwell,bd58d34e39b7b12a,Y
Derrick Lewis,d3df1add9d9a7efb,Gabriel Gonzaga,270b89c00ef0c55c,Y
Francis Ngannou,8d03ce87ca14e778,Curtis Blaydes,fa6796c55d6c5440,Y
Timothy Johnson,cc900af167fbedfd,Marcin Tybura,c9cf753cfdf77fc2,Y
Jan Blachowicz,99df7d0a2a08a8a8,Igor Pokrajac,53278852bcd91e11,Y
Maryna Moroz,b4192a975027aab6,Cristina Stanciu,175852708cb55776,Y
Zak Cummings,4ba8d454f762005d,Nicolas Dalby,9d19d9e4aa2662e8,Y
Alejandro Perez,80daefbed11ce998,Ian Entwistle,d7adfcfdf7c6c1f8,Y
Mairbek Taisumov,8f5c8850b2484173,Damir Hadzovic,38c626ca912c7bac,Y
Damian Stasiak,42a7e90605df3c8a,Filip Pejic,38ed5a2299230227,Y
Lucas Martins,7413b80dbb0f8f9f,Robert Whiteford,1dafccb62a0f98ec,Y
Jared Cannonier,13a0275fa13c4d26,Cyril Asker,9be6020024133293,Y
Bojan Velickovic,fcce75a25c14a804,Alessio Di Chirico,77d7295d1b22c694,Y
Mark Hunt,eef9b891edbd4604,Frank Mir,1ff9589f9065a9ed,Y
Neil Magny,84b3e7d38f2d2ec5,Hector Lombard,db1f2ed63b54b9a7,Y
Jake Matthews,a845f0735bc67405,Johnny Case,1f4b04a926ef1287,Y
Daniel Kelly,bdcbb976816fd256,Antonio Carlos Junior,52e76bb4b3e852f3,Y
Steve Bosse,e023fa2e648ea0f1,James Te Huna,f5431394fb284bb9,Y
Bec Rawlings,907e60fd13407e1e,Seo Hee Ham,165c244bcca3ed26,Y
Alan Jouban,cf65d56b0755ed3b,Brendan O'Reilly,494b0bfdbac74502,Y
Dan Hooker,193b9d1858bc4df3,Mark Eddiva,40ff198adda94b9f,Y
Leslie Smith,76984112f697631f,Rin Nakai,f9ae6914f604aa9f,Y
Viscardi Andrade,d221ee27afc7a60e,Richard Walsh,303a05a7aa3ff761,Y
Ross Pearson,4f732e58ed907eff,Chad Laprise,c03a5022f8439f2a,Y
Alan Patrick,cd7763bcadb5d4c8,Damien Brown,d024ed963e8bf7ea,Y
Nate Diaz,8355922d564b152c,Conor McGregor,f4c49976c75c5ab2,Y
Miesha Tate,b96619b3acd7d9da,Holly Holm,634e2fb70bde3fd5,Y
Ilir Latifi,e9a3aeb207578eea,Gian Villante,fcd448a2fe1a23cc,Y
Corey Anderson,5e4eec08896c9423,Tom Lawlor,4d44f37107f01b9b,Y
Amanda Nunes,80fa8218c99f9c58,Valentina Shevchenko,132deb59abae64b1,Y
Siyar Bahadurzada,aec185309b4843d0,Brandon Thatch,638cfec7ec559d6e,Y
Nordine Taleb,49858bf46dabf6fb,Erick Silva,5866fc86183a9fb8,Y
Vitor Miranda,4bcb6eb12b4ad4aa,Marcelo Guimaraes,0c9c0a43d3f3f49d,Y
Darren Elkins,92a9aa9c93192871,Chas Skelly,4bd6b4800070b069,Y
Diego Sanchez,82e7929bf6c2b689,Jim Miller,d1941565abf50b16,Y
Jason Saggo,4ac1ecf8ce59ef23,Justin Salas,9b198c73e3d0d289,Y
Teruto Ishihara,88cd34d836b4ebcd,Julian Erosa,902ec2cc48c8ae8a,Y
Michael Bisping,2b93ebd9f5417ad2,Anderson Silva,1f454354805b6f75,Y
Gegard Mousasi,232c582f29f8f65e,Thales Leites,cfb65863d5099327,Y
Tom Breese,1588b787bda7b540,Keita Nakamura,65ddc8a9ac4e8531,Y
Brad Pickett,c945adc22c2bfe8f,Francisco Rivera,7ea4a9f07df33a45,Y
Makwan Amirkhani,87a1dc546b1c5caf,Mike Wilkinson,cfaf010d5b389c09,Y
Davey Grant,113df4fde64735c6,Marlon Vera,7c7332319c14094c,Y
Scott Askham,06827d70c53ff0d9,Chris Dempsey,dfae5da5676e4194,Y
Arnold Allen,040a74bb0a465c54,Yaotzin Meza,3623bd267a2eef2e,Y
Krzysztof Jotko,4e06913c91da5200,Brad Scott,34e552520a934063,Y
Rustam Khabilov,9b7694d064a8a0ad,Norman Parke,14ff46596ad80609,Y
Daniel Omielanczuk,470fedbc8563ac47,Jarjis Danho,8614b7134913f5d5,Y
Teemu Packalen,8f4eeaf7a0df7c1a,Thibault Gouti,51e86de150ee8be6,Y
David Teymur,2747c60e42d9d75f,Martin Svensson,bcad7223af3c19da,Y
Donald Cerrone,1d00756835ca67c9,Alex Oliveira,57b10fca4f9c9a7a,Y
Derek Brunson,b1a3e0aca758b322,Roan Carneiro,1c86754617d9813a,Y
Cody Garbrandt,d8c7c61b176e3994,Augusto Mendes,3d5b1ce6097dbb49,Y
Dennis Bermudez,6f242453c91a5af0,Tatsuya Kawajiri,80d918336163b80c,Y
Chris Camozzi,6c2030e0a143a94b,Joe Riggs,d512d9f204059f57,Y
James Krause,8f6a18831a120817,Shane Campbell,784285b7ae7dd85f,Y
Sean Strickland,0d8011111be000b2,Alex Garcia,a2b12c3f3d60ff69,Y
Oluwale Bamgbose,04b39f4e8eb59d7c,Daniel Sarafian,7e47047d0971d566,Y
Anthony Smith,d4c9dcd330403612,Leonardo Guimaraes,cc98d857b148e33a,Y
Nathan Coy,15ec018d144710db,Jonavin Webb,f40ec51dd4de47c3,Y
Ashlee Evans-Smith,fc6e681bf6658faf,Marion Reneau,c7d297714d9ab1a4,Y
Lauren Murphy,729d4bd5a6cd0a97,Kelly Faszholz,9c42a0de8e012870,Y
Shamil Abdurakhimov,2f5cbecbbe18bac4,Anthony Hamilton,c727c7d31c50c4cf,Y
Stephen Thompson,4a28cb716c19157a,Johny Hendricks,0941df56f6ac954b,Y
Roy Nelson,3f7c14c7eca7195d,Jared Rosholt,91ea901c458e95dd,Y
Ovince Saint Preux,50db8711c70196cd,Rafael Cavalcante,5c1ca0c72b599a3c,Y
Joseph Benavidez,80eacd4da0617c57,Zach Makovsky,57ab4d7c0bc09a30,Y
Misha Cirkunov,67f272324a030d00,Alex Nicholson,2b6d855c6e280fb1,Y
Mike Pyle,f5990c11974d8e9c,Sean Spencer,ab850a77a0fa487d,Y
Joshua Burkman,6da99156486ed6c2,KJ Noons,b7ffa72aa148599a,Y
Derrick Lewis,d3df1add9d9a7efb,Damian Grabowski,3f11b5d4bd76a6d9,Y
Justin Scoggins,9fa568ad2bf2cb0b,Ray Borg,a4de54ea806fb525,Y
Diego Rivas,09f579be4520394a,Noad Lahat,9f755fb04cc21499,Y
Mickey Gall,9e50097a89442158,Mike Jackson,0641c21bec209472,Y
Alex White,c17041f1bb5768d8,Artem Lobov,02f2a9702ba3d167,Y
Anthony Johnson,365fee2da473b177,Ryan Bader,c0ab242c40decc55,Y
Ben Rothwell,bd58d34e39b7b12a,Josh Barnett,ad3f53c454cbbead,Y
Jimmie Rivera,9c907996820d2d69,Iuri Alcantara,2f95a3c6d58b2aad,Y
Bryan Barberena,a331233f597090a5,Sage Northcutt,ed9d8ee3a4239b1c,Y
Tarec Saffiedine,0749d968e932df53,Jake Ellenberger,d81ac739417d7f53,Y
Diego Ferreira,f53d4f21d1b5f2dc,Olivier Aubin-Mercier,55ee431411ccf07a,Y
Rafael Natal,0dba4df5f34d5ff0,Kevin Casey,8d9586726252dbf7,Y
Wilson Reis,5aedf14771ca82d2,Dustin Ortiz,f53c1f4ceeed8c08,Y
Alexander Yakovlev,d06f8869449ba7bd,George Sullivan,6c7e25571490aa3b,Y
Alex Caceres,7aa3d6964eff4877,Masio Fullen,4638cc6479cc0afe,Y
Randy Brown,c6aee362c7a7d482,Matt Dwyer,8f0d576beba1cfcd,Y
Damon Jackson,29af297d9f1de0f8,Levan Makashvili,938ad489fb7a1f31,N
Anthony Rocco Martin,5331b25a60417ffb,Felipe Olivieri,948880beac71f028,Y
Dominick Cruz,10f3ba6cd2f44a97,TJ Dillashaw,c849740a3ff51931,Y
Eddie Alvarez,33a331684283900f,Anthony Pettis,cbb682f5fcc44bfc,Y
Travis Browne,3236bf606fe9fa5b,Matt Mitrione,ba280572acfba13f,Y
Francisco Trinaldo,a8283a4f415e1eb9,Ross Pearson,4f732e58ed907eff,Y
Patrick Cote,9fa3bd637edd9aa2,Ben Saunders,484acc7b0f856ce9,Y
Ed Herman,06f36cf4bd97ec77,Tim Boetsch,c80095f6092271a7,Y
Chris Wade,c8097968da5e5f13,Mehdi Baghdad,e4d2564ea0e34e2b,Y
Luke Sanders,96428b9e9bd048ea,Maximo Blanco,4a1329cc8eb0928a,Y
Paul Felder,e5010b1b94ca5755,Daron Cruickshank,5f99b2bafb10305f,Y
Ilir Latifi,e9a3aeb207578eea,Sean O'Connell,cb52f9490c2dc069,Y
Charles Rosa,40093d1d2d78394e,Kyle Bochniak,c5af5750e8bae4f0,Y
Rob Font,05339613bf8e9808,Joey Gomez,0778f94eb5d588a5,Y
Francimar Barroso,b69f24c500d783e7,Elvis Mutapcic,28c55b4087a6f136,Y
Robbie Lawler,f2925e6db404bf1d,Carlos Condit,f9f07bb5a43535ed,Y
Stipe Miocic,d28dee5c705991df,Andrei Arlovski,3738e68d2261e60f,Y
Albert Tumenov,ff6a1f63c254127e,Lorenz Larkin,9450848a71d53776,Y
Brian Ortega,def8166ff24bd237,Diego Brandao,c2e3e67b5911bfb7,Y
Abel Trujillo,e14b5aa06eea9653,Tony Sims,57bad6a84230f0c9,Y
Michael McDonald,d0314416a7f26527,Masanori Kanehara,f3a078277b3b8ff4,Y
Alex Morono,cdb96af67d096b1e,Kyle Noke,7339d340aa2889cb,Y
Justine Kish,928ae2e5b5f7a9ec,Nina Nunes,d343df8ba11f4c4e,Y
Drew Dober,519e4fe37ce9ff75,Scott Holtzman,df1eb4354d18a906,Y
Dustin Poirier,029eaff01e6bb8f0,Joe Duffy,654ae722109a0d31,Y
Michinori Tanaka,64788ee44b062ded,Joe Soto,a4e85a58fbce64b2,Y
Sheldon Westcott,ec2d13a87d3d9541,Edgar Garcia,8d49545dadf9b919,Y
Rafael Dos Anjos,6a2f7c151031653d,Donald Cerrone,1d00756835ca67c9,Y
Alistair Overeem,b4ad3a06ee4d660c,Junior Dos Santos,63def5a5662a6917,Y
Nate Diaz,8355922d564b152c,Michael Johnson,511e82663651438d,Y
Karolina Kowalkiewicz,d7c3816669784109,Randa Markos,4a57ebb14315b251,Y
Charles Oliveira,07225ba28ae309b6,Myles Jury,08e908ed6d18d6a0,Y
Nate Marquardt,a8e6a69796280f17,CB Dollaway,5d7bdab5e03e3216,Y
Valentina Shevchenko,132deb59abae64b1,Sarah Kaufman,36df8e119aec6175,Y
Tamdan McCrory,eff47295daf721a6,Josh Samman,9deff9e3e8d94d47,Y
Nik Lentz,6fb1ba67bef41b37,Danny Castillo,d1e7fc58d4225cdf,Y
Cole Miller,282fa667ff9c51ed,Jim Alers,fe5a9547479396ab,N
Kamaru Usman,f1b2aa7853d1ed6e,Leon Edwards,f1fac969a1d70b08,Y
Vicente Luque,6d4b63c767106d3a,Hayder Hassan,cf615eb4b7862c76,Y
Francis Ngannou,8d03ce87ca14e778,Luis Henrique,e5bda12faabfc850,Y
Conor McGregor,f4c49976c75c5ab2,Jose Aldo,d0f3959b4a9747e6,Y
Luke Rockhold,00e11b5c8b7bfeeb,Chris Weidman,3a8176e15b9887c1,Y
Yoel Romero,f77c68bb4be8516d,Jacare Souza,7a703c565ccaa18f,Y
Demian Maia,427b5953ac8e3a27,Gunnar Nelson,fd55393021a8c255,Y
Max Holloway,150ff4cc642270b9,Jeremy Stephens,18968f97ad34f15c,Y
Urijah Faber,78114b7199cef90c,Frankie Saenz,9ba2226646046b63,Y
Tecia Pennington,31ef8b67e13495b3,Jocelyn Jones-Lybarger,1a98c9dbb7fc3959,Y
Warlley Alves,d317a5e2b3f88c5f,Colby Covington,dc9572dd6ec74859,Y
Leonardo Santos,9c65736747ca92ec,Kevin Lee,ee9ebceabfd16fa7,Y
Magomed Mustafaev,31d7446b184e3305,Joe Proctor,a36556bb1565e32d,Y
Yancy Medeiros,813550bc53b15fb0,John Makdessi,c21a036b4e012f1c,Y
Court McGee,523fa774700d7d3f,Marcio Alexandre Junior,d53482bef23235ba,Y
Frankie Edgar,f2688492b9a525a3,Chad Mendes,b5b684eac99ae0a3,Y
Ryan Hall,8866c6f509c19089,Artem Lobov,02f2a9702ba3d167,Y
Tony Ferguson,22a92d7f62195791,Edson Barboza,64a50dad704d1d49,Y
Evan Dunham,e5c9de15bb58b1c6,Joe Lauzon,3bad7ef643840f67,Y
Tatsuya Kawajiri,80d918336163b80c,Jason Knight,bb1a2cdad6ff34db,Y
Julian Erosa,902ec2cc48c8ae8a,Marcin Wrzosek,aac6edb0d5e0b7e9,Y
Gabriel Gonzaga,270b89c00ef0c55c,Konstantin Erokhin,22061ff217907c78,Y
Ryan LaFlare,4c7781da8c6cae93,Mike Pierce,236a37d96d476164,Y
Geane Herrera,c169545ab0825f44,Joby Sanchez,b12fc8a41e82d3a2,Y
Chris Gruetzemacher,feaf00f3373435d6,Abner Lloveras,6448e57a9533b7e4,Y
Rose Namajunas,47b63240018d5d86,Paige VanZant,4d5197f331c47290,Y
Michael Chiesa,c58f51dedb310998,Jim Miller,d1941565abf50b16,Y
Sage Northcutt,ed9d8ee3a4239b1c,Cody Pfister,5904b0b38dc6718d,Y
Thiago Santos,dea070ed4a2a8281,Elias Theodorou,34f88592c0ab7a54,Y
Tim Means,4b47e71384a9522f,John Howard,fc31f896cde2bc2e,Y
Sergio Moraes,1bcaac2d99b90fce,Omari Akhmedov,16690d100f995f8f,Y
Antonio Carlos Junior,52e76bb4b3e852f3,Kevin Casey,8d9586726252dbf7,N
Aljamain Sterling,cb696ebfb6598724,Johnny Eduardo,528c24b99fbaab79,Y
Santiago Ponzinibbio,6d1bffff14897645,Andreas Stahl,69a400af4420cd6a,Y
Danny Roberts,a6cba6bb66c1a8c9,Nathan Coy,15ec018d144710db,Y
Zubaira Tukhugov,aceffa19749c4dc0,Phillipe Nover,64360e618823a8e4,Y
Kailin Curran,05b43e0ead3df345,Emily Kagan,c1ea9d56cd953586,Y
Benson Henderson,2676b28836a5a836,Jorge Masvidal,47b9e0e7703a4868,Y
Dong Hyun Kim,9bcf8603ceb25680,Dominic Waters,2de91c2244ad7e89,Y
Alberto Mina,4b1d46a1b5c0fd11,Yoshihiro Akiyama,b0550072e5f0afa7,Y
Dooho Choi,e93b04e308913c2e,Sam Sicilia,b8aef0faf4ce9b31,Y
Dongi Yang,aed06011bf62237b,Jake Collier,92fa1401b7927da3,Y
Mike de la Torre,1971869b7e054261,Yui Chul Nam,a00ec21cfbba17b6,Y
Tae Hyun Bang,9a2d3567abc02e34,Leo Kuntz,6905d45bd71b50a9,Y
Seo Hee Ham,165c244bcca3ed26,Cortney Casey,5f179af5fffeb9f6,Y
Fredy Serrano,0ccab7c889ede9ea,Yao Zhikui,5ea918ea81b7dee2,Y
Marco Beltran,ec71a892fada28c7,Guangyou Ning,2c1170b825f58e57,Y
Dominique Steele,68c11c27d4d56572,Dong Hyun Ma,98a6b2361045898f,Y
Neil Magny,84b3e7d38f2d2ec5,Kelvin Gastelum,8c0580d4fff106c1,Y
Ricardo Lamas,3974fa35c917af1d,Diego Sanchez,82e7929bf6c2b689,Y
Henry Cejudo,056c493bbd76a918,Jussier Formiga,b102c26727306ab6,Y
Erick Montano,8163cd7de0342652,Enrique Marin,23a6e307077c6ccc,Y
Enrique Barzola,be0b310a12eb80b4,Horacio Gutierrez,cd85b48dc880fabd,Y
Leandro Silva,159da492e000afbf,Efrain Escudero,83fd97284f4bb4a4,Y
Erik Perez,af62f99eb7606308,Taylor Lapilus,8b1ed83b02303075,Y
Bartosz Fabinski,e17ac6410c8377f4,Hector Urbina,4b8fb0453a596b8e,Y
Alejandro Perez,80daefbed11ce998,Scott Jorgensen,0b64d0fed453ef7f,Y
Andre Fili,8fd808923cffff82,Gabriel Benitez,436f970c9ea9169c,Y
Alvaro Herrera Mendoza,74d35fbc9c6a61bd,Vernon Ramos Ho,30b577b112bef42d,Y
Marco Polo Reyes,edd02825c29028fe,Cesar Arzamendia,49f78022126bf4a4,Y
Michel Prazeres,e51fcd9cd84c0b93,Valmir Lazaro,777dea713da2441d,Y
Holly Holm,634e2fb70bde3fd5,Ronda Rousey,8bdac25ce0bb874d,Y
Joanna Jedrzejczyk,3d6749c4267da18f,Valerie Letourneau,46a2f24feb258ae0,Y
Mark Hunt,eef9b891edbd4604,Antonio Silva,8349d55cdecd393a,Y
Robert Whittaker,e1147d3d2dabe1ce,Uriah Hall,65578a75fa7900e3,Y
Jared Rosholt,91ea901c458e95dd,Stefan Struve,ebc1f40e00e0c481,Y
Jake Matthews,a845f0735bc67405,Akbarh Arreola,c136b2a8852da5bd,Y
Kyle Noke,7339d340aa2889cb,Peter Sobotta,1fcfc3709fe58151,Y
Gian Villante,fcd448a2fe1a23cc,Anthony Perosh,4b4753d19489297f,Y
Danny Martinez,8a9c6c4301f6d088,Richie Vaculik,54578e5927adea53,Y
Daniel Kelly,bdcbb976816fd256,Steve Montgomery,6e92eb1242b46636,Y
Richard Walsh,303a05a7aa3ff761,Steve Kennedy,185fb0200a4605e6,Y
James Moontasri,c06a9b48d4132c8e,Anton Zafir,8c822811eedc11ad,Y
Ben Nguyen,840d2c82ea68b9aa,Ryan Benoit,20999e27ddd94bda,Y
Vitor Belfort,0ee783aa00e468f0,Dan Henderson,1ccf4e7caff270df,Y
Glover Teixeira,7ff97850e8c32bda,Patrick Cummins,e51e5cb722bd47a8,Y
Thomas Almeida,2b074403b7c6cdb4,Anthony Birchak,c5a126ace82a6025,Y
Alex Oliveira,57b10fca4f9c9a7a,Piotr Hallmann,a3be148af5c7b088,Y
Rashid Magomedov,7ea1f74cef32f906,Gilbert Burns,23024fdfc966410a,Y
Corey Anderson,5e4eec08896c9423,Fabio Maldonado,1fb80f46d3c105d9,Y
Abel Trujillo,e14b5aa06eea9653,Gleison Tibau,75e5fec9f72910ef,Y
Johnny Case,1f4b04a926ef1287,Yan Cabral,7cdd3e5d3aa9cb39,Y
Thiago Tavares,8a59d346dc976a10,Clay Guida,c47df9303d318c67,Y
Chas Skelly,4bd6b4800070b069,Edimilson Souza,6c7020b859c7a3ce,Y
Viscardi Andrade,d221ee27afc7a60e,Gasan Umalatov,7a39bbac8cc0fa70,Y
Jimmie Rivera,9c907996820d2d69,Pedro Munhoz,6bd02119599741a4,Y
Matheus Nicolau,1a31ef98efce7a79,Bruno Korea,6c011be66326ad97,Y
Louis Smolka,d2bc285ead803db0,Paddy Holohan,6e7c758f5cdec01a,Y
Norman Parke,14ff46596ad80609,Reza Madadi,e25bcbcdaf6537a1,Y
Nicolas Dalby,9d19d9e4aa2662e8,Darren Till,9ce6d5a03af801b7,N
Neil Seery,49a74b9fb2e45fdf,Jon Delos Reyes,0d0351c20169a499,Y
Stevie Ray,31a13532e724ca2b,Mickael Lebout,c575ab451e3c5b1d,Y
Aisling Daly,e50cd77732d39967,Ericka Almeida,67a992d4cff22466,Y
Krzysztof Jotko,4e06913c91da5200,Scott Askham,06827d70c53ff0d9,Y
Tom Breese,1588b787bda7b540,Cathal Pendred,99c7610aa74995d3,Y
Darren Elkins,92a9aa9c93192871,Robert Whiteford,1dafccb62a0f98ec,Y
Garreth McLellan,f215cfbd4ba3c270,Bubba Bush,132505067f08c54d,Y
Daniel Cormier,d967f0128c323de6,Alexander Gustafsson,3c6976f8182d9527,Y
Ryan Bader,c0ab242c40decc55,Rashad Evans,ee779c43a8926d52,Y
Ruslan Magomedov,369e1ce458ef50a6,Shawn Jordan,ca2efc9d7d523c43,Y
Joseph Benavidez,80eacd4da0617c57,Ali Bagautinov,3dd92ff9fb0412b3,Y
Julianna Pena,3253b16d38ae087d,Jessica Eye,f72465a784c1b084,Y
Yair Rodriguez,cbf5e6f231b55443,Dan Hooker,193b9d1858bc4df3,Y
Albert Tumenov,ff6a1f63c254127e,Alan Jouban,cf65d56b0755ed3b,Y
Adriano Martins,7dcf06c1967801c1,Islam Makhachev,275aca31f61ba28c,Y
Rose Namajunas,47b63240018d5d86,Angela Hill,f0feeb2192937424,Y
Sage Northcutt,ed9d8ee3a4239b1c,Francisco Trevino,97a6bbe6e6566a94,Y
Sergio Pettis,de75d1c45a39e221,Chris Cariaso,b2e3aca4cd363477,Y
Derrick Lewis,d3df1add9d9a7efb,Viktor Pesta,202b0467521c9d6f,Y
Josh Barnett,ad3f53c454cbbead,Roy Nelson,3f7c14c7eca7195d,Y
Uriah Hall,65578a75fa7900e3,Gegard Mousasi,232c582f29f8f65e,Y
Kyoji Horiguchi,98aa60cf58071fd6,Chico Camus,32be4b7f7de1c905,Y
Takeya Mizugaki,48e093ea1f43a053,George Roop,3c0437fbeda06962,Y
Diego Brandao,c2e3e67b5911bfb7,Katsunori Kikuno,44470bfd9483c7ad,Y
Mizuto Hirota,35faad160d346839,Teruto Ishihara,88cd34d836b4ebcd,N
Keita Nakamura,65ddc8a9ac4e8531,Li Jingliang,e64b96c07d7ce999,Y
Nick Hein,2816ced060a21be3,Yusuke Kasuya,3058888c33149a53,Y
Kajan Johnson,633a45d131192ffe,Naoyuki Kotani,bc8f6b42767e28df,Y
Shinsho Anzai,4665f9f909cd7214,Roger Zapata,fe5ca7ef93c3f6a7,Y
Demetrious Johnson,8a304bfd6bf04a57,John Dodson,99506df1af6c8b3b,Y
Andrei Arlovski,3738e68d2261e60f,Frank Mir,1ff9589f9065a9ed,Y
Anthony Johnson,365fee2da473b177,Jimi Manuwa,1e1dbd1cc5a7469e,Y
Corey Anderson,5e4eec08896c9423,Jan Blachowicz,99df7d0a2a08a8a8,Y
Paige VanZant,4d5197f331c47290,Alex Chambers,26b63bc5c0c1f65d,Y
Ross Pearson,4f732e58ed907eff,Paul Felder,e5010b1b94ca5755,Y
John Lineker,c268b2cfebccf652,Francisco Rivera,7ea4a9f07df33a45,Y
Raquel Pennington,fc169c387b4b465d,Jessica Andrade,6a1901c62ab3870f,Y
Tiago dos Santos e Silva,8ce87f7e3a9baed2,Clay Collard,cc900c6a71ed23f3,Y
Joe Riggs,d512d9f204059f57,Ron Stallings,6dd758d34da8d254,Y
Joaquim Silva,ae7fe94f117f98cf,Nazareno Malegarie,d38e8c6ae2dfc051,Y
Max Holloway,150ff4cc642270b9,Charles Oliveira,07225ba28ae309b6,Y
Neil Magny,84b3e7d38f2d2ec5,Erick Silva,5866fc86183a9fb8,Y
Patrick Cote,9fa3bd637edd9aa2,Joshua Burkman,6da99156486ed6c2,Y
Francisco Trinaldo,a8283a4f415e1eb9,Chad Laprise,c03a5022f8439f2a,Y
Olivier Aubin-Mercier,55ee431411ccf07a,Tony Sims,57bad6a84230f0c9,Y
Valerie Letourneau,46a2f24feb258ae0,Maryna Moroz,b4192a975027aab6,Y
Frankie Perez,96c336b463e0662c,Sam Stout,501b07aec9b8fc2d,Y
Felipe Arantes,71002dbc1743b9a7,Yves Jabouin,b4eeac608fc82f88,Y
Nikita Krylov,1091d4d957141094,Marcos Rogerio de Lima,ab943cd2c3c17825,Y
Chris Kelades,56c9acc4e86046a2,Chris Beal,55f446032177b119,Y
Shane Campbell,784285b7ae7dd85f,Elias Silverio,52ba464d9068d871,Y
Misha Cirkunov,67f272324a030d00,Daniel Jolly,eeabcd4dc6619129,Y
Glover Teixeira,7ff97850e8c32bda,Ovince Saint Preux,50db8711c70196cd,Y
Beneil Dariush,08af939f41b5a57b,Michael Johnson,511e82663651438d,Y
Derek Brunson,b1a3e0aca758b322,Sam Alvey,d156513a19acf856,Y
Jared Rosholt,91ea901c458e95dd,Timothy Johnson,cc900af167fbedfd,Y
Amanda Nunes,80fa8218c99f9c58,Sara McMann,7be74a12d7352df2,Y
Ray Borg,a4de54ea806fb525,Geane Herrera,c169545ab0825f44,Y
Uriah Hall,65578a75fa7900e3,Oluwale Bamgbose,04b39f4e8eb59d7c,Y
Chris Camozzi,6c2030e0a143a94b,Tom Watson,6809c31286b08d97,Y
Dustin Ortiz,f53c1f4ceeed8c08,Willie Gates,6ded9184b2284645,Y
Frankie Saenz,9ba2226646046b63,Sirwan Kakai,2525a853486ee670,Y
Jonathan Wilson,cd01f0b768a32475,Chris Dempsey,dfae5da5676e4194,Y
Marlon Vera,7c7332319c14094c,Roman Salazar,72c4b253d2f5ebf2,Y
Scott Holtzman,df1eb4354d18a906,Anthony Christodoulou,4f11e9ce318ffbcb,Y
Ronda Rousey,8bdac25ce0bb874d,Bethe Correia,673ea7dcc786b1b3,Y
Mauricio Rua,140745cbbcb023ac,Rogerio Nogueira,73e09f837f3b5ecc,Y
Glaico Franca Moreira,00a3ff40c4b2cf21,Fernando Bruno,b8c0f30ee9a98b69,Y
Reginaldo Vieira,f9081770e28ea2e1,Dileno Lopes,8270c00fae24c922,Y
Stefan Struve,ebc1f40e00e0c481,Antonio Rodrigo Nogueira,ee9d73f4fee9cbdd,Y
Antonio Silva,8349d55cdecd393a,Soa Palelei,60029bcf496bd707,Y
Claudia Gadelha,ec34349e7dffcde7,Jessica Aguilar,8f382b3baa954d2a,Y
Demian Maia,427b5953ac8e3a27,Neil Magny,84b3e7d38f2d2ec5,Y
Patrick Cummins,e51e5cb722bd47a8,Rafael Cavalcante,5c1ca0c72b599a3c,Y
Warlley Alves,d317a5e2b3f88c5f,Nordine Taleb,49858bf46dabf6fb,Y
Iuri Alcantara,2f95a3c6d58b2aad,Leandro Issa,d1e1fdcea7c8a90a,Y
Vitor Miranda,4bcb6eb12b4ad4aa,Clint Hester,92b62174c175ce19,Y
Guido Cannetti,d05412b513b19621,Hugo Viana,f95381efb3051d81,Y
TJ Dillashaw,c849740a3ff51931,Renan Barao,2c99576fefe53c7c,Y
Miesha Tate,b96619b3acd7d9da,Jessica Eye,f72465a784c1b084,Y
Edson Barboza,64a50dad704d1d49,Paul Felder,e5010b1b94ca5755,Y
Joe Lauzon,3bad7ef643840f67,Takanori Gomi,3be081c29bf734d9,Y
Tom Lawlor,4d44f37107f01b9b,Gian Villante,fcd448a2fe1a23cc,Y
Jim Miller,d1941565abf50b16,Danny Castillo,d1e7fc58d4225cdf,Y
Ben Saunders,484acc7b0f856ce9,Kenny Robertson,6e0273f9478be71e,Y
Bryan Caraway,5ef0088c1b19beeb,Eddie Wineland,fc9a9559a05f2704,Y
James Krause,8f6a18831a120817,Daron Cruickshank,5f99b2bafb10305f,Y
Andrew Holbrook,66ab58d0b3783607,Ramsey Nijem,22aa91e402d0fe1f,Y
Elizabeth Phillips,dcbf01d605681ad1,Jessamyn Duke,a7ddae0be8b78147,Y
Zak Cummings,4ba8d454f762005d,Dominique Steele,68c11c27d4d56572,Y
Michael Bisping,2b93ebd9f5417ad2,Thales Leites,cfb65863d5099327,Y
Evan Dunham,e5c9de15bb58b1c6,Ross Pearson,4f732e58ed907eff,Y
Joe Duffy,654ae722109a0d31,Ivan Jorge,19db7ac26308178f,Y
Joanne Wood,12f91bfa8f1f723b,Cortney Casey,5f179af5fffeb9f6,Y
Leon Edwards,f1fac969a1d70b08,Pawel Pawlak,9310418684bc896f,Y
Stevie Ray,31a13532e724ca2b,Leonardo Mafra,8bbc0cfc01bc1ba1,Y
Paddy Holohan,6e7c758f5cdec01a,Vaughan Lee,8bb6f4479685bbcc,Y
Ilir Latifi,e9a3aeb207578eea,Hans Stringer,523f6ad11dbe9b53,Y
Mickael Lebout,c575ab451e3c5b1d,Teemu Packalen,8f4eeaf7a0df7c1a,Y
Robert Whiteford,1dafccb62a0f98ec,Paul Redmond,3f56b99447f00607,Y
Jimmie Rivera,9c907996820d2d69,Marcus Brimage,81801f57bd0a7c41,Y
Daniel Omielanczuk,470fedbc8563ac47,Chris de la Rocha,e51ee8ded927fc51,Y
Frank Mir,1ff9589f9065a9ed,Todd Duffee,bda04c573563cc2e,Y
Tony Ferguson,22a92d7f62195791,Josh Thomson,a566371ba2ad7152,Y
Holly Holm,634e2fb70bde3fd5,Marion Reneau,c7d297714d9ab1a4,Y
Manvel Gamburyan,cc6f9d1e89f3449a,Scott Jorgensen,0b64d0fed453ef7f,Y
Kevin Lee,ee9ebceabfd16fa7,James Moontasri,c06a9b48d4132c8e,Y
Alan Jouban,cf65d56b0755ed3b,Matt Dwyer,8f0d576beba1cfcd,Y
Sam Sicilia,b8aef0faf4ce9b31,Yaotzin Meza,3623bd267a2eef2e,Y
Jessica Andrade,6a1901c62ab3870f,Sarah Moras,539ed332b3078821,Y
Rani Yahya,94527830000ab715,Masanori Kanehara,f3a078277b3b8ff4,Y
Sean Strickland,0d8011111be000b2,Igor Araujo,dbea8c1cb327ab3d,Y
Kevin Casey,8d9586726252dbf7,Ildemar Alcantara,7c6e87729e824ef4,Y
Lyman Good,4e0692ad070976e4,Andrew Craig,8a70ceb3edbe757b,Y
Stephen Thompson,4a28cb716c19157a,Jake Ellenberger,d81ac739417d7f53,Y
Kamaru Usman,f1b2aa7853d1ed6e,Hayder Hassan,cf615eb4b7862c76,Y
Michael Graves,3f1d23b01c552a13,Vicente Luque,6d4b63c767106d3a,Y
Jorge Masvidal,47b9e0e7703a4868,Cezar Ferreira,dbc17725b887860a,Y
Michelle Waterson-Gomez,eb04b9d31e938edb,Angela Magana,bd878a638e0e3be3,Y
Maximo Blanco,4a1329cc8eb0928a,Mike de la Torre,1971869b7e054261,Y
Josh Samman,9deff9e3e8d94d47,Caio Magalhaes,0c5c66ddd1886b83,Y
Jerrod Sanders,12f1b140e248bdb9,Russell Doane,f50d95223751e6ca,Y
Trevor Smith,f797f0c57a83353e,Dan Miller,d0c29452d3272603,Y
George Sullivan,6c7e25571490aa3b,Dominic Waters,2de91c2244ad7e89,Y
Willie Gates,6ded9184b2284645,Darrell Montague,bffeb123b21c9aad,Y
Conor McGregor,f4c49976c75c5ab2,Chad Mendes,b5b684eac99ae0a3,Y
Robbie Lawler,f2925e6db404bf1d,Rory MacDonald,cbd5d3cdd862e90e,Y
Jeremy Stephens,18968f97ad34f15c,Dennis Bermudez,6f242453c91a5af0,Y
Gunnar Nelson,fd55393021a8c255,Brandon Thatch,638cfec7ec559d6e,Y
Thomas Almeida,2b074403b7c6cdb4,Brad Pickett,c945adc22c2bfe8f,Y
Matt Brown,31123249b0bbf52e,Tim Means,4b47e71384a9522f,Y
Alex Garcia,a2b12c3f3d60ff69,Mike Swick,9fe85152f351e737,Y
John Howard,fc31f896cde2bc2e,Cathal Pendred,99c7610aa74995d3,Y
Cody Garbrandt,d8c7c61b176e3994,Henry Briones,01fcef7e3d051722,Y
Louis Smolka,d2bc285ead803db0,Neil Seery,49a74b9fb2e45fdf,Y
Cody Pfister,5904b0b38dc6718d,Yosdenis Cedeno,3e61082025db8137,Y
Yoel Romero,f77c68bb4be8516d,Lyoto Machida,f7a7f7118d4b01b6,Y
Lorenz Larkin,9450848a71d53776,Santiago Ponzinibbio,6d1bffff14897645,Y
Antonio Carlos Junior,52e76bb4b3e852f3,Eddie Gordon,8cad40a75e5c97f5,Y
Thiago Santos,dea070ed4a2a8281,Steve Bosse,e023fa2e648ea0f1,Y
Hacran Dias,ed209f6618c82e41,Levan Makashvili,938ad489fb7a1f31,Y
Alex Oliveira,57b10fca4f9c9a7a,Joe Merritt,e82d5f54daa85a7e,Y
Leandro Silva,159da492e000afbf,Lewis Gonzalez,2ff2e6e5abea3e53,Y
Tony Sims,57bad6a84230f0c9,Steve Montgomery,6e92eb1242b46636,Y
Sirwan Kakai,2525a853486ee670,Danny Martinez,8a9c6c4301f6d088,Y
Joanna Jedrzejczyk,3d6749c4267da18f,Jessica Penne,c742287ed86a09bc,Y
Tatsuya Kawajiri,80d918336163b80c,Dennis Siver,5f87a5c00b3d17ed,Y
Peter Sobotta,1fcfc3709fe58151,Steve Kennedy,185fb0200a4605e6,Y
Nick Hein,2816ced060a21be3,Lukasz Sajewski,fb41432b622992a9,Y
Makwan Amirkhani,87a1dc546b1c5caf,Masio Fullen,4638cc6479cc0afe,Y
Mairbek Taisumov,8f5c8850b2484173,Alan Patrick,cd7763bcadb5d4c8,Y
Arnold Allen,040a74bb0a465c54,Alan Omer,f2ad06f1007c481a,Y
Noad Lahat,9f755fb04cc21499,Niklas Backstrom,39cc64bf0a269db9,Y
Scott Askham,06827d70c53ff0d9,Antonio Dos Santos,81b8b3fb019dc69d,Y
Magomed Mustafaev,31d7446b184e3305,Piotr Hallmann,a3be148af5c7b088,Y
Taylor Lapilus,8b1ed83b02303075,Yuta Sasaki,7c3c48cf54a2848e,Y
Fabricio Werdum,492b202d2064e7a9,Cain Velasquez,0ff11cc094e887bc,Y
Eddie Alvarez,33a331684283900f,Gilbert Melendez,aa5b4eff51bdc7d1,Y
Kelvin Gastelum,8c0580d4fff106c1,Nate Marquardt,a8e6a69796280f17,Y
Yair Rodriguez,cbf5e6f231b55443,Charles Rosa,40093d1d2d78394e,Y
Tecia Pennington,31ef8b67e13495b3,Angela Hill,f0feeb2192937424,Y
Henry Cejudo,056c493bbd76a918,Chico Camus,32be4b7f7de1c905,Y
Efrain Escudero,83fd97284f4bb4a4,Drew Dober,519e4fe37ce9ff75,Y
Patrick Williams,39330403ad27c2bb,Alejandro Perez,80daefbed11ce998,Y
Johnny Case,1f4b04a926ef1287,Francisco Trevino,97a6bbe6e6566a94,Y
Cathal Pendred,99c7610aa74995d3,Augusto Montano,94508d80e1f885fc,Y
Gabriel Benitez,436f970c9ea9169c,Clay Collard,cc900c6a71ed23f3,Y
Dan Henderson,1ccf4e7caff270df,Tim Boetsch,c80095f6092271a7,Y
Ben Rothwell,bd58d34e39b7b12a,Matt Mitrione,ba280572acfba13f,Y
Dustin Poirier,029eaff01e6bb8f0,Yancy Medeiros,813550bc53b15fb0,Y
Brian Ortega,def8166ff24bd237,Thiago Tavares,8a59d346dc976a10,Y
Anthony Birchak,c5a126ace82a6025,Joe Soto,a4e85a58fbce64b2,Y
Francisco Rivera,7ea4a9f07df33a45,Alex Caceres,7aa3d6964eff4877,Y
Shawn Jordan,ca2efc9d7d523c43,Derrick Lewis,d3df1add9d9a7efb,Y
Omari Akhmedov,16690d100f995f8f,Brian Ebersole,32ba186f4b0e3267,Y
Chris Wade,c8097968da5e5f13,Christos Giagos,de45aaae23dfa392,Y
Joe Proctor,a36556bb1565e32d,Justin Edwards,e56daf7725a0b5ab,Y
Jake Collier,92fa1401b7927da3,Ricardo Abreu,aa6e591c2a2cdecd,Y
Jose Quinonez,36549928f90f1d36,Leonardo Morales,45230be0641f3f53,Y
Carlos Condit,f9f07bb5a43535ed,Thiago Alves,31ee470ef5dc8d7f,Y
Charles Oliveira,07225ba28ae309b6,Nik Lentz,6fb1ba67bef41b37,Y
Alex Oliveira,57b10fca4f9c9a7a,KJ Noons,b7ffa72aa148599a,Y
Francimar Barroso,b69f24c500d783e7,Ryan Jimmo,bc3ec52ef70fc155,Y
Francisco Trinaldo,a8283a4f415e1eb9,Norman Parke,14ff46596ad80609,Y
Darren Till,9ce6d5a03af801b7,Wendell Oliveira Marques,32c03df3c9760069,Y
Rony Jason,b71ce838b01f2cad,Damon Jackson,29af297d9f1de0f8,N
Jussier Formiga,b102c26727306ab6,Wilson Reis,5aedf14771ca82d2,Y
Nicolas Dalby,9d19d9e4aa2662e8,Elizeu Zaleski dos Santos,8adcbd525fab8d9b,Y
Mirsad Bektic,cbd3e590a85b18c5,Lucas Martins,7413b80dbb0f8f9f,Y
Juliana Lima,75a6a390fd5dca46,Ericka Almeida,67a992d4cff22466,Y
Tom Breese,1588b787bda7b540,Luiz Dutra,2153a7f8396a46cc,Y
Daniel Cormier,d967f0128c323de6,Anthony Johnson,365fee2da473b177,Y
Chris Weidman,3a8176e15b9887c1,Vitor Belfort,0ee783aa00e468f0,Y
Donald Cerrone,1d00756835ca67c9,John Makdessi,c21a036b4e012f1c,Y
Andrei Arlovski,3738e68d2261e60f,Travis Browne,3236bf606fe9fa5b,Y
Joseph Benavidez,80eacd4da0617c57,John Moraga,92437c6775b3f7d1,Y
John Dodson,99506df1af6c8b3b,Zach Makovsky,57ab4d7c0bc09a30,Y
Dong Hyun Kim,9bcf8603ceb25680,Joshua Burkman,6da99156486ed6c2,Y
Rafael Natal,0dba4df5f34d5ff0,Uriah Hall,65578a75fa7900e3,Y
Colby Covington,dc9572dd6ec74859,Mike Pyle,f5990c11974d8e9c,Y
Islam Makhachev,275aca31f61ba28c,Leo Kuntz,6905d45bd71b50a9,Y
Justin Scoggins,9fa568ad2bf2cb0b,Josh Sampo,f65dcb22dada2223,Y
Frankie Edgar,f2688492b9a525a3,Urijah Faber,78114b7199cef90c,Y
Gegard Mousasi,232c582f29f8f65e,Constantinos Philippou,05560764359161e4,Y
Mark Munoz,179f1948dc234f1f,Luke Barnatt,172c2135e70f87b7,Y
Neil Magny,84b3e7d38f2d2ec5,Hyun Gyu Lim,203c957eac95dd87,Y
Phillipe Nover,64360e618823a8e4,Yui Chul Nam,a00ec21cfbba17b6,Y
Levan Makashvili,938ad489fb7a1f31,Mark Eddiva,40ff198adda94b9f,Y
Jon Tuck,53ec9cb470e1a4ea,Tae Hyun Bang,9a2d3567abc02e34,Y
Kajan Johnson,633a45d131192ffe,Zhang Lipeng,7b310409440c9102,Y
Li Jingliang,e64b96c07d7ce999,Dhiego Lima,e9213f53ddeca978,Y
Guangyou Ning,2c1170b825f58e57,Royston Wee,b9c03e7a4557e542,Y
Jon Delos Reyes,0d0351c20169a499,Roldan Sangcha'an,57887765f831e228,Y
Yao Zhikui,5ea918ea81b7dee2,Nolan Ticman,9eb069062a0cfc13,Y
Stipe Miocic,d28dee5c705991df,Mark Hunt,eef9b891edbd4604,Y
Robert Whittaker,e1147d3d2dabe1ce,Brad Tavares,0c6d9ea8306c029e,Y
Sean O'Connell,cb52f9490c2dc069,Anthony Perosh,4b4753d19489297f,Y
James Vick,6256b2b1562cb8e1,Jake Matthews,a845f0735bc67405,Y
Dan Hooker,193b9d1858bc4df3,Hatsu Hioki,ef7fa30364cbe7f2,Y
Kyle Noke,7339d340aa2889cb,Jonavin Webb,f40ec51dd4de47c3,Y
Sam Alvey,d156513a19acf856,Daniel Kelly,bdcbb976816fd256,Y
Bec Rawlings,907e60fd13407e1e,Lisa Ellis,77350fd0e6d1dba8,Y
Brad Scott,34e552520a934063,Dylan Andrews,00debc804e2b1cd4,Y
Alex Chambers,26b63bc5c0c1f65d,Kailin Curran,05b43e0ead3df345,Y
Brendan O'Reilly,494b0bfdbac74502,Vik Grujic,1e7483dbff40b84b,Y
Ben Nguyen,840d2c82ea68b9aa,Alptekin Ozkilic,e18a19001a3f7c7d,Y
Demetrious Johnson,8a304bfd6bf04a57,Kyoji Horiguchi,98aa60cf58071fd6,Y
Quinton Jackson,ffc088e64fab57e9,Fabio Maldonado,1fb80f46d3c105d9,Y
Michael Bisping,2b93ebd9f5417ad2,CB Dollaway,5d7bdab5e03e3216,Y
John Makdessi,c21a036b4e012f1c,Shane Campbell,784285b7ae7dd85f,Y
Thomas Almeida,2b074403b7c6cdb4,Yves Jabouin,b4eeac608fc82f88,Y
Patrick Cote,9fa3bd637edd9aa2,Joe Riggs,d512d9f204059f57,Y
Alexis Davis,4c2d90e335e6df19,Sarah Kaufman,36df8e119aec6175,Y
Chad Laprise,c03a5022f8439f2a,Bryan Barberena,a331233f597090a5,Y
Olivier Aubin-Mercier,55ee431411ccf07a,David Michaud,49f4b511932f71e9,Y
Nordine Taleb,49858bf46dabf6fb,Chris Clements,e5ecaf884b6da2bc,Y
Valerie Letourneau,46a2f24feb258ae0,Jessica Rakoczy,ffdeb4fbea09ce75,Y
Randa Markos,4a57ebb14315b251,Aisling Daly,e50cd77732d39967,Y
Luke Rockhold,00e11b5c8b7bfeeb,Lyoto Machida,f7a7f7118d4b01b6,Y
Jacare Souza,7a703c565ccaa18f,Chris Camozzi,6c2030e0a143a94b,Y
Max Holloway,150ff4cc642270b9,Cub Swanson,d247691a6c0e9034,Y
Paige VanZant,4d5197f331c47290,Felice Herrig,b6850671a008bf9a,Y
Beneil Dariush,08af939f41b5a57b,Jim Miller,d1941565abf50b16,Y
Ovince Saint Preux,50db8711c70196cd,Patrick Cummins,e51e5cb722bd47a8,Y
Gian Villante,fcd448a2fe1a23cc,Corey Anderson,5e4eec08896c9423,Y
Aljamain Sterling,cb696ebfb6598724,Takeya Mizugaki,48e093ea1f43a053,Y
Tim Means,4b47e71384a9522f,George Sullivan,6c7e25571490aa3b,Y
Diego Brandao,c2e3e67b5911bfb7,Jimy Hettes,893d51aaf024eddd,Y
Chris Dempsey,dfae5da5676e4194,Eddie Gordon,8cad40a75e5c97f5,Y
Mirko Filipovic,c32fb8c0f6471a4d,Gabriel Gonzaga,270b89c00ef0c55c,Y
Jimi Manuwa,1e1dbd1cc5a7469e,Jan Blachowicz,99df7d0a2a08a8a8,Y
Pawel Pawlak,9310418684bc896f,Sheldon Westcott,ec2d13a87d3d9541,Y
Maryna Moroz,b4192a975027aab6,Joanne Wood,12f91bfa8f1f723b,Y
Leon Edwards,f1fac969a1d70b08,Seth Baczynski,fd5b6598a3b70c0a,Y
Bartosz Fabinski,e17ac6410c8377f4,Garreth McLellan,f215cfbd4ba3c270,Y
Sergio Moraes,1bcaac2d99b90fce,Mickael Lebout,c575ab451e3c5b1d,Y
Yaotzin Meza,3623bd267a2eef2e,Damian Stasiak,42a7e90605df3c8a,Y
Anthony Hamilton,c727c7d31c50c4cf,Daniel Omielanczuk,470fedbc8563ac47,Y
Aleksandra Albu,e76d9f656ceb82ab,Izabela Badurek,4fcf6e0c4e0e6664,Y
Stevie Ray,31a13532e724ca2b,Marcin Bandel,5c2ce761399dc9c5,Y
Taylor Lapilus,8b1ed83b02303075,Rocky Lee,0d1c163b206e8c5f,Y
Chad Mendes,b5b684eac99ae0a3,Ricardo Lamas,3974fa35c917af1d,Y
Al Iaquinta,59279a7c978f7da0,Jorge Masvidal,47b9e0e7703a4868,Y
Michael Chiesa,c58f51dedb310998,Mitch Clarke,c76ec2bc3a57666a,Y
Julianna Pena,3253b16d38ae087d,Milana Dudieva,072a10e85f7d4bff,Y
Clay Guida,c47df9303d318c67,Robert Peralta,960d6cae8879ba2b,Y
Dustin Poirier,029eaff01e6bb8f0,Diego Ferreira,f53d4f21d1b5f2dc,Y
Liz Carmouche,51a0c09cbe9b8472,Lauren Murphy,729d4bd5a6cd0a97,Y
Alexander Yakovlev,d06f8869449ba7bd,Gray Maynard,7d96bc577e5178b2,Y
Timothy Johnson,cc900af167fbedfd,Shamil Abdurakhimov,2f5cbecbbe18bac4,Y
Ron Stallings,6dd758d34da8d254,Justin Jones,9b75954db8db2a08,Y
Demian Maia,427b5953ac8e3a27,Ryan LaFlare,4c7781da8c6cae93,Y
Erick Silva,5866fc86183a9fb8,Josh Koscheck,dd37fd509af89f15,Y
Leonardo Santos,9c65736747ca92ec,Anthony Rocco Martin,5331b25a60417ffb,Y
Amanda Nunes,80fa8218c99f9c58,Shayna Baszler,8ef4a91ac694b7ce,Y
Gilbert Burns,23024fdfc966410a,Alex Oliveira,57b10fca4f9c9a7a,Y
Godofredo Pepey,fa37628269132d1a,Andre Fili,8fd808923cffff82,Y
Francisco Trinaldo,a8283a4f415e1eb9,Akbarh Arreola,c136b2a8852da5bd,Y
Edimilson Souza,6c7020b859c7a3ce,Katsunori Kikuno,44470bfd9483c7ad,Y
Leandro Silva,159da492e000afbf,Drew Dober,519e4fe37ce9ff75,N
Leonardo Mafra,8bbc0cfc01bc1ba1,Cain Carrizosa,064b7dc68d786254,Y
Christos Giagos,de45aaae23dfa392,Jorge de Oliveira,ddf3e0ea10ea6d8c,Y
Fredy Serrano,0ccab7c889ede9ea,Bentley Syler,abd2109bc4cb0291,Y
Rafael Dos Anjos,6a2f7c151031653d,Anthony Pettis,cbb682f5fcc44bfc,Y
Joanna Jedrzejczyk,3d6749c4267da18f,Carla Esparza,d910665038efc639,Y
Johny Hendricks,0941df56f6ac954b,Matt Brown,31123249b0bbf52e,Y
Alistair Overeem,b4ad3a06ee4d660c,Roy Nelson,3f7c14c7eca7195d,Y
Henry Cejudo,056c493bbd76a918,Chris Cariaso,b2e3aca4cd363477,Y
Ross Pearson,4f732e58ed907eff,Sam Stout,501b07aec9b8fc2d,Y
Elias Theodorou,34f88592c0ab7a54,Roger Narvaez,3a12a2f096a6d975,Y
Beneil Dariush,08af939f41b5a57b,Daron Cruickshank,5f99b2bafb10305f,Y
Jared Rosholt,91ea901c458e95dd,Josh Copeland,3aa794cbe1e3484b,Y
Ryan Benoit,20999e27ddd94bda,Sergio Pettis,de75d1c45a39e221,Y
Joe Duffy,654ae722109a0d31,Jake Lindsey,33e00249ef08d3a4,Y
Germaine de Randamie,1d239d571e342453,Larissa Pacheco,16b89be2f5c16fba,Y
Ronda Rousey,8bdac25ce0bb874d,Cat Zingano,3ecd936bd8814108,Y
Holly Holm,634e2fb70bde3fd5,Raquel Pennington,fc169c387b4b465d,Y
Jake Ellenberger,d81ac739417d7f53,Josh Koscheck,dd37fd509af89f15,Y
Alan Jouban,cf65d56b0755ed3b,Richard Walsh,303a05a7aa3ff761,Y
Tony Ferguson,22a92d7f62195791,Gleison Tibau,75e5fec9f72910ef,Y
Roan Carneiro,1c86754617d9813a,Mark Munoz,179f1948dc234f1f,Y
Roman Salazar,72c4b253d2f5ebf2,Norifumi Yamamoto,4834ff149dc9542a,N
Tim Means,4b47e71384a9522f,Dhiego Lima,e9213f53ddeca978,Y
Derrick Lewis,d3df1add9d9a7efb,Ruan Potts,7e208569469c8bc8,Y
Valmir Lazaro,777dea713da2441d,James Krause,8f6a18831a120817,Y
Masio Fullen,4638cc6479cc0afe,Alex Torres,e4e0f310b3cf23a8,Y
Frank Mir,1ff9589f9065a9ed,Antonio Silva,8349d55cdecd393a,Y
Michael Johnson,511e82663651438d,Edson Barboza,64a50dad704d1d49,Y
Sam Alvey,d156513a19acf856,Cezar Ferreira,dbc17725b887860a,Y
Adriano Martins,7dcf06c1967801c1,Rustam Khabilov,9b7694d064a8a0ad,Y
Frankie Saenz,9ba2226646046b63,Iuri Alcantara,2f95a3c6d58b2aad,Y
Santiago Ponzinibbio,6d1bffff14897645,Sean Strickland,0d8011111be000b2,Y
Marion Reneau,c7d297714d9ab1a4,Jessica Andrade,6a1901c62ab3870f,Y
Matt Dwyer,8f0d576beba1cfcd,William Macario,ed74afc8b5b47a61,Y
Mike de la Torre,1971869b7e054261,Tiago dos Santos e Silva,8ce87f7e3a9baed2,Y
Douglas Silva de Andrade,3a314d9fa7c6825d,Cody Gibson,700a674c042b7a96,Y
Ivan Jorge,19db7ac26308178f,Josh Shockley,1d36f1ac66cf689d,Y
Benson Henderson,2676b28836a5a836,Brandon Thatch,638cfec7ec559d6e,Y
Max Holloway,150ff4cc642270b9,Cole Miller,282fa667ff9c51ed,Y
Neil Magny,84b3e7d38f2d2ec5,Kiichi Kunimoto,71df36d6d8cf0d74,Y
Daniel Kelly,bdcbb976816fd256,Patrick Walsh,b4c96c3d9139bf0e,Y
Kevin Lee,ee9ebceabfd16fa7,Michel Prazeres,e51fcd9cd84c0b93,Y
Ray Borg,a4de54ea806fb525,Chris Kelades,56c9acc4e86046a2,Y
Efrain Escudero,83fd97284f4bb4a4,Rodrigo de Lima,a4dc47001f202bcd,Y
Chas Skelly,4bd6b4800070b069,Jim Alers,fe5a9547479396ab,Y
Zach Makovsky,57ab4d7c0bc09a30,Tim Elliott,c96d9178c9ed9e62,Y
James Moontasri,c06a9b48d4132c8e,Cody Pfister,5904b0b38dc6718d,Y
Anderson Silva,1f454354805b6f75,Nick Diaz,f57a8a52ca401ed9,N
Tyron Woodley,effd9de9937996f8,Kelvin Gastelum,8c0580d4fff106c1,Y
Al Iaquinta,59279a7c978f7da0,Joe Lauzon,3bad7ef643840f67,Y
Thales Leites,cfb65863d5099327,Tim Boetsch,c80095f6092271a7,Y
Thiago Alves,31ee470ef5dc8d7f,Jordan Mein,2aa49b3766a59bcd,Y
Miesha Tate,b96619b3acd7d9da,Sara McMann,7be74a12d7352df2,Y
Derek Brunson,b1a3e0aca758b322,Ed Herman,06f36cf4bd97ec77,Y
John Lineker,c268b2cfebccf652,Ian McCall,701e057d63c124d9,Y
Rafael Natal,0dba4df5f34d5ff0,Tom Watson,6809c31286b08d97,Y
Ildemar Alcantara,7c6e87729e824ef4,Richardson Moreira,9147679e1a4ad4a3,Y
Thiago Santos,dea070ed4a2a8281,Andy Enz,993d385f5a475375,Y
Anthony Johnson,365fee2da473b177,Alexander Gustafsson,3c6976f8182d9527,Y
Gegard Mousasi,232c582f29f8f65e,Dan Henderson,1ccf4e7caff270df,Y
Ryan Bader,c0ab242c40decc55,Phil Davis,902ab9197b83d0db,Y
Sam Sicilia,b8aef0faf4ce9b31,Akira Corassani,3f52ce18fb98008f,Y
Albert Tumenov,ff6a1f63c254127e,Nicholas Musoke,8b5f9ea38184ded3,Y
Kenny Robertson,6e0273f9478be71e,Sultan Aliev,e70de1859b7ee78e,Y
Makwan Amirkhani,87a1dc546b1c5caf,Andy Ogle,b6c4451cb13c9303,Y
Nikita Krylov,1091d4d957141094,Stanislav Nedkov,1d4bbaabd8b60173,Y
Mairbek Taisumov,8f5c8850b2484173,Anthony Christodoulou,4f11e9ce318ffbcb,Y
Mirsad Bektic,cbd3e590a85b18c5,Paul Redmond,3f56b99447f00607,Y
Viktor Pesta,202b0467521c9d6f,Konstantin Erokhin,22061ff217907c78,Y
Neil Seery,49a74b9fb2e45fdf,Chris Beal,55f446032177b119,Y
Conor McGregor,f4c49976c75c5ab2,Dennis Siver,5f87a5c00b3d17ed,Y
Donald Cerrone,1d00756835ca67c9,Benson Henderson,2676b28836a5a836,Y
Uriah Hall,65578a75fa7900e3,Ron Stallings,6dd758d34da8d254,Y
Gleison Tibau,75e5fec9f72910ef,Norman Parke,14ff46596ad80609,Y
Cathal Pendred,99c7610aa74995d3,Sean Spencer,ab850a77a0fa487d,Y
Lorenz Larkin,9450848a71d53776,John Howard,fc31f896cde2bc2e,Y
Chris Wade,c8097968da5e5f13,Zhang Lipeng,7b310409440c9102,Y
Paddy Holohan,6e7c758f5cdec01a,Shane Howell,a7de976620f2ed13,Y
Johnny Case,1f4b04a926ef1287,Frankie Perez,96c336b463e0662c,Y
Charles Rosa,40093d1d2d78394e,Sean Soriano,bd5403efbaa445c0,Y
Sean O'Connell,cb52f9490c2dc069,Matt Van Buren,7b39035fae7268b8,Y
Joby Sanchez,b12fc8a41e82d3a2,Tateki Matsuda,3a524c6700addc24,Y
Jon Jones,07f72a2a7591b409,Daniel Cormier,d967f0128c323de6,Y
Donald Cerrone,1d00756835ca67c9,Myles Jury,08e908ed6d18d6a0,Y
Brad Tavares,0c6d9ea8306c029e,Nate Marquardt,a8e6a69796280f17,Y
Kyoji Horiguchi,98aa60cf58071fd6,Louis Gaudinot,b72a60a0cadff408,Y
Hector Lombard,db1f2ed63b54b9a7,Joshua Burkman,6da99156486ed6c2,N
Paul Felder,e5010b1b94ca5755,Danny Castillo,d1e7fc58d4225cdf,Y
Cody Garbrandt,d8c7c61b176e3994,Marcus Brimage,81801f57bd0a7c41,Y
Shawn Jordan,ca2efc9d7d523c43,Jared Cannonier,13a0275fa13c4d26,Y
Evan Dunham,e5c9de15bb58b1c6,Rodrigo Damm,a20d7dfaba74c067,Y
Omari Akhmedov,16690d100f995f8f,Mats Nilsson,a9bcf8717dd12532,Y
Marion Reneau,c7d297714d9ab1a4,Alexis Dufresne,4ae4049426e0161d,Y
Lyoto Machida,f7a7f7118d4b01b6,CB Dollaway,5d7bdab5e03e3216,Y
Renan Barao,2c99576fefe53c7c,Mitch Gagnon,b8592b4a383696cd,Y
Patrick Cummins,e51e5cb722bd47a8,Antonio Carlos Junior,52e76bb4b3e852f3,Y
Rashid Magomedov,7ea1f74cef32f906,Elias Silverio,52ba464d9068d871,Y
Erick Silva,5866fc86183a9fb8,Mike Rhodes,b7ad576b8ae115e6,Y
Daniel Sarafian,7e47047d0971d566,Antonio Dos Santos,81b8b3fb019dc69d,Y
Marcos Rogerio de Lima,ab943cd2c3c17825,Igor Pokrajac,53278852bcd91e11,Y
Renato Moicano,b6452706b373eea1,Tom Niinimaki,5fceb45939fc0c8a,Y
Hacran Dias,ed209f6618c82e41,Darren Elkins,92a9aa9c93192871,Y
Leandro Issa,d1e1fdcea7c8a90a,Yuta Sasaki,7c3c48cf54a2848e,Y
Tim Means,4b47e71384a9522f,Marcio Alexandre Junior,d53482bef23235ba,Y
Vitor Miranda,4bcb6eb12b4ad4aa,Jake Collier,92fa1401b7927da3,Y
Junior Dos Santos,63def5a5662a6917,Stipe Miocic,d28dee5c705991df,Y
Rafael Dos Anjos,6a2f7c151031653d,Nate Diaz,8355922d564b152c,Y
Alistair Overeem,b4ad3a06ee4d660c,Stefan Struve,ebc1f40e00e0c481,Y
Matt Mitrione,ba280572acfba13f,Gabriel Gonzaga,270b89c00ef0c55c,Y
Joanna Jedrzejczyk,3d6749c4267da18f,Claudia Gadelha,ec34349e7dffcde7,Y
John Moraga,92437c6775b3f7d1,Willie Gates,6ded9184b2284645,Y
Ben Saunders,484acc7b0f856ce9,Joe Riggs,d512d9f204059f57,Y
Drew Dober,519e4fe37ce9ff75,Jamie Varner,a54fc2d6fc224dc3,Y
Bryan Barberena,a331233f597090a5,Joe Ellenberger,8e8e4487c621aa1c,Y
David Michaud,49f4b511932f71e9,Garett Whiteley,129537073431e52e,Y
Henry Cejudo,056c493bbd76a918,Dustin Kimura,fe91d254db77a7fc,Y
Ian Entwistle,d7adfcfdf7c6c1f8,Anthony Birchak,c5a126ace82a6025,Y
Carla Esparza,d910665038efc639,Rose Namajunas,47b63240018d5d86,Y
Charles Oliveira,07225ba28ae309b6,Jeremy Stephens,18968f97ad34f15c,Y
KJ Noons,b7ffa72aa148599a,Daron Cruickshank,5f99b2bafb10305f,N
Yancy Medeiros,813550bc53b15fb0,Joe Proctor,a36556bb1565e32d,Y
Jessica Penne,c742287ed86a09bc,Randa Markos,4a57ebb14315b251,Y
Felice Herrig,b6850671a008bf9a,Lisa Ellis,77350fd0e6d1dba8,Y
Heather Clark,dd4c16777fb2ccf9,Bec Rawlings,907e60fd13407e1e,Y
Joanne Wood,12f91bfa8f1f723b,Seo Hee Ham,165c244bcca3ed26,Y
Tecia Pennington,31ef8b67e13495b3,Angela Magana,bd878a638e0e3be3,Y
Aisling Daly,e50cd77732d39967,Alex Chambers,26b63bc5c0c1f65d,Y
Angela Hill,f0feeb2192937424,Emily Kagan,c1ea9d56cd953586,Y
Robbie Lawler,f2925e6db404bf1d,Johny Hendricks,0941df56f6ac954b,Y
Anthony Pettis,cbb682f5fcc44bfc,Gilbert Melendez,aa5b4eff51bdc7d1,Y
Travis Browne,3236bf606fe9fa5b,Brendan Schaub,89a407032911e27e,Y
Todd Duffee,bda04c573563cc2e,Anthony Hamilton,c727c7d31c50c4cf,Y
Tony Ferguson,22a92d7f62195791,Abel Trujillo,e14b5aa06eea9653,Y
Urijah Faber,78114b7199cef90c,Francisco Rivera,7ea4a9f07df33a45,Y
Josh Samman,9deff9e3e8d94d47,Eddie Gordon,8cad40a75e5c97f5,Y
Corey Anderson,5e4eec08896c9423,Justin Jones,9b75954db8db2a08,Y
Raquel Pennington,fc169c387b4b465d,Ashlee Evans-Smith,fc6e681bf6658faf,Y
Sergio Pettis,de75d1c45a39e221,Matt Hobar,b57edace7b647f07,Y
Clay Collard,cc900c6a71ed23f3,Alex White,c17041f1bb5768d8,Y
Frankie Edgar,f2688492b9a525a3,Cub Swanson,d247691a6c0e9034,Y
Edson Barboza,64a50dad704d1d49,King Green,887961364be5ceb3,Y
Chico Camus,32be4b7f7de1c905,Brad Pickett,c945adc22c2bfe8f,Y
Aleksei Oleinik,98c23cb6da5b3352,Jared Rosholt,91ea901c458e95dd,Y
Joseph Benavidez,80eacd4da0617c57,Dustin Ortiz,f53c1f4ceeed8c08,Y
Matt Wiman,eb29176b03dfa888,Isaac Vallie-Flagg,c295de4e10acd4c9,Y
Ruslan Magomedov,369e1ce458ef50a6,Josh Copeland,3aa794cbe1e3484b,Y
Roger Narvaez,3a12a2f096a6d975,Luke Barnatt,172c2135e70f87b7,Y
James Vick,6256b2b1562cb8e1,Nick Hein,2816ced060a21be3,Y
Akbarh Arreola,c136b2a8852da5bd,Yves Edwards,5f04e3d58d9ce982,Y
Paige VanZant,4d5197f331c47290,Kailin Curran,05b43e0ead3df345,Y
Dooho Choi,e93b04e308913c2e,Juan Manuel Puig,85d0fafb8b75d634,Y
Fabricio Werdum,492b202d2064e7a9,Mark Hunt,eef9b891edbd4604,Y
Kelvin Gastelum,8c0580d4fff106c1,Jake Ellenberger,d81ac739417d7f53,Y
Ricardo Lamas,3974fa35c917af1d,Dennis Bermudez,6f242453c91a5af0,Y
Augusto Montano,94508d80e1f885fc,Chris Heatherly,bad8be5827ea1bf1,Y
Hector Urbina,4b8fb0453a596b8e,Edgar Garcia,8d49545dadf9b919,Y
Yair Rodriguez,cbf5e6f231b55443,Leonardo Morales,45230be0641f3f53,Y
Alejandro Perez,80daefbed11ce998,Jose Quinonez,36549928f90f1d36,Y
Jessica Eye,f72465a784c1b084,Leslie Smith,76984112f697631f,Y
Gabriel Benitez,436f970c9ea9169c,Humberto Brown Morrison,e9e7e1c8ff289e1b,Y
Henry Briones,01fcef7e3d051722,Guido Cannetti,d05412b513b19621,Y
Marco Beltran,ec71a892fada28c7,Marlon Vera,7c7332319c14094c,Y
Ovince Saint Preux,50db8711c70196cd,Mauricio Rua,140745cbbcb023ac,Y
Warlley Alves,d317a5e2b3f88c5f,Alan Jouban,cf65d56b0755ed3b,Y
Claudio Silva,6f7c616b98e18c29,Leon Edwards,f1fac969a1d70b08,Y
Dhiego Lima,e9213f53ddeca978,Jorge de Oliveira,ddf3e0ea10ea6d8c,Y
Juliana Lima,75a6a390fd5dca46,Nina Nunes,d343df8ba11f4c4e,Y
Diego Rivas,09f579be4520394a,Rodolfo Rubio Perez,c4731f43693b96b8,Y
Caio Magalhaes,0c5c66ddd1886b83,Trevor Smith,f797f0c57a83353e,Y
Leandro Silva,159da492e000afbf,Charlie Brenneman,98f6da59d765ec94,Y
Thomas Almeida,2b074403b7c6cdb4,Tim Gorman,c10eb2f12c489f6d,Y
Colby Covington,dc9572dd6ec74859,Wagner Silva,fb79582c410d049e,Y
Luke Rockhold,00e11b5c8b7bfeeb,Michael Bisping,2b93ebd9f5417ad2,Y
Al Iaquinta,59279a7c978f7da0,Ross Pearson,4f732e58ed907eff,Y
Robert Whittaker,e1147d3d2dabe1ce,Clint Hester,92b62174c175ce19,Y
Soa Palelei,60029bcf496bd707,Walt Harris,03f982ca3735070c,Y
Jake Matthews,a845f0735bc67405,Vagner Rocha,d403b1a6f278c95e,Y
Anthony Perosh,4b4753d19489297f,Guto Inocente,e7fe5315b1efeb92,Y
Sam Alvey,d156513a19acf856,Dylan Andrews,00debc804e2b1cd4,Y
Louis Smolka,d2bc285ead803db0,Richie Vaculik,54578e5927adea53,Y
Chris Clements,e5ecaf884b6da2bc,Vik Grujic,1e7483dbff40b84b,Y
Daniel Kelly,bdcbb976816fd256,Luke Zachrich,2284092f8b63273b,Y
Marcus Brimage,81801f57bd0a7c41,Jumabieke Tuerxun,1ed32eaaba9ffe10,Y
Jose Aldo,d0f3959b4a9747e6,Chad Mendes,b5b684eac99ae0a3,Y
Phil Davis,902ab9197b83d0db,Glover Teixeira,7ff97850e8c32bda,Y
Fabio Maldonado,1fb80f46d3c105d9,Hans Stringer,523f6ad11dbe9b53,Y
Darren Elkins,92a9aa9c93192871,Lucas Martins,7413b80dbb0f8f9f,Y
Beneil Dariush,08af939f41b5a57b,Diego Ferreira,f53d4f21d1b5f2dc,Y
Neil Magny,84b3e7d38f2d2ec5,William Macario,ed74afc8b5b47a61,Y
Yan Cabral,7cdd3e5d3aa9cb39,Naoyuki Kotani,bc8f6b42767e28df,Y
Wilson Reis,5aedf14771ca82d2,Scott Jorgensen,0b64d0fed453ef7f,Y
Andre Fili,8fd808923cffff82,Felipe Arantes,71002dbc1743b9a7,Y
Gilbert Burns,23024fdfc966410a,Christos Giagos,de45aaae23dfa392,Y
Anthony Rocco Martin,5331b25a60417ffb,Fabricio Camoes,7abe471b61725980,Y
Rory MacDonald,cbd5d3cdd862e90e,Tarec Saffiedine,0749d968e932df53,Y
Raphael Assuncao,2f13e4020cea5b38,Bryan Caraway,5ef0088c1b19beeb,Y
Chad Laprise,c03a5022f8439f2a,Yosdenis Cedeno,3e61082025db8137,Y
Elias Theodorou,34f88592c0ab7a54,Bruno Santos,da1d8d76404bb6b5,Y
Nordine Taleb,49858bf46dabf6fb,Li Jingliang,e64b96c07d7ce999,Y
Mitch Gagnon,b8592b4a383696cd,Roman Salazar,72c4b253d2f5ebf2,Y
Daron Cruickshank,5f99b2bafb10305f,Anthony Njokuani,6bf5a7d3e081ade2,Y
Olivier Aubin-Mercier,55ee431411ccf07a,Jake Lindsey,33e00249ef08d3a4,Y
Paul Felder,e5010b1b94ca5755,Jason Saggo,4ac1ecf8ce59ef23,Y
Chris Kelades,56c9acc4e86046a2,Paddy Holohan,6e7c758f5cdec01a,Y
Albert Tumenov,ff6a1f63c254127e,Matt Dwyer,8f0d576beba1cfcd,Y
Pedro Munhoz,6bd02119599741a4,Jerrod Sanders,12f1b140e248bdb9,N
Rick Story,5b5307450405abf0,Gunnar Nelson,fd55393021a8c255,Y
Max Holloway,150ff4cc642270b9,Akira Corassani,3f52ce18fb98008f,Y
Jan Blachowicz,99df7d0a2a08a8a8,Ilir Latifi,e9a3aeb207578eea,Y
Mike Wilkinson,cfaf010d5b389c09,Niklas Backstrom,39cc64bf0a269db9,Y
Magnus Cedenblad,0e21976afc92e4d1,Scott Askham,06827d70c53ff0d9,Y
Nicholas Musoke,8b5f9ea38184ded3,Alexander Yakovlev,d06f8869449ba7bd,Y
Dennis Siver,5f87a5c00b3d17ed,Charles Rosa,40093d1d2d78394e,Y
Cathal Pendred,99c7610aa74995d3,Gasan Umalatov,7a39bbac8cc0fa70,Y
Krzysztof Jotko,4e06913c91da5200,Tor Troeng,8abf70f79e9e27c2,Y
Mairbek Taisumov,8f5c8850b2484173,Marcin Bandel,5c2ce761399dc9c5,Y
Zubaira Tukhugov,aceffa19749c4dc0,Ernest Chavez,b406da701c479076,Y
Demetrious Johnson,8a304bfd6bf04a57,Chris Cariaso,b2e3aca4cd363477,Y
Donald Cerrone,1d00756835ca67c9,Eddie Alvarez,33a331684283900f,Y
Conor McGregor,f4c49976c75c5ab2,Dustin Poirier,029eaff01e6bb8f0,Y
Yoel Romero,f77c68bb4be8516d,Tim Kennedy,3c660c90d48fc80d,Y
Cat Zingano,3ecd936bd8814108,Amanda Nunes,80fa8218c99f9c58,Y
Dominick Cruz,10f3ba6cd2f44a97,Takeya Mizugaki,48e093ea1f43a053,Y
Jorge Masvidal,47b9e0e7703a4868,James Krause,8f6a18831a120817,Y
Stephen Thompson,4a28cb716c19157a,Patrick Cote,9fa3bd637edd9aa2,Y
Brian Ebersole,32ba186f4b0e3267,John Howard,fc31f896cde2bc2e,Y
Kevin Lee,ee9ebceabfd16fa7,Jon Tuck,53ec9cb470e1a4ea,Y
Manvel Gamburyan,cc6f9d1e89f3449a,Cody Gibson,700a674c042b7a96,Y
Mark Hunt,eef9b891edbd4604,Roy Nelson,3f7c14c7eca7195d,Y
Myles Jury,08e908ed6d18d6a0,Takanori Gomi,3be081c29bf734d9,Y
Yoshihiro Akiyama,b0550072e5f0afa7,Amir Sadollah,2650e2f846a30f64,Y
Miesha Tate,b96619b3acd7d9da,Rin Nakai,f9ae6914f604aa9f,Y
Kiichi Kunimoto,71df36d6d8cf0d74,Richard Walsh,303a05a7aa3ff761,Y
Kyoji Horiguchi,98aa60cf58071fd6,Jon Delos Reyes,0d0351c20169a499,Y
Masanori Kanehara,f3a078277b3b8ff4,Alex Caceres,7aa3d6964eff4877,Y
Katsunori Kikuno,44470bfd9483c7ad,Sam Sicilia,b8aef0faf4ce9b31,Y
Hyun Gyu Lim,203c957eac95dd87,Takenori Sato,276c60b14b571dd4,Y
Kyung Ho Kang,a7897d200692ab64,Michinori Tanaka,64788ee44b062ded,Y
Johnny Case,1f4b04a926ef1287,Kazuki Tokudome,c4af2feb4b58bc3b,Y
Maximo Blanco,4a1329cc8eb0928a,Dan Hooker,193b9d1858bc4df3,Y
Andrei Arlovski,3738e68d2261e60f,Antonio Silva,8349d55cdecd393a,Y
Gleison Tibau,75e5fec9f72910ef,Piotr Hallmann,a3be148af5c7b088,Y
Leonardo Santos,9c65736747ca92ec,Efrain Escudero,83fd97284f4bb4a4,Y
Santiago Ponzinibbio,6d1bffff14897645,Wendell Oliveira Marques,32c03df3c9760069,Y
Iuri Alcantara,2f95a3c6d58b2aad,Russell Doane,f50d95223751e6ca,Y
Jessica Andrade,6a1901c62ab3870f,Larissa Pacheco,16b89be2f5c16fba,Y
Godofredo Pepey,fa37628269132d1a,Dashon Johnson,36207c58e854cae5,Y
George Sullivan,6c7e25571490aa3b,Igor Araujo,dbea8c1cb327ab3d,Y
Francisco Trinaldo,a8283a4f415e1eb9,Leandro Silva,159da492e000afbf,Y
Sean Spencer,ab850a77a0fa487d,Paulo Thiago,30a09e43f15f1d75,Y
Rani Yahya,94527830000ab715,Johnny Bedford,ffc3e6daaa6da0b7,Y
Jacare Souza,7a703c565ccaa18f,Gegard Mousasi,232c582f29f8f65e,Y
Ben Rothwell,bd58d34e39b7b12a,Alistair Overeem,b4ad3a06ee4d660c,Y
Matt Mitrione,ba280572acfba13f,Derrick Lewis,d3df1add9d9a7efb,Y
Joe Lauzon,3bad7ef643840f67,Michael Chiesa,c58f51dedb310998,Y
John Moraga,92437c6775b3f7d1,Justin Scoggins,9fa568ad2bf2cb0b,Y
Al Iaquinta,59279a7c978f7da0,Rodrigo Damm,a20d7dfaba74c067,Y
Rafael Natal,0dba4df5f34d5ff0,Chris Camozzi,6c2030e0a143a94b,Y
Chris Beal,55f446032177b119,Tateki Matsuda,3a524c6700addc24,Y
Chas Skelly,4bd6b4800070b069,Sean Soriano,bd5403efbaa445c0,Y
TJ Dillashaw,c849740a3ff51931,Joe Soto,a4e85a58fbce64b2,Y
Tony Ferguson,22a92d7f62195791,Danny Castillo,d1e7fc58d4225cdf,Y
Bethe Correia,673ea7dcc786b1b3,Shayna Baszler,8ef4a91ac694b7ce,Y
Diego Ferreira,f53d4f21d1b5f2dc,Ramsey Nijem,22aa91e402d0fe1f,Y
Yancy Medeiros,813550bc53b15fb0,Damon Jackson,29af297d9f1de0f8,Y
Derek Brunson,b1a3e0aca758b322,Lorenz Larkin,9450848a71d53776,Y
Anthony Hamilton,c727c7d31c50c4cf,Ruan Potts,7e208569469c8bc8,Y
Chris Wade,c8097968da5e5f13,Cain Carrizosa,064b7dc68d786254,Y
Rafael Dos Anjos,6a2f7c151031653d,Benson Henderson,2676b28836a5a836,Y
Jordan Mein,2aa49b3766a59bcd,Mike Pyle,f5990c11974d8e9c,Y
Thales Leites,cfb65863d5099327,Francis Carmont,3591d0d5d382a381,Y
Max Holloway,150ff4cc642270b9,Clay Collard,cc900c6a71ed23f3,Y
James Vick,6256b2b1562cb8e1,Valmir Lazaro,777dea713da2441d,Y
Chas Skelly,4bd6b4800070b069,Tom Niinimaki,5fceb45939fc0c8a,Y
Neil Magny,84b3e7d38f2d2ec5,Alex Garcia,a2b12c3f3d60ff69,Y
Beneil Dariush,08af939f41b5a57b,Anthony Rocco Martin,5331b25a60417ffb,Y
Matt Hobar,b57edace7b647f07,Aaron Phillips,34c2b3656f88f7ef,Y
Ben Saunders,484acc7b0f856ce9,Chris Heatherly,bad8be5827ea1bf1,Y
Wilson Reis,5aedf14771ca82d2,Joby Sanchez,b12fc8a41e82d3a2,Y
Michael Bisping,2b93ebd9f5417ad2,Cung Le,d4f364dd076bb0e2,Y
Tyron Woodley,effd9de9937996f8,Dong Hyun Kim,9bcf8603ceb25680,Y
Zhang Lipeng,7b310409440c9102,Brendan O'Reilly,494b0bfdbac74502,Y
Guangyou Ning,2c1170b825f58e57,Jianping Yang,d3c554d6e11fc9d6,Y
Sai Wang,efb9a43415a56d34,Danny Mitchell,c06d554ce1713fd3,Y
Alberto Mina,4b1d46a1b5c0fd11,Shinsho Anzai,4665f9f909cd7214,Y
Yuta Sasaki,7c3c48cf54a2848e,Roland Delorme,173acb3f920082b8,Y
Colby Covington,dc9572dd6ec74859,Anying Wang,69e8c632135af48b,Y
Royston Wee,b9c03e7a4557e542,Yao Zhikui,5ea918ea81b7dee2,Y
Milana Dudieva,072a10e85f7d4bff,Elizabeth Phillips,dcbf01d605681ad1,Y
Ryan Bader,c0ab242c40decc55,Ovince Saint Preux,50db8711c70196cd,Y
Ross Pearson,4f732e58ed907eff,Gray Maynard,7d96bc577e5178b2,Y
Tim Boetsch,c80095f6092271a7,Brad Tavares,0c6d9ea8306c029e,Y
Alan Jouban,cf65d56b0755ed3b,Seth Baczynski,fd5b6598a3b70c0a,Y
Shawn Jordan,ca2efc9d7d523c43,Jack May,2c6e81426dd7573c,Y
Thiago Tavares,8a59d346dc976a10,Robert Peralta,960d6cae8879ba2b,Y
Jussier Formiga,b102c26727306ab6,Zach Makovsky,57ab4d7c0bc09a30,Y
Sara McMann,7be74a12d7352df2,Lauren Murphy,729d4bd5a6cd0a97,Y
Tom Watson,6809c31286b08d97,Sam Alvey,d156513a19acf856,Y
Frankie Saenz,9ba2226646046b63,Nolan Ticman,9eb069062a0cfc13,Y
Robbie Lawler,f2925e6db404bf1d,Matt Brown,31123249b0bbf52e,Y
Anthony Johnson,365fee2da473b177,Rogerio Nogueira,73e09f837f3b5ecc,Y
Dennis Bermudez,6f242453c91a5af0,Clay Guida,c47df9303d318c67,Y
King Green,887961364be5ceb3,Josh Thomson,a566371ba2ad7152,Y
Jorge Masvidal,47b9e0e7703a4868,Daron Cruickshank,5f99b2bafb10305f,Y
Patrick Cummins,e51e5cb722bd47a8,Kyle Kingsbury,b959e8c7fd8390d2,Y
Tim Means,4b47e71384a9522f,Hernani Perpetuo,575360be653ad6a6,Y
Mike de la Torre,1971869b7e054261,Brian Ortega,def8166ff24bd237,N
Tiago dos Santos e Silva,8ce87f7e3a9baed2,Akbarh Arreola,c136b2a8852da5bd,Y
Gilbert Burns,23024fdfc966410a,Andreas Stahl,69a400af4420cd6a,Y
Joanna Jedrzejczyk,3d6749c4267da18f,Juliana Lima,75a6a390fd5dca46,Y
Noad Lahat,9f755fb04cc21499,Steven Siler,d188a3b817860ec6,Y
Conor McGregor,f4c49976c75c5ab2,Diego Brandao,c2e3e67b5911bfb7,Y
Gunnar Nelson,fd55393021a8c255,Zak Cummings,4ba8d454f762005d,Y
Ian McCall,701e057d63c124d9,Brad Pickett,c945adc22c2bfe8f,Y
Norman Parke,14ff46596ad80609,Naoyuki Kotani,bc8f6b42767e28df,Y
Ilir Latifi,e9a3aeb207578eea,Chris Dempsey,dfae5da5676e4194,Y
Neil Seery,49a74b9fb2e45fdf,Phil Harris,ba043b03eb799063,Y
Cathal Pendred,99c7610aa74995d3,Mike King,564c2f5f9eb45d67,Y
Trevor Smith,f797f0c57a83353e,Tor Troeng,8abf70f79e9e27c2,Y
Nikita Krylov,1091d4d957141094,Cody Donovan,7bc96507e4b38d3b,Y
Paddy Holohan,6e7c758f5cdec01a,Josh Sampo,f65dcb22dada2223,Y
Donald Cerrone,1d00756835ca67c9,Jim Miller,d1941565abf50b16,Y
Edson Barboza,64a50dad704d1d49,Evan Dunham,e5c9de15bb58b1c6,Y
Rick Story,5b5307450405abf0,Leonardo Mafra,8bbc0cfc01bc1ba1,Y
Joe Proctor,a36556bb1565e32d,Justin Salas,9b198c73e3d0d289,Y
John Lineker,c268b2cfebccf652,Alptekin Ozkilic,e18a19001a3f7c7d,Y
Lucas Martins,7413b80dbb0f8f9f,Alex White,c17041f1bb5768d8,Y
Gleison Tibau,75e5fec9f72910ef,Pat Healy,50d2f0018bcf9eef,Y
Leslie Smith,76984112f697631f,Jessamyn Duke,a7ddae0be8b78147,Y
Aljamain Sterling,cb696ebfb6598724,Hugo Viana,f95381efb3051d81,Y
Yosdenis Cedeno,3e61082025db8137,Jerrod Sanders,12f1b140e248bdb9,Y
Claudia Gadelha,ec34349e7dffcde7,Tina Lahdemaki,e5ca2bc2451a5956,Y
Frankie Edgar,f2688492b9a525a3,BJ Penn,73c7cfa551289285,Y
Corey Anderson,5e4eec08896c9423,Matt Van Buren,7b39035fae7268b8,Y
Eddie Gordon,8cad40a75e5c97f5,Dhiego Lima,e9213f53ddeca978,Y
Derrick Lewis,d3df1add9d9a7efb,Guto Inocente,e7fe5315b1efeb92,Y
Dustin Ortiz,f53c1f4ceeed8c08,Justin Scoggins,9fa568ad2bf2cb0b,Y
Kevin Lee,ee9ebceabfd16fa7,Jesse Ronson,5580771f383e141f,Y
Leandro Issa,d1e1fdcea7c8a90a,Jumabieke Tuerxun,1ed32eaaba9ffe10,Y
Adriano Martins,7dcf06c1967801c1,Juan Manuel Puig,85d0fafb8b75d634,Y
Patrick Walsh,b4c96c3d9139bf0e,Daniel Spohn,87f3bbf52e6c9dc9,Y
Sarah Moras,539ed332b3078821,Alexis Dufresne,4ae4049426e0161d,Y
Robert Drysdale,d2a9be6bf2de624c,Keith Berish,e3779ef06e98f185,N
Chris Weidman,3a8176e15b9887c1,Lyoto Machida,f7a7f7118d4b01b6,Y
Ronda Rousey,8bdac25ce0bb874d,Alexis Davis,4c2d90e335e6df19,Y
Uriah Hall,65578a75fa7900e3,Thiago Santos,dea070ed4a2a8281,Y
Russell Doane,f50d95223751e6ca,Marcus Brimage,81801f57bd0a7c41,Y
Urijah Faber,78114b7199cef90c,Alex Caceres,7aa3d6964eff4877,Y
Kenny Robertson,6e0273f9478be71e,Ildemar Alcantara,7c6e87729e824ef4,Y
Bruno Santos,da1d8d76404bb6b5,Chris Camozzi,6c2030e0a143a94b,Y
Rob Font,05339613bf8e9808,George Roop,3c0437fbeda06962,Y
Luke Zachrich,2284092f8b63273b,Guilherme Vasconcelos,d6d5da3c209884bc,Y
Kevin Casey,8d9586726252dbf7,Bubba Bush,132505067f08c54d,N
Cub Swanson,d247691a6c0e9034,Jeremy Stephens,18968f97ad34f15c,Y
Kelvin Gastelum,8c0580d4fff106c1,Nicholas Musoke,8b5f9ea38184ded3,Y
Cezar Ferreira,dbc17725b887860a,Andrew Craig,8a70ceb3edbe757b,Y
Ricardo Lamas,3974fa35c917af1d,Hacran Dias,ed209f6618c82e41,Y
Clint Hester,92b62174c175ce19,Antonio Braga Neto,fae67903c4fe636b,Y
Joe Ellenberger,8e8e4487c621aa1c,James Moontasri,c06a9b48d4132c8e,Y
Diego Ferreira,f53d4f21d1b5f2dc,Colton Smith,2e25c1d983c26311,Y
Cody Gibson,700a674c042b7a96,Johnny Bedford,ffc3e6daaa6da0b7,Y
Marcelo Guimaraes,0c9c0a43d3f3f49d,Andy Enz,993d385f5a475375,Y
Ray Borg,a4de54ea806fb525,Shane Howell,a7de976620f2ed13,Y
Aleksei Oleinik,98c23cb6da5b3352,Anthony Hamilton,c727c7d31c50c4cf,Y
Nate Marquardt,a8e6a69796280f17,James Te Huna,f5431394fb284bb9,Y
Jared Rosholt,91ea901c458e95dd,Soa Palelei,60029bcf496bd707,Y
Charles Oliveira,07225ba28ae309b6,Hatsu Hioki,ef7fa30364cbe7f2,Y
Robert Whittaker,e1147d3d2dabe1ce,Mike Rhodes,b7ad576b8ae115e6,Y
Jake Matthews,a845f0735bc67405,Dashon Johnson,36207c58e854cae5,Y
Richie Vaculik,54578e5927adea53,Roldan Sangcha'an,57887765f831e228,Y
Vik Grujic,1e7483dbff40b84b,Chris Indich,d5b7fac960e58920,Y
Neil Magny,84b3e7d38f2d2ec5,Rodrigo de Lima,a4dc47001f202bcd,Y
Dan Hooker,193b9d1858bc4df3,Ian Entwistle,d7adfcfdf7c6c1f8,Y
Gian Villante,fcd448a2fe1a23cc,Sean O'Connell,cb52f9490c2dc069,Y
Demetrious Johnson,8a304bfd6bf04a57,Ali Bagautinov,3dd92ff9fb0412b3,Y
Rory MacDonald,cbd5d3cdd862e90e,Tyron Woodley,effd9de9937996f8,Y
Ryan Bader,c0ab242c40decc55,Rafael Cavalcante,5c1ca0c72b599a3c,Y
Andrei Arlovski,3738e68d2261e60f,Brendan Schaub,89a407032911e27e,Y
Ovince Saint Preux,50db8711c70196cd,Ryan Jimmo,bc3ec52ef70fc155,Y
Kiichi Kunimoto,71df36d6d8cf0d74,Daniel Sarafian,7e47047d0971d566,Y
Valerie Letourneau,46a2f24feb258ae0,Elizabeth Phillips,dcbf01d605681ad1,Y
Yves Jabouin,b4eeac608fc82f88,Mike Easton,bc7230f231701d66,Y
Tae Hyun Bang,9a2d3567abc02e34,Kajan Johnson,633a45d131192ffe,Y
Michinori Tanaka,64788ee44b062ded,Roland Delorme,173acb3f920082b8,Y
Jason Saggo,4ac1ecf8ce59ef23,Josh Shockley,1d36f1ac66cf689d,Y
Benson Henderson,2676b28836a5a836,Rustam Khabilov,9b7694d064a8a0ad,Y
Diego Sanchez,82e7929bf6c2b689,Ross Pearson,4f732e58ed907eff,Y
John Dodson,99506df1af6c8b3b,John Moraga,92437c6775b3f7d1,Y
Rafael Dos Anjos,6a2f7c151031653d,Jason High,e5d03e4d966126bd,Y
Piotr Hallmann,a3be148af5c7b088,Yves Edwards,5f04e3d58d9ce982,Y
Bryan Caraway,5ef0088c1b19beeb,Erik Perez,af62f99eb7606308,Y
Sergio Pettis,de75d1c45a39e221,Yaotzin Meza,3623bd267a2eef2e,Y
Lance Benoist,5431dccc09118234,Bobby Voelker,fb8a3025ae722e64,Y
Scott Jorgensen,0b64d0fed453ef7f,Danny Martinez,8a9c6c4301f6d088,Y
Jon Tuck,53ec9cb470e1a4ea,Jake Lindsey,33e00249ef08d3a4,Y
Patrick Cummins,e51e5cb722bd47a8,Roger Narvaez,3a12a2f096a6d975,Y
Stipe Miocic,d28dee5c705991df,Fabio Maldonado,1fb80f46d3c105d9,Y
Antonio Carlos Junior,52e76bb4b3e852f3,Vitor Miranda,4bcb6eb12b4ad4aa,Y
Warlley Alves,d317a5e2b3f88c5f,Marcio Alexandre Junior,d53482bef23235ba,Y
Demian Maia,427b5953ac8e3a27,Alexander Yakovlev,d06f8869449ba7bd,Y
Robert Peralta,960d6cae8879ba2b,Rony Jason,b71ce838b01f2cad,Y
Rashid Magomedov,7ea1f74cef32f906,Rodrigo Damm,a20d7dfaba74c067,Y
Elias Silverio,52ba464d9068d871,Ernest Chavez,b406da701c479076,Y
Gasan Umalatov,7a39bbac8cc0fa70,Paulo Thiago,30a09e43f15f1d75,Y
Edimilson Souza,6c7020b859c7a3ce,Mark Eddiva,40ff198adda94b9f,Y
Ricardo Abreu,aa6e591c2a2cdecd,Wagner Silva,fb79582c410d049e,Y
Marcos Rogerio de Lima,ab943cd2c3c17825,Richardson Moreira,9147679e1a4ad4a3,Y
Pedro Munhoz,6bd02119599741a4,Matt Hobar,b57edace7b647f07,Y
Gegard Mousasi,232c582f29f8f65e,Mark Munoz,179f1948dc234f1f,Y
CB Dollaway,5d7bdab5e03e3216,Francis Carmont,3591d0d5d382a381,Y
Sean Strickland,0d8011111be000b2,Luke Barnatt,172c2135e70f87b7,Y
Niklas Backstrom,39cc64bf0a269db9,Tom Niinimaki,5fceb45939fc0c8a,Y
Nick Hein,2816ced060a21be3,Drew Dober,519e4fe37ce9ff75,Y
Magnus Cedenblad,0e21976afc92e4d1,Krzysztof Jotko,4e06913c91da5200,Y
Iuri Alcantara,2f95a3c6d58b2aad,Vaughan Lee,8bb6f4479685bbcc,Y
Peter Sobotta,1fcfc3709fe58151,Pawel Pawlak,9310418684bc896f,Y
Maximo Blanco,4a1329cc8eb0928a,Andy Ogle,b6c4451cb13c9303,Y
Ruslan Magomedov,369e1ce458ef50a6,Viktor Pesta,202b0467521c9d6f,Y
TJ Dillashaw,c849740a3ff51931,Renan Barao,2c99576fefe53c7c,Y
Daniel Cormier,d967f0128c323de6,Dan Henderson,1ccf4e7caff270df,Y
Robbie Lawler,f2925e6db404bf1d,Jake Ellenberger,d81ac739417d7f53,Y
Takeya Mizugaki,48e093ea1f43a053,Francisco Rivera,7ea4a9f07df33a45,Y
James Krause,8f6a18831a120817,Jamie Varner,a54fc2d6fc224dc3,Y
Michael Chiesa,c58f51dedb310998,Francisco Trinaldo,a8283a4f415e1eb9,Y
Tony Ferguson,22a92d7f62195791,Katsunori Kikuno,44470bfd9483c7ad,Y
Chris Holdsworth,fc60ecf0671b9489,Chico Camus,32be4b7f7de1c905,Y
Mitch Clarke,c76ec2bc3a57666a,Al Iaquinta,59279a7c978f7da0,Y
Vinc Pichel,c77a953488e5607d,Anthony Njokuani,6bf5a7d3e081ade2,Y
Sam Sicilia,b8aef0faf4ce9b31,Aaron Phillips,34c2b3656f88f7ef,Y
Li Jingliang,e64b96c07d7ce999,David Michaud,49f4b511932f71e9,Y
Matt Brown,31123249b0bbf52e,Erick Silva,5866fc86183a9fb8,Y
Constantinos Philippou,05560764359161e4,Lorenz Larkin,9450848a71d53776,Y
Daron Cruickshank,5f99b2bafb10305f,Erik Koch,99bd87a300079ed9,Y
Neil Magny,84b3e7d38f2d2ec5,Tim Means,4b47e71384a9522f,Y
Soa Palelei,60029bcf496bd707,Ruan Potts,7e208569469c8bc8,Y
Chris Cariaso,b2e3aca4cd363477,Louis Smolka,d2bc285ead803db0,Y
Ed Herman,06f36cf4bd97ec77,Rafael Natal,0dba4df5f34d5ff0,Y
Kyoji Horiguchi,98aa60cf58071fd6,Darrell Montague,bffeb123b21c9aad,Y
Zak Cummings,4ba8d454f762005d,Yan Cabral,7cdd3e5d3aa9cb39,Y
Johnny Eduardo,528c24b99fbaab79,Eddie Wineland,fc9a9559a05f2704,Y
Nik Lentz,6fb1ba67bef41b37,Manvel Gamburyan,cc6f9d1e89f3449a,Y
Justin Salas,9b198c73e3d0d289,Ben Wall,1ad381c8994c4e5b,Y
Albert Tumenov,ff6a1f63c254127e,Anthony Lapsley,f3a853544e4413c4,Y
Jon Jones,07f72a2a7591b409,Glover Teixeira,7ff97850e8c32bda,Y
Anthony Johnson,365fee2da473b177,Phil Davis,902ab9197b83d0db,Y
Luke Rockhold,00e11b5c8b7bfeeb,Tim Boetsch,c80095f6092271a7,Y
Jim Miller,d1941565abf50b16,Yancy Medeiros,813550bc53b15fb0,Y
Max Holloway,150ff4cc642270b9,Andre Fili,8fd808923cffff82,Y
Joseph Benavidez,80eacd4da0617c57,Tim Elliott,c96d9178c9ed9e62,Y
Takanori Gomi,3be081c29bf734d9,Isaac Vallie-Flagg,c295de4e10acd4c9,Y
Bethe Correia,673ea7dcc786b1b3,Jessamyn Duke,a7ddae0be8b78147,Y
Danny Castillo,d1e7fc58d4225cdf,Charlie Brenneman,98f6da59d765ec94,Y
Chris Beal,55f446032177b119,Patrick Williams,39330403ad27c2bb,Y
Fabricio Werdum,492b202d2064e7a9,Travis Browne,3236bf606fe9fa5b,Y
Miesha Tate,b96619b3acd7d9da,Liz Carmouche,51a0c09cbe9b8472,Y
Donald Cerrone,1d00756835ca67c9,Edson Barboza,64a50dad704d1d49,Y
Yoel Romero,f77c68bb4be8516d,Brad Tavares,0c6d9ea8306c029e,Y
Khabib Nurmagomedov,032cc3922d871c7f,Rafael Dos Anjos,6a2f7c151031653d,Y
Thiago Alves,31ee470ef5dc8d7f,Seth Baczynski,fd5b6598a3b70c0a,Y
Jorge Masvidal,47b9e0e7703a4868,Pat Healy,50d2f0018bcf9eef,Y
Alex White,c17041f1bb5768d8,Estevan Payan,d0a5ef38a7778ac2,Y
Caio Magalhaes,0c5c66ddd1886b83,Luke Zachrich,2284092f8b63273b,Y
Jordan Mein,2aa49b3766a59bcd,Hernani Perpetuo,575360be653ad6a6,Y
Dustin Ortiz,f53c1f4ceeed8c08,Ray Borg,a4de54ea806fb525,Y
Mirsad Bektic,cbd3e590a85b18c5,Chas Skelly,4bd6b4800070b069,Y
Derrick Lewis,d3df1add9d9a7efb,Jack May,2c6e81426dd7573c,Y
Tim Kennedy,3c660c90d48fc80d,Michael Bisping,2b93ebd9f5417ad2,Y
Patrick Cote,9fa3bd637edd9aa2,Kyle Noke,7339d340aa2889cb,Y
Elias Theodorou,34f88592c0ab7a54,Sheldon Westcott,ec2d13a87d3d9541,Y
Chad Laprise,c03a5022f8439f2a,Olivier Aubin-Mercier,55ee431411ccf07a,Y
Dustin Poirier,029eaff01e6bb8f0,Akira Corassani,3f52ce18fb98008f,Y
KJ Noons,b7ffa72aa148599a,Sam Stout,501b07aec9b8fc2d,Y
Sarah Kaufman,36df8e119aec6175,Leslie Smith,76984112f697631f,Y
Ryan Jimmo,bc3ec52ef70fc155,Sean O'Connell,cb52f9490c2dc069,Y
George Roop,3c0437fbeda06962,Dustin Kimura,fe91d254db77a7fc,Y
Mark Bocek,cf9d24e4bd0cf2ce,Mike de la Torre,1971869b7e054261,Y
Nordine Taleb,49858bf46dabf6fb,Vik Grujic,1e7483dbff40b84b,Y
Richard Walsh,303a05a7aa3ff761,Chris Indich,d5b7fac960e58920,Y
Mitch Gagnon,b8592b4a383696cd,Tim Gorman,c10eb2f12c489f6d,Y
Roy Nelson,3f7c14c7eca7195d,Antonio Rodrigo Nogueira,ee9d73f4fee9cbdd,Y
Clay Guida,c47df9303d318c67,Tatsuya Kawajiri,80d918336163b80c,Y
Ryan LaFlare,4c7781da8c6cae93,John Howard,fc31f896cde2bc2e,Y
Ramsey Nijem,22aa91e402d0fe1f,Beneil Dariush,08af939f41b5a57b,Y
Jared Rosholt,91ea901c458e95dd,Daniel Omielanczuk,470fedbc8563ac47,Y
Thales Leites,cfb65863d5099327,Trevor Smith,f797f0c57a83353e,Y
Jim Alers,fe5a9547479396ab,Alan Omer,f2ad06f1007c481a,Y
Rani Yahya,94527830000ab715,Johnny Bedford,ffc3e6daaa6da0b7,N
Dan Henderson,1ccf4e7caff270df,Mauricio Rua,140745cbbcb023ac,Y
CB Dollaway,5d7bdab5e03e3216,Cezar Ferreira,dbc17725b887860a,Y
Leonardo Santos,9c65736747ca92ec,Norman Parke,14ff46596ad80609,N
Fabio Maldonado,1fb80f46d3c105d9,Gian Villante,fcd448a2fe1a23cc,Y
Michel Prazeres,e51fcd9cd84c0b93,Mairbek Taisumov,8f5c8850b2484173,Y
Rony Jason,b71ce838b01f2cad,Steven Siler,d188a3b817860ec6,Y
Thiago Santos,dea070ed4a2a8281,Ronny Markes,bd21a1e3d41c97ee,Y
Jussier Formiga,b102c26727306ab6,Scott Jorgensen,0b64d0fed453ef7f,Y
Kenny Robertson,6e0273f9478be71e,Thiago Perpetuo,c1a5d3843596df92,Y
Hans Stringer,523f6ad11dbe9b53,Francimar Barroso,b69f24c500d783e7,Y
Godofredo Pepey,fa37628269132d1a,Noad Lahat,9f755fb04cc21499,Y
Johny Hendricks,0941df56f6ac954b,Robbie Lawler,f2925e6db404bf1d,Y
Tyron Woodley,effd9de9937996f8,Carlos Condit,f9f07bb5a43535ed,Y
Myles Jury,08e908ed6d18d6a0,Diego Sanchez,82e7929bf6c2b689,Y
Hector Lombard,db1f2ed63b54b9a7,Jake Shields,fe435e440b5de0ff,Y
Ovince Saint Preux,50db8711c70196cd,Nikita Krylov,1091d4d957141094,Y
Kelvin Gastelum,8c0580d4fff106c1,Rick Story,5b5307450405abf0,Y
Jessica Andrade,6a1901c62ab3870f,Raquel Pennington,fc169c387b4b465d,Y
Dennis Bermudez,6f242453c91a5af0,Jimy Hettes,893d51aaf024eddd,Y
Alex Garcia,a2b12c3f3d60ff69,Sean Spencer,ab850a77a0fa487d,Y
Francisco Trevino,97a6bbe6e6566a94,Renee Forte,44bc27bfa76dcd9e,Y
Justin Scoggins,9fa568ad2bf2cb0b,Will Campuzano,901cddcbfa079097,Y
Sean Strickland,0d8011111be000b2,Robert McDaniel,5cafbc97dba2e797,Y
Robert Whiteford,1dafccb62a0f98ec,Daniel Pineda,361d49960a196976,Y
Alexander Gustafsson,3c6976f8182d9527,Jimi Manuwa,1e1dbd1cc5a7469e,Y
Michael Johnson,511e82663651438d,Melvin Guillard,ccd1299e0345e0ce,Y
Brad Pickett,c945adc22c2bfe8f,Neil Seery,49a74b9fb2e45fdf,Y
Gunnar Nelson,fd55393021a8c255,Omari Akhmedov,16690d100f995f8f,Y
Ilir Latifi,e9a3aeb207578eea,Cyrille Diabate,43563a32c3f10e95,Y
Luke Barnatt,172c2135e70f87b7,Mats Nilsson,a9bcf8717dd12532,Y
Claudio Silva,6f7c616b98e18c29,Brad Scott,34e552520a934063,Y
Igor Araujo,dbea8c1cb327ab3d,Danny Mitchell,c06d554ce1713fd3,Y
Phil Harris,ba043b03eb799063,Louis Gaudinot,b72a60a0cadff408,N
Dong Hyun Kim,9bcf8603ceb25680,John Hathaway,28f3c2258a1d8874,Y
Zhang Lipeng,7b310409440c9102,Sai Wang,efb9a43415a56d34,Y
Matt Mitrione,ba280572acfba13f,Shawn Jordan,ca2efc9d7d523c43,Y
Hatsu Hioki,ef7fa30364cbe7f2,Ivan Menjivar,5755960ebd0b16f6,Y
Yui Chul Nam,a00ec21cfbba17b6,Kazuki Tokudome,c4af2feb4b58bc3b,Y
Vaughan Lee,8bb6f4479685bbcc,Nam Phan,80dbeb1dd5b53e64,Y
Anying Wang,69e8c632135af48b,Albert Cheng,d8d7b24d276c8cb0,Y
Mark Eddiva,40ff198adda94b9f,Jumabieke Tuerxun,1ed32eaaba9ffe10,Y
Ronda Rousey,8bdac25ce0bb874d,Sara McMann,7be74a12d7352df2,Y
Daniel Cormier,d967f0128c323de6,Patrick Cummins,e51e5cb722bd47a8,Y
Rory MacDonald,cbd5d3cdd862e90e,Demian Maia,427b5953ac8e3a27,Y
Mike Pyle,f5990c11974d8e9c,TJ Waldburger,8f2939f5fd9cca1e,Y
Stephen Thompson,4a28cb716c19157a,Robert Whittaker,e1147d3d2dabe1ce,Y
Alexis Davis,4c2d90e335e6df19,Jessica Eye,f72465a784c1b084,Y
Raphael Assuncao,2f13e4020cea5b38,Pedro Munhoz,6bd02119599741a4,Y
Aljamain Sterling,cb696ebfb6598724,Cody Gibson,700a674c042b7a96,Y
Zach Makovsky,57ab4d7c0bc09a30,Josh Sampo,f65dcb22dada2223,Y
Erik Koch,99bd87a300079ed9,Rafaello Oliveira,15b1b21cd743d652,Y
Ernest Chavez,b406da701c479076,Yosdenis Cedeno,3e61082025db8137,Y
Lyoto Machida,f7a7f7118d4b01b6,Gegard Mousasi,232c582f29f8f65e,Y
Jacare Souza,7a703c565ccaa18f,Francis Carmont,3591d0d5d382a381,Y
Erick Silva,5866fc86183a9fb8,Takenori Sato,276c60b14b571dd4,Y
Nicholas Musoke,8b5f9ea38184ded3,Viscardi Andrade,d221ee27afc7a60e,Y
Charles Oliveira,07225ba28ae309b6,Andy Ogle,b6c4451cb13c9303,Y
Joe Proctor,a36556bb1565e32d,Cristiano Marcello,ff4c3ab594c7fac3,Y
Rodrigo Damm,a20d7dfaba74c067,Ivan Jorge,19db7ac26308178f,Y
Francisco Trinaldo,a8283a4f415e1eb9,Jesse Ronson,5580771f383e141f,Y
Iuri Alcantara,2f95a3c6d58b2aad,Wilson Reis,5aedf14771ca82d2,Y
Felipe Arantes,71002dbc1743b9a7,Maximo Blanco,4a1329cc8eb0928a,Y
Ildemar Alcantara,7c6e87729e824ef4,Albert Tumenov,ff6a1f63c254127e,Y
Zubaira Tukhugov,aceffa19749c4dc0,Douglas Silva de Andrade,3a314d9fa7c6825d,Y
Renan Barao,2c99576fefe53c7c,Urijah Faber,78114b7199cef90c,Y
Jose Aldo,d0f3959b4a9747e6,Ricardo Lamas,3974fa35c917af1d,Y
Alistair Overeem,b4ad3a06ee4d660c,Frank Mir,1ff9589f9065a9ed,Y
Ali Bagautinov,3dd92ff9fb0412b3,John Lineker,c268b2cfebccf652,Y
Abel Trujillo,e14b5aa06eea9653,Jamie Varner,a54fc2d6fc224dc3,Y
Alan Patrick,cd7763bcadb5d4c8,John Makdessi,c21a036b4e012f1c,Y
Chris Cariaso,b2e3aca4cd363477,Danny Martinez,8a9c6c4301f6d088,Y
Nick Catone,f8fe2053d73d7bcf,Tom Watson,6809c31286b08d97,Y
Al Iaquinta,59279a7c978f7da0,Kevin Lee,ee9ebceabfd16fa7,Y
Clint Hester,92b62174c175ce19,Andy Enz,993d385f5a475375,Y
Rashid Magomedov,7ea1f74cef32f906,Anthony Rocco Martin,5331b25a60417ffb,Y
Neil Magny,84b3e7d38f2d2ec5,Gasan Umalatov,7a39bbac8cc0fa70,Y
Benson Henderson,2676b28836a5a836,Josh Thomson,a566371ba2ad7152,Y
Stipe Miocic,d28dee5c705991df,Gabriel Gonzaga,270b89c00ef0c55c,Y
Donald Cerrone,1d00756835ca67c9,Adriano Martins,7dcf06c1967801c1,Y
Jeremy Stephens,18968f97ad34f15c,Darren Elkins,92a9aa9c93192871,Y
Alex Caceres,7aa3d6964eff4877,Sergio Pettis,de75d1c45a39e221,Y
Eddie Wineland,fc9a9559a05f2704,Yves Jabouin,b4eeac608fc82f88,Y
Chico Camus,32be4b7f7de1c905,Yaotzin Meza,3623bd267a2eef2e,N
Hugo Viana,f95381efb3051d81,Ramiro Hernandez,915c8d39d4a0e7d1,Y
Daron Cruickshank,5f99b2bafb10305f,Mike Rio,af90b10c785ced3e,Y
George Sullivan,6c7e25571490aa3b,Mike Rhodes,b7ad576b8ae115e6,Y
Nikita Krylov,1091d4d957141094,Walt Harris,03f982ca3735070c,Y
Luke Rockhold,00e11b5c8b7bfeeb,Constantinos Philippou,05560764359161e4,Y
Brad Tavares,0c6d9ea8306c029e,Lorenz Larkin,9450848a71d53776,Y
TJ Dillashaw,c849740a3ff51931,Mike Easton,bc7230f231701d66,Y
Yoel Romero,f77c68bb4be8516d,Derek Brunson,b1a3e0aca758b322,Y
John Moraga,92437c6775b3f7d1,Dustin Ortiz,f53c1f4ceeed8c08,Y
Cole Miller,282fa667ff9c51ed,Sam Sicilia,b8aef0faf4ce9b31,Y
Ramsey Nijem,22aa91e402d0fe1f,Justin Edwards,e56daf7725a0b5ab,Y
Elias Silverio,52ba464d9068d871,Isaac Vallie-Flagg,c295de4e10acd4c9,Y
Trevor Smith,f797f0c57a83353e,Brian Houston,36fbaa49a09ff997,Y
Louis Smolka,d2bc285ead803db0,Alptekin Ozkilic,e18a19001a3f7c7d,Y
Vinc Pichel,c77a953488e5607d,Garett Whiteley,129537073431e52e,Y
Beneil Dariush,08af939f41b5a57b,Charlie Brenneman,98f6da59d765ec94,Y
Tarec Saffiedine,0749d968e932df53,Hyun Gyu Lim,203c957eac95dd87,Y
Tatsuya Kawajiri,80d918336163b80c,Sean Soriano,bd5403efbaa445c0,Y
Kiichi Kunimoto,71df36d6d8cf0d74,Luiz Dutra,2153a7f8396a46cc,Y
Kyung Ho Kang,a7897d200692ab64,Shunichi Shimizu,10657c60ce349e0f,Y
Max Holloway,150ff4cc642270b9,Will Chope,db5dc7cb80d7d418,Y
Katsunori Kikuno,44470bfd9483c7ad,Quinn Mulhern,16af2d5a6f28bee2,Y
Royston Wee,b9c03e7a4557e542,Dave Galera,0876d21328cf4a45,Y
Mairbek Taisumov,8f5c8850b2484173,Tae Hyun Bang,9a2d3567abc02e34,Y
Dustin Kimura,fe91d254db77a7fc,Jon Delos Reyes,0d0351c20169a499,Y
Russell Doane,f50d95223751e6ca,Leandro Issa,d1e1fdcea7c8a90a,Y
Chris Weidman,3a8176e15b9887c1,Anderson Silva,1f454354805b6f75,Y
Ronda Rousey,8bdac25ce0bb874d,Miesha Tate,b96619b3acd7d9da,Y
Travis Browne,3236bf606fe9fa5b,Josh Barnett,ad3f53c454cbbead,Y
Jim Miller,d1941565abf50b16,Fabricio Camoes,7abe471b61725980,Y
Dustin Poirier,029eaff01e6bb8f0,Diego Brandao,c2e3e67b5911bfb7,Y
Uriah Hall,65578a75fa7900e3,Chris Leben,d43a048a880efdff,Y
Michael Johnson,511e82663651438d,Gleison Tibau,75e5fec9f72910ef,Y
Dennis Siver,5f87a5c00b3d17ed,Manvel Gamburyan,cc6f9d1e89f3449a,N
John Howard,fc31f896cde2bc2e,Siyar Bahadurzada,aec185309b4843d0,Y
William Macario,ed74afc8b5b47a61,Bobby Voelker,fb8a3025ae722e64,Y
Robert Peralta,960d6cae8879ba2b,Estevan Payan,d0a5ef38a7778ac2,Y
Demetrious Johnson,8a304bfd6bf04a57,Joseph Benavidez,80eacd4da0617c57,Y
Urijah Faber,78114b7199cef90c,Michael McDonald,d0314416a7f26527,Y
Chad Mendes,b5b684eac99ae0a3,Nik Lentz,6fb1ba67bef41b37,Y
Joe Lauzon,3bad7ef643840f67,Mac Danzig,86f582852a5b240a,Y
Ryan LaFlare,4c7781da8c6cae93,Court McGee,523fa774700d7d3f,Y
Edson Barboza,64a50dad704d1d49,Danny Castillo,d1e7fc58d4225cdf,Y
King Green,887961364be5ceb3,Pat Healy,50d2f0018bcf9eef,Y
Zach Makovsky,57ab4d7c0bc09a30,Scott Jorgensen,0b64d0fed453ef7f,Y
Sam Stout,501b07aec9b8fc2d,Cody McKenzie,7be63795363029e8,Y
Abel Trujillo,e14b5aa06eea9653,Roger Bowling,3b9f723e2720a238,Y
Alptekin Ozkilic,e18a19001a3f7c7d,Darren Uyenoyama,6546af7ab545b90c,Y
Mark Hunt,eef9b891edbd4604,Antonio Silva,8349d55cdecd393a,N
Mauricio Rua,140745cbbcb023ac,James Te Huna,f5431394fb284bb9,Y
Ryan Bader,c0ab242c40decc55,Anthony Perosh,4b4753d19489297f,Y
Soa Palelei,60029bcf496bd707,Pat Barry,658c3465581ae46b,Y
Clint Hester,92b62174c175ce19,Dylan Andrews,00debc804e2b1cd4,Y
Bethe Correia,673ea7dcc786b1b3,Julie Kedzie,981ab7a0576f76a0,Y
Takeya Mizugaki,48e093ea1f43a053,Nam Phan,80dbeb1dd5b53e64,Y
Caio Magalhaes,0c5c66ddd1886b83,Nick Ring,b13da0b1a3aed3e7,Y
Justin Scoggins,9fa568ad2bf2cb0b,Richie Vaculik,54578e5927adea53,Y
Krzysztof Jotko,4e06913c91da5200,Bruno Santos,da1d8d76404bb6b5,Y
Alex Garcia,a2b12c3f3d60ff69,Ben Wall,1ad381c8994c4e5b,Y
Nate Diaz,8355922d564b152c,Gray Maynard,7d96bc577e5178b2,Y
Julianna Pena,3253b16d38ae087d,Jessica Rakoczy,ffdeb4fbea09ce75,Y
Chris Holdsworth,fc60ecf0671b9489,Davey Grant,113df4fde64735c6,Y
Jessamyn Duke,a7ddae0be8b78147,Peggy Morgan,92b36014314b028b,Y
Raquel Pennington,fc169c387b4b465d,Roxanne Modafferi,4498b382c65a7faa,Y
Akira Corassani,3f52ce18fb98008f,Maximo Blanco,4a1329cc8eb0928a,Y
Tom Niinimaki,5fceb45939fc0c8a,Rani Yahya,94527830000ab715,Y
Jared Rosholt,91ea901c458e95dd,Walt Harris,03f982ca3735070c,Y
Sean Spencer,ab850a77a0fa487d,Drew Dober,519e4fe37ce9ff75,Y
Josh Sampo,f65dcb22dada2223,Ryan Benoit,20999e27ddd94bda,Y
Georges St-Pierre,6506c1d34da9c013,Johny Hendricks,0941df56f6ac954b,Y
Rashad Evans,ee779c43a8926d52,Chael Sonnen,48d1f690b763934c,Y
Robbie Lawler,f2925e6db404bf1d,Rory MacDonald,cbd5d3cdd862e90e,Y
Tyron Woodley,effd9de9937996f8,Josh Koscheck,dd37fd509af89f15,Y
Ali Bagautinov,3dd92ff9fb0412b3,Tim Elliott,c96d9178c9ed9e62,Y
Donald Cerrone,1d00756835ca67c9,Evan Dunham,e5c9de15bb58b1c6,Y
Thales Leites,cfb65863d5099327,Ed Herman,06f36cf4bd97ec77,Y
Rick Story,5b5307450405abf0,Brian Ebersole,32ba186f4b0e3267,Y
Erik Perez,af62f99eb7606308,Edwin Figueroa,bbfca6d5c27d9cd8,Y
Jason High,e5d03e4d966126bd,Anthony Lapsley,f3a853544e4413c4,Y
Sergio Pettis,de75d1c45a39e221,Will Campuzano,901cddcbfa079097,Y
Gian Villante,fcd448a2fe1a23cc,Cody Donovan,7bc96507e4b38d3b,Y
Vitor Belfort,0ee783aa00e468f0,Dan Henderson,1ccf4e7caff270df,Y
Cezar Ferreira,dbc17725b887860a,Daniel Sarafian,7e47047d0971d566,Y
Rafael Cavalcante,5c1ca0c72b599a3c,Igor Pokrajac,53278852bcd91e11,Y
Brandon Thatch,638cfec7ec559d6e,Paulo Thiago,30a09e43f15f1d75,Y
Ryan LaFlare,4c7781da8c6cae93,Santiago Ponzinibbio,6d1bffff14897645,Y
Jeremy Stephens,18968f97ad34f15c,Rony Jason,b71ce838b01f2cad,Y
Sam Sicilia,b8aef0faf4ce9b31,Godofredo Pepey,fa37628269132d1a,Y
Omari Akhmedov,16690d100f995f8f,Thiago Perpetuo,c1a5d3843596df92,Y
Thiago Tavares,8a59d346dc976a10,Justin Salas,9b198c73e3d0d289,Y
Adriano Martins,7dcf06c1967801c1,Daron Cruickshank,5f99b2bafb10305f,Y
Dustin Ortiz,f53c1f4ceeed8c08,Jose Maria,b35ba64b6a2bbcb3,Y
Tim Kennedy,3c660c90d48fc80d,Rafael Natal,0dba4df5f34d5ff0,Y
Alexis Davis,4c2d90e335e6df19,Liz Carmouche,51a0c09cbe9b8472,Y
Yoel Romero,f77c68bb4be8516d,Ronny Markes,bd21a1e3d41c97ee,Y
Rustam Khabilov,9b7694d064a8a0ad,Jorge Masvidal,47b9e0e7703a4868,Y
Michael Chiesa,c58f51dedb310998,Colton Smith,2e25c1d983c26311,Y
King Green,887961364be5ceb3,James Krause,8f6a18831a120817,Y
Francisco Rivera,7ea4a9f07df33a45,George Roop,3c0437fbeda06962,Y
Dennis Bermudez,6f242453c91a5af0,Steven Siler,d188a3b817860ec6,Y
Amanda Nunes,80fa8218c99f9c58,Germaine de Randamie,1d239d571e342453,Y
Lorenz Larkin,9450848a71d53776,Chris Camozzi,6c2030e0a143a94b,Y
Yves Edwards,5f04e3d58d9ce982,Yancy Medeiros,813550bc53b15fb0,N
Seth Baczynski,fd5b6598a3b70c0a,Neil Magny,84b3e7d38f2d2ec5,Y
Derek Brunson,b1a3e0aca758b322,Brian Houston,36fbaa49a09ff997,Y
Lyoto Machida,f7a7f7118d4b01b6,Mark Munoz,179f1948dc234f1f,Y
Ross Pearson,4f732e58ed907eff,Melvin Guillard,ccd1299e0345e0ce,N
Jimi Manuwa,1e1dbd1cc5a7469e,Ryan Jimmo,bc3ec52ef70fc155,Y
Norman Parke,14ff46596ad80609,Jon Tuck,53ec9cb470e1a4ea,Y
Nicholas Musoke,8b5f9ea38184ded3,Alessio Sakara,7f955f71fa2ce7ac,Y
John Lineker,c268b2cfebccf652,Phil Harris,ba043b03eb799063,Y
Al Iaquinta,59279a7c978f7da0,Piotr Hallmann,a3be148af5c7b088,Y
Luke Barnatt,172c2135e70f87b7,Andrew Craig,8a70ceb3edbe757b,Y
Jessica Andrade,6a1901c62ab3870f,Rosi Sexton,5dfe71ade71f3a4b,Y
Cole Miller,282fa667ff9c51ed,Andy Ogle,b6c4451cb13c9303,Y
Jimy Hettes,893d51aaf024eddd,Robert Whiteford,1dafccb62a0f98ec,Y
Brad Scott,34e552520a934063,Michael Kuiper,b7f38813485745da,Y
Cain Velasquez,0ff11cc094e887bc,Junior Dos Santos,63def5a5662a6917,Y
Daniel Cormier,d967f0128c323de6,Roy Nelson,3f7c14c7eca7195d,Y
Gilbert Melendez,aa5b4eff51bdc7d1,Diego Sanchez,82e7929bf6c2b689,Y
Gabriel Gonzaga,270b89c00ef0c55c,Shawn Jordan,ca2efc9d7d523c43,Y
John Dodson,99506df1af6c8b3b,Darrell Montague,bffeb123b21c9aad,Y
Tim Boetsch,c80095f6092271a7,CB Dollaway,5d7bdab5e03e3216,Y
Hector Lombard,db1f2ed63b54b9a7,Nate Marquardt,a8e6a69796280f17,Y
Sarah Kaufman,36df8e119aec6175,Jessica Eye,f72465a784c1b084,N
KJ Noons,b7ffa72aa148599a,George Sotiropoulos,896c322f56b8be5a,Y
Adlan Amagov,1e327b281ef6a745,TJ Waldburger,8f2939f5fd9cca1e,Y
Tony Ferguson,22a92d7f62195791,Mike Rio,af90b10c785ced3e,Y
Andre Fili,8fd808923cffff82,Jeremy Larsen,c3bd649a9194e50c,Y
Kyoji Horiguchi,98aa60cf58071fd6,Dustin Pague,55f80a8aeffcdb33,Y
Jake Shields,fe435e440b5de0ff,Demian Maia,427b5953ac8e3a27,Y
Dong Hyun Kim,9bcf8603ceb25680,Erick Silva,5866fc86183a9fb8,Y
Thiago Silva,2924886ee9c4c527,Matt Hamill,98b80a717b9bda17,Y
Fabio Maldonado,1fb80f46d3c105d9,Joey Beltran,46baf0f57edfa4df,Y
Rousimar Palhares,8ddf9c51c5fdea75,Mike Pierce,236a37d96d476164,Y
Raphael Assuncao,2f13e4020cea5b38,TJ Dillashaw,c849740a3ff51931,Y
Igor Araujo,dbea8c1cb327ab3d,Ildemar Alcantara,7c6e87729e824ef4,Y
Yan Cabral,7cdd3e5d3aa9cb39,David Mitchell,8f3df4c579cfbb69,Y
Chris Cariaso,b2e3aca4cd363477,Iliarde Santos,14aa21bc82cac57d,Y
Alan Patrick,cd7763bcadb5d4c8,Garett Whiteley,129537073431e52e,Y
Jon Jones,07f72a2a7591b409,Alexander Gustafsson,3c6976f8182d9527,Y
Renan Barao,2c99576fefe53c7c,Eddie Wineland,fc9a9559a05f2704,Y
Brendan Schaub,89a407032911e27e,Matt Mitrione,ba280572acfba13f,Y
Francis Carmont,3591d0d5d382a381,Constantinos Philippou,05560764359161e4,Y
Khabib Nurmagomedov,032cc3922d871c7f,Pat Healy,50d2f0018bcf9eef,Y
Myles Jury,08e908ed6d18d6a0,Mike Ricci,3c921b1a30fdcbdd,Y
Wilson Reis,5aedf14771ca82d2,Ivan Menjivar,5755960ebd0b16f6,Y
Stephen Thompson,4a28cb716c19157a,Chris Clements,e5ecaf884b6da2bc,Y
Mitch Gagnon,b8592b4a383696cd,Dustin Kimura,fe91d254db77a7fc,Y
John Makdessi,c21a036b4e012f1c,Renee Forte,44bc27bfa76dcd9e,Y
Michel Prazeres,e51fcd9cd84c0b93,Jesse Ronson,5580771f383e141f,Y
Alex Caceres,7aa3d6964eff4877,Roland Delorme,173acb3f920082b8,Y
Daniel Omielanczuk,470fedbc8563ac47,Nandor Guelmino,1abfb658cd4f8533,Y
Glover Teixeira,7ff97850e8c32bda,Ryan Bader,c0ab242c40decc55,Y
Jacare Souza,7a703c565ccaa18f,Yushin Okami,acff437707625fc7,Y
Joseph Benavidez,80eacd4da0617c57,Jussier Formiga,b102c26727306ab6,Y
Piotr Hallmann,a3be148af5c7b088,Francisco Trinaldo,a8283a4f415e1eb9,Y
Rafael Natal,0dba4df5f34d5ff0,Tor Troeng,8abf70f79e9e27c2,Y
Ali Bagautinov,3dd92ff9fb0412b3,Marcos Vinicius,e363b21261814830,Y
Edimilson Souza,6c7020b859c7a3ce,Felipe Arantes,71002dbc1743b9a7,Y
Lucas Martins,7413b80dbb0f8f9f,Ramiro Hernandez,915c8d39d4a0e7d1,Y
Elias Silverio,52ba464d9068d871,Joao Zeferino,be4076c9e8d791e3,Y
Ivan Jorge,19db7ac26308178f,Keith Wisniewski,cd12227edd3f134b,Y
Sean Spencer,ab850a77a0fa487d,Yuri Villefort,0fb1e2694a39a02f,Y
Anthony Pettis,cbb682f5fcc44bfc,Benson Henderson,2676b28836a5a836,Y
Josh Barnett,ad3f53c454cbbead,Frank Mir,1ff9589f9065a9ed,Y
Chad Mendes,b5b684eac99ae0a3,Clay Guida,c47df9303d318c67,Y
Ben Rothwell,bd58d34e39b7b12a,Brandon Vera,fa315e6c77eee106,Y
Dustin Poirier,029eaff01e6bb8f0,Erik Koch,99bd87a300079ed9,Y
Gleison Tibau,75e5fec9f72910ef,Jamie Varner,a54fc2d6fc224dc3,Y
Tim Elliott,c96d9178c9ed9e62,Louis Gaudinot,b72a60a0cadff408,Y
Hyun Gyu Lim,203c957eac95dd87,Pascal Krauss,a01e84abefd85ec0,Y
Chico Camus,32be4b7f7de1c905,Kyung Ho Kang,a7897d200692ab64,Y
Soa Palelei,60029bcf496bd707,Nikita Krylov,1091d4d957141094,Y
Al Iaquinta,59279a7c978f7da0,Ryan Couture,46fd223e3ced39b3,Y
Magnus Cedenblad,0e21976afc92e4d1,Jared Hamman,23459ee7e373b98f,Y
Carlos Condit,f9f07bb5a43535ed,Martin Kampmann,8b69839f3555a67b,Y
Rafael Dos Anjos,6a2f7c151031653d,Donald Cerrone,1d00756835ca67c9,Y
Kelvin Gastelum,8c0580d4fff106c1,Brian Melancon,eee7dafac7d672b5,Y
Court McGee,523fa774700d7d3f,Robert Whittaker,e1147d3d2dabe1ce,Y
Takeya Mizugaki,48e093ea1f43a053,Erik Perez,af62f99eb7606308,Y
Brad Tavares,0c6d9ea8306c029e,Robert McDaniel,5cafbc97dba2e797,Y
Dylan Andrews,00debc804e2b1cd4,Papy Abedi,c9f6385af6df66d7,Y
Brandon Thatch,638cfec7ec559d6e,Justin Edwards,e56daf7725a0b5ab,Y
Darren Elkins,92a9aa9c93192871,Hatsu Hioki,ef7fa30364cbe7f2,Y
Jason High,e5d03e4d966126bd,James Head,19a8cce18a1cef9e,Y
Zak Cummings,4ba8d454f762005d,Ben Alloway,c4fe2e9a06ea5bcb,Y
Roger Bowling,3b9f723e2720a238,Abel Trujillo,e14b5aa06eea9653,N
Chael Sonnen,48d1f690b763934c,Mauricio Rua,140745cbbcb023ac,Y
Travis Browne,3236bf606fe9fa5b,Alistair Overeem,b4ad3a06ee4d660c,Y
Urijah Faber,78114b7199cef90c,Iuri Alcantara,2f95a3c6d58b2aad,Y
Matt Brown,31123249b0bbf52e,Mike Pyle,f5990c11974d8e9c,Y
John Howard,fc31f896cde2bc2e,Uriah Hall,65578a75fa7900e3,Y
Michael Johnson,511e82663651438d,Joe Lauzon,3bad7ef643840f67,Y
Michael McDonald,d0314416a7f26527,Brad Pickett,c945adc22c2bfe8f,Y
Conor McGregor,f4c49976c75c5ab2,Max Holloway,150ff4cc642270b9,Y
Steven Siler,d188a3b817860ec6,Mike Brown,e0b74df14f52cd15,Y
Diego Brandao,c2e3e67b5911bfb7,Daniel Pineda,361d49960a196976,Y
Manvel Gamburyan,cc6f9d1e89f3449a,Cole Miller,282fa667ff9c51ed,Y
Ovince Saint Preux,50db8711c70196cd,Cody Donovan,7bc96507e4b38d3b,Y
James Vick,6256b2b1562cb8e1,Ramsey Nijem,22aa91e402d0fe1f,Y
Jose Aldo,d0f3959b4a9747e6,Chan Sung Jung,c451d67c09c55418,Y
Phil Davis,902ab9197b83d0db,Lyoto Machida,f7a7f7118d4b01b6,Y
Cezar Ferreira,dbc17725b887860a,Thiago Santos,dea070ed4a2a8281,Y
Thales Leites,cfb65863d5099327,Tom Watson,6809c31286b08d97,Y
John Lineker,c268b2cfebccf652,Jose Maria,b35ba64b6a2bbcb3,Y
Anthony Perosh,4b4753d19489297f,Vinny Magalhaes,88a9bc81271ccd89,Y
Amanda Nunes,80fa8218c99f9c58,Sheila Gaff,837d30395faca41e,Y
Sergio Moraes,1bcaac2d99b90fce,Neil Magny,84b3e7d38f2d2ec5,Y
Ian McCall,701e057d63c124d9,Iliarde Santos,14aa21bc82cac57d,Y
Rani Yahya,94527830000ab715,Josh Clopton,48e96d9cea6d4ab0,Y
Francimar Barroso,b69f24c500d783e7,Ednaldo Oliveira,acd9513399a8b09b,Y
Viscardi Andrade,d221ee27afc7a60e,Bristol Marunde,a17322f99ddfd8e9,Y
Demetrious Johnson,8a304bfd6bf04a57,John Moraga,92437c6775b3f7d1,Y
Rory MacDonald,cbd5d3cdd862e90e,Jake Ellenberger,d81ac739417d7f53,Y
Robbie Lawler,f2925e6db404bf1d,Bobby Voelker,fb8a3025ae722e64,Y
Liz Carmouche,51a0c09cbe9b8472,Jessica Andrade,6a1901c62ab3870f,Y
Jorge Masvidal,47b9e0e7703a4868,Michael Chiesa,c58f51dedb310998,Y
Danny Castillo,d1e7fc58d4225cdf,Tim Means,4b47e71384a9522f,Y
Melvin Guillard,ccd1299e0345e0ce,Mac Danzig,86f582852a5b240a,Y
Daron Cruickshank,5f99b2bafb10305f,Yves Edwards,5f04e3d58d9ce982,Y
Ed Herman,06f36cf4bd97ec77,Trevor Smith,f797f0c57a83353e,Y
Germaine de Randamie,1d239d571e342453,Julie Kedzie,981ab7a0576f76a0,Y
Justin Salas,9b198c73e3d0d289,Aaron Riley,f2c8ebbeafd45f2b,Y
Yaotzin Meza,3623bd267a2eef2e,John Albert,7bd94b60d7521e4a,Y
Chris Weidman,3a8176e15b9887c1,Anderson Silva,1f454354805b6f75,Y
Frankie Edgar,f2688492b9a525a3,Charles Oliveira,07225ba28ae309b6,Y
Tim Kennedy,3c660c90d48fc80d,Roger Gracie,a6bbd3df469c6bea,Y
Mark Munoz,179f1948dc234f1f,Tim Boetsch,c80095f6092271a7,Y
Cub Swanson,d247691a6c0e9034,Dennis Siver,5f87a5c00b3d17ed,Y
Andrew Craig,8a70ceb3edbe757b,Chris Leben,d43a048a880efdff,Y
Norman Parke,14ff46596ad80609,Kazuki Tokudome,c4af2feb4b58bc3b,Y
Gabriel Gonzaga,270b89c00ef0c55c,Dave Herman,cbd6f1abf955e628,Y
Edson Barboza,64a50dad704d1d49,Rafaello Oliveira,15b1b21cd743d652,Y
Brian Melancon,eee7dafac7d672b5,Seth Baczynski,fd5b6598a3b70c0a,Y
Mike Pierce,236a37d96d476164,David Mitchell,8f3df4c579cfbb69,Y
Rashad Evans,ee779c43a8926d52,Dan Henderson,1ccf4e7caff270df,Y
Stipe Miocic,d28dee5c705991df,Roy Nelson,3f7c14c7eca7195d,Y
Ryan Jimmo,bc3ec52ef70fc155,Igor Pokrajac,53278852bcd91e11,Y
Alexis Davis,4c2d90e335e6df19,Rosi Sexton,5dfe71ade71f3a4b,Y
Shawn Jordan,ca2efc9d7d523c43,Pat Barry,658c3465581ae46b,Y
Jake Shields,fe435e440b5de0ff,Tyron Woodley,effd9de9937996f8,Y
James Krause,8f6a18831a120817,Sam Stout,501b07aec9b8fc2d,Y
Sean Pierson,0d506315895efffc,Kenny Robertson,6e0273f9478be71e,Y
Roland Delorme,173acb3f920082b8,Edwin Figueroa,bbfca6d5c27d9cd8,Y
Mitch Clarke,c76ec2bc3a57666a,John Maguire,1a7745388839e52b,Y
Yves Jabouin,b4eeac608fc82f88,Dustin Pague,55f80a8aeffcdb33,Y
Fabricio Werdum,492b202d2064e7a9,Antonio Rodrigo Nogueira,ee9d73f4fee9cbdd,Y
Leonardo Santos,9c65736747ca92ec,William Macario,ed74afc8b5b47a61,Y
Thiago Silva,2924886ee9c4c527,Rafael Cavalcante,5c1ca0c72b599a3c,Y
Erick Silva,5866fc86183a9fb8,Jason High,e5d03e4d966126bd,Y
Daniel Sarafian,7e47047d0971d566,Eddie Mendez,49e49b54e5901d0d,Y
Rony Jason,b71ce838b01f2cad,Mike Wilkinson,cfaf010d5b389c09,Y
Raphael Assuncao,2f13e4020cea5b38,Vaughan Lee,8bb6f4479685bbcc,Y
Felipe Arantes,71002dbc1743b9a7,Godofredo Pepey,fa37628269132d1a,Y
Ildemar Alcantara,7c6e87729e824ef4,Leandro Silva,159da492e000afbf,Y
Rodrigo Damm,a20d7dfaba74c067,Mizuto Hirota,35faad160d346839,Y
Caio Magalhaes,0c5c66ddd1886b83,Karlos Vemola,d23ccf4a6c221284,Y
Antonio Braga Neto,fae67903c4fe636b,Anthony Smith,d4c9dcd330403612,Y
Cain Velasquez,0ff11cc094e887bc,Antonio Silva,8349d55cdecd393a,Y
Junior Dos Santos,63def5a5662a6917,Mark Hunt,eef9b891edbd4604,Y
Glover Teixeira,7ff97850e8c32bda,James Te Huna,f5431394fb284bb9,Y
TJ Grant,a26198ba5093147e,Gray Maynard,7d96bc577e5178b2,Y
Donald Cerrone,1d00756835ca67c9,KJ Noons,b7ffa72aa148599a,Y
Mike Pyle,f5990c11974d8e9c,Rick Story,5b5307450405abf0,Y
Dennis Bermudez,6f242453c91a5af0,Max Holloway,150ff4cc642270b9,Y
Robert Whittaker,e1147d3d2dabe1ce,Colton Smith,2e25c1d983c26311,Y
Khabib Nurmagomedov,032cc3922d871c7f,Abel Trujillo,e14b5aa06eea9653,Y
Stephen Thompson,4a28cb716c19157a,Nah-Shon Burrell,2c64c035485906aa,Y
George Roop,3c0437fbeda06962,Brian Bowles,b26d3e3746fb4024,Y
Jeremy Stephens,18968f97ad34f15c,Estevan Payan,d0a5ef38a7778ac2,Y
Vitor Belfort,0ee783aa00e468f0,Luke Rockhold,00e11b5c8b7bfeeb,Y
Jacare Souza,7a703c565ccaa18f,Chris Camozzi,6c2030e0a143a94b,Y
Rafael Dos Anjos,6a2f7c151031653d,Evan Dunham,e5c9de15bb58b1c6,Y
Rafael Natal,0dba4df5f34d5ff0,Joao Zeferino,be4076c9e8d791e3,Y
Nik Lentz,6fb1ba67bef41b37,Hacran Dias,ed209f6618c82e41,Y
Francisco Trinaldo,a8283a4f415e1eb9,Mike Rio,af90b10c785ced3e,Y
Gleison Tibau,75e5fec9f72910ef,John Cholish,03c9994c5b8958ec,Y
Paulo Thiago,30a09e43f15f1d75,Michel Prazeres,e51fcd9cd84c0b93,Y
Iuri Alcantara,2f95a3c6d58b2aad,Iliarde Santos,14aa21bc82cac57d,Y
Fabio Maldonado,1fb80f46d3c105d9,Roger Hollett,27d65e9d0fba61ea,Y
John Lineker,c268b2cfebccf652,Azamat Gashimov,a1b0715c4fd2dbd3,Y
Jussier Formiga,b102c26727306ab6,Chris Cariaso,b2e3aca4cd363477,Y
Lucas Martins,7413b80dbb0f8f9f,Jeremy Larsen,c3bd649a9194e50c,Y
Jon Jones,07f72a2a7591b409,Chael Sonnen,48d1f690b763934c,Y
Michael Bisping,2b93ebd9f5417ad2,Alan Belcher,4130a743d9d22163,Y
Roy Nelson,3f7c14c7eca7195d,Cheick Kongo,1eacf73d6a0055dc,Y
Phil Davis,902ab9197b83d0db,Vinny Magalhaes,88a9bc81271ccd89,Y
Jim Miller,d1941565abf50b16,Pat Healy,50d2f0018bcf9eef,N
Rustam Khabilov,9b7694d064a8a0ad,Yancy Medeiros,813550bc53b15fb0,Y
Ovince Saint Preux,50db8711c70196cd,Gian Villante,fcd448a2fe1a23cc,Y
Sara McMann,7be74a12d7352df2,Sheila Gaff,837d30395faca41e,Y
Bryan Caraway,5ef0088c1b19beeb,Johnny Bedford,ffc3e6daaa6da0b7,Y
Cody McKenzie,7be63795363029e8,Leonard Garcia,917e53fa0adea0d3,Y
Steven Siler,d188a3b817860ec6,Kurt Holobaugh,a7151778b3381036,Y
Benson Henderson,2676b28836a5a836,Gilbert Melendez,aa5b4eff51bdc7d1,Y
Daniel Cormier,d967f0128c323de6,Frank Mir,1ff9589f9065a9ed,Y
Josh Thomson,a566371ba2ad7152,Nate Diaz,8355922d564b152c,Y
Matt Brown,31123249b0bbf52e,Jordan Mein,2aa49b3766a59bcd,Y
Chad Mendes,b5b684eac99ae0a3,Darren Elkins,92a9aa9c93192871,Y
Francis Carmont,3591d0d5d382a381,Lorenz Larkin,9450848a71d53776,Y
Myles Jury,08e908ed6d18d6a0,Ramsey Nijem,22aa91e402d0fe1f,Y
Joseph Benavidez,80eacd4da0617c57,Darren Uyenoyama,6546af7ab545b90c,Y
Jorge Masvidal,47b9e0e7703a4868,Tim Means,4b47e71384a9522f,Y
TJ Dillashaw,c849740a3ff51931,Hugo Viana,f95381efb3051d81,Y
Anthony Njokuani,6bf5a7d3e081ade2,Roger Bowling,3b9f723e2720a238,Y
Yoel Romero,f77c68bb4be8516d,Clifford Starks,5abf827d62f98fee,Y
Urijah Faber,78114b7199cef90c,Scott Jorgensen,0b64d0fed453ef7f,Y
Kelvin Gastelum,8c0580d4fff106c1,Uriah Hall,65578a75fa7900e3,Y
Cat Zingano,3ecd936bd8814108,Miesha Tate,b96619b3acd7d9da,Y
Travis Browne,3236bf606fe9fa5b,Gabriel Gonzaga,270b89c00ef0c55c,Y
Robert McDaniel,5cafbc97dba2e797,Gilbert Smith,54ed8dc6f8c31207,Y
Josh Samman,9deff9e3e8d94d47,Kevin Casey,8d9586726252dbf7,Y
Luke Barnatt,172c2135e70f87b7,Collin Hart,16bf6a73bdd302cd,Y
Dylan Andrews,00debc804e2b1cd4,Jimmy Quinlan,ddbe4fa2ea573393,Y
Clint Hester,92b62174c175ce19,Bristol Marunde,a17322f99ddfd8e9,Y
Cole Miller,282fa667ff9c51ed,Bart Palaszewski,4304992c2acc187b,Y
Maximo Blanco,4a1329cc8eb0928a,Sam Sicilia,b8aef0faf4ce9b31,Y
Daniel Pineda,361d49960a196976,Justin Lawrence,879f6cae48d25baa,Y
Gegard Mousasi,232c582f29f8f65e,Ilir Latifi,e9a3aeb207578eea,Y
Ross Pearson,4f732e58ed907eff,Ryan Couture,46fd223e3ced39b3,Y
Matt Mitrione,ba280572acfba13f,Philip De Fries,6ef65b6a152e49d5,Y
Brad Pickett,c945adc22c2bfe8f,Mike Easton,bc7230f231701d66,Y
Diego Brandao,c2e3e67b5911bfb7,Pablo Garza,8e5bfd4e82352340,Y
Akira Corassani,3f52ce18fb98008f,Robert Peralta,960d6cae8879ba2b,Y
Reza Madadi,e25bcbcdaf6537a1,Michael Johnson,511e82663651438d,Y
Tor Troeng,8abf70f79e9e27c2,Adam Cella,b27b8881d7444114,Y
Adlan Amagov,1e327b281ef6a745,Chris Spang,411d012af19ecb59,Y
Conor McGregor,f4c49976c75c5ab2,Marcus Brimage,81801f57bd0a7c41,Y
Ryan LaFlare,4c7781da8c6cae93,Ben Alloway,c4fe2e9a06ea5bcb,Y
Tom Lawlor,4d44f37107f01b9b,Michael Kuiper,b7f38813485745da,Y
Papy Abedi,c9f6385af6df66d7,Besam Yousef,98ec9f385cca47fc,Y
Georges St-Pierre,6506c1d34da9c013,Nick Diaz,f57a8a52ca401ed9,Y
Johny Hendricks,0941df56f6ac954b,Carlos Condit,f9f07bb5a43535ed,Y
Jake Ellenberger,d81ac739417d7f53,Nate Marquardt,a8e6a69796280f17,Y
Chris Camozzi,6c2030e0a143a94b,Nick Ring,b13da0b1a3aed3e7,Y
Mike Ricci,3c921b1a30fdcbdd,Colin Fletcher,7d09200f6a77b20e,Y
Patrick Cote,9fa3bd637edd9aa2,Bobby Voelker,fb8a3025ae722e64,Y
Darren Elkins,92a9aa9c93192871,Antonio Carvalho,fef3d17e27e916e7,Y
Jordan Mein,2aa49b3766a59bcd,Dan Miller,d0c29452d3272603,Y
John Makdessi,c21a036b4e012f1c,Daron Cruickshank,5f99b2bafb10305f,Y
Rick Story,5b5307450405abf0,Quinn Mulhern,16af2d5a6f28bee2,Y
TJ Dillashaw,c849740a3ff51931,Issei Tamura,57bf89d42364d39e,Y
George Roop,3c0437fbeda06962,Reuben Duran,4417980b3e798abf,Y
Wanderlei Silva,a1f6999fe57236e0,Brian Stann,579fcdfcabd23a7b,Y
Mark Hunt,eef9b891edbd4604,Stefan Struve,ebc1f40e00e0c481,Y
Diego Sanchez,82e7929bf6c2b689,Takanori Gomi,3be081c29bf734d9,Y
Yushin Okami,acff437707625fc7,Hector Lombard,db1f2ed63b54b9a7,Y
Rani Yahya,94527830000ab715,Mizuto Hirota,35faad160d346839,Y
Dong Hyun Kim,9bcf8603ceb25680,Siyar Bahadurzada,aec185309b4843d0,Y
Brad Tavares,0c6d9ea8306c029e,Riki Fukuda,7c35f869033901ae,Y
Takeya Mizugaki,48e093ea1f43a053,Bryan Caraway,5ef0088c1b19beeb,Y
Kazuki Tokudome,c4af2feb4b58bc3b,Cristiano Marcello,ff4c3ab594c7fac3,Y
Alex Caceres,7aa3d6964eff4877,Kyung Ho Kang,a7897d200692ab64,N
Hyun Gyu Lim,203c957eac95dd87,Marcelo Guimaraes,0c9c0a43d3f3f49d,Y
Ronda Rousey,8bdac25ce0bb874d,Liz Carmouche,51a0c09cbe9b8472,Y
Lyoto Machida,f7a7f7118d4b01b6,Dan Henderson,1ccf4e7caff270df,Y
Urijah Faber,78114b7199cef90c,Ivan Menjivar,5755960ebd0b16f6,Y
Court McGee,523fa774700d7d3f,Josh Neer,d1a1314976c50bef,Y
Robbie Lawler,f2925e6db404bf1d,Josh Koscheck,dd37fd509af89f15,Y
Brendan Schaub,89a407032911e27e,Lavar Johnson,e6c5908910cc26e4,Y
Michael Chiesa,c58f51dedb310998,Anton Kuivanen,706f8e2b34e8e18b,Y
Dennis Bermudez,6f242453c91a5af0,Matt Grice,bfc2fc38a0e20211,Y
Sam Stout,501b07aec9b8fc2d,Caros Fodor,01d2ed8c502e3828,Y
Kenny Robertson,6e0273f9478be71e,Brock Jardine,64959f90b6dd9759,Y
Neil Magny,84b3e7d38f2d2ec5,Jon Manley,a0602dd050bebefc,Y
Nah-Shon Burrell,2c64c035485906aa,Yuri Villefort,0fb1e2694a39a02f,Y
Renan Barao,2c99576fefe53c7c,Michael McDonald,d0314416a7f26527,Y
Cub Swanson,d247691a6c0e9034,Dustin Poirier,029eaff01e6bb8f0,Y
Jimi Manuwa,1e1dbd1cc5a7469e,Cyrille Diabate,43563a32c3f10e95,Y
Gunnar Nelson,fd55393021a8c255,Jorge Santiago,f8dc544e7077d014,Y
James Te Huna,f5431394fb284bb9,Ryan Jimmo,bc3ec52ef70fc155,Y
Che Mills,6cadfd8f1d9e7685,Matthew Riddle,d023ae89a2a4a41e,N
Renee Forte,44bc27bfa76dcd9e,Terry Etim,33011768c3c4dc9a,Y
Danny Castillo,d1e7fc58d4225cdf,Paul Sass,7b143a54451263d9,Y
Andy Ogle,b6c4451cb13c9303,Josh Grispi,60ba33c3f555a7a3,Y
Tom Watson,6809c31286b08d97,Stanislav Nedkov,1d4bbaabd8b60173,Y
Vaughan Lee,8bb6f4479685bbcc,Motonobu Tezuka,d34636a85f0f4c90,Y
Phil Harris,ba043b03eb799063,Ulysses Gomez,1e35aa8955794580,Y
Jose Aldo,d0f3959b4a9747e6,Frankie Edgar,f2688492b9a525a3,Y
Rogerio Nogueira,73e09f837f3b5ecc,Rashad Evans,ee779c43a8926d52,Y
Antonio Silva,8349d55cdecd393a,Alistair Overeem,b4ad3a06ee4d660c,Y
Demian Maia,427b5953ac8e3a27,Jon Fitch,6f018c039b4d5d80,Y
Joseph Benavidez,80eacd4da0617c57,Ian McCall,701e057d63c124d9,Y
Evan Dunham,e5c9de15bb58b1c6,Gleison Tibau,75e5fec9f72910ef,Y
Tyron Woodley,effd9de9937996f8,Jay Hieron,5bb0a618ad03ac64,Y
King Green,887961364be5ceb3,Jacob Volkmann,6f81b6de2557739a,Y
Isaac Vallie-Flagg,c295de4e10acd4c9,Yves Edwards,5f04e3d58d9ce982,Y
Dustin Kimura,fe91d254db77a7fc,Chico Camus,32be4b7f7de1c905,Y
Francisco Rivera,7ea4a9f07df33a45,Edwin Figueroa,bbfca6d5c27d9cd8,Y
Demetrious Johnson,8a304bfd6bf04a57,John Dodson,99506df1af6c8b3b,Y
Glover Teixeira,7ff97850e8c32bda,Quinton Jackson,ffc088e64fab57e9,Y
Anthony Pettis,cbb682f5fcc44bfc,Donald Cerrone,1d00756835ca67c9,Y
Ricardo Lamas,3974fa35c917af1d,Erik Koch,99bd87a300079ed9,Y
TJ Grant,a26198ba5093147e,Matt Wiman,eb29176b03dfa888,Y
Clay Guida,c47df9303d318c67,Hatsu Hioki,ef7fa30364cbe7f2,Y
Pascal Krauss,a01e84abefd85ec0,Mike Stumpf,c0c36a5b3d5bbdd5,Y
Ryan Bader,c0ab242c40decc55,Vladimir Matyushenko,ccdd90bd1fc7dab6,Y
Shawn Jordan,ca2efc9d7d523c43,Mike Russow,353de740bb6c7e75,Y
Rafael Natal,0dba4df5f34d5ff0,Sean Spencer,ab850a77a0fa487d,Y
David Mitchell,8f3df4c579cfbb69,Simeon Thoresen,fea8acf9bfcf09ec,Y
Vitor Belfort,0ee783aa00e468f0,Michael Bisping,2b93ebd9f5417ad2,Y
CB Dollaway,5d7bdab5e03e3216,Daniel Sarafian,7e47047d0971d566,Y
Gabriel Gonzaga,270b89c00ef0c55c,Ben Rothwell,bd58d34e39b7b12a,Y
Khabib Nurmagomedov,032cc3922d871c7f,Thiago Tavares,8a59d346dc976a10,Y
Godofredo Pepey,fa37628269132d1a,Milton Vieira,7cf20446453f852b,Y
Ronny Markes,bd21a1e3d41c97ee,Andrew Craig,8a70ceb3edbe757b,Y
Nik Lentz,6fb1ba67bef41b37,Diego Nunes,3a24769a4855040a,Y
Edson Barboza,64a50dad704d1d49,Lucas Martins,7413b80dbb0f8f9f,Y
Iuri Alcantara,2f95a3c6d58b2aad,Pedro Nobre,e983c62faf677ab2,N
Ildemar Alcantara,7c6e87729e824ef4,Wagner Prado,7f6ef4e1227600bc,Y
Francisco Trinaldo,a8283a4f415e1eb9,CJ Keith,c0eecd851dbf3146,Y
Cain Velasquez,0ff11cc094e887bc,Junior Dos Santos,63def5a5662a6917,Y
Jim Miller,d1941565abf50b16,Joe Lauzon,3bad7ef643840f67,Y
Constantinos Philippou,05560764359161e4,Tim Boetsch,c80095f6092271a7,Y
Yushin Okami,acff437707625fc7,Alan Belcher,4130a743d9d22163,Y
Derek Brunson,b1a3e0aca758b322,Chris Leben,d43a048a880efdff,Y
Eddie Wineland,fc9a9559a05f2704,Brad Pickett,c945adc22c2bfe8f,Y
Erik Perez,af62f99eb7606308,Byron Bloodworth,ecdf14f4f8643d39,Y
Jamie Varner,a54fc2d6fc224dc3,Melvin Guillard,ccd1299e0345e0ce,Y
Myles Jury,08e908ed6d18d6a0,Michael Johnson,511e82663651438d,Y
Todd Duffee,bda04c573563cc2e,Philip De Fries,6ef65b6a152e49d5,Y
Max Holloway,150ff4cc642270b9,Leonard Garcia,917e53fa0adea0d3,Y
John Moraga,92437c6775b3f7d1,Chris Cariaso,b2e3aca4cd363477,Y
Roy Nelson,3f7c14c7eca7195d,Matt Mitrione,ba280572acfba13f,Y
Colton Smith,2e25c1d983c26311,Mike Ricci,3c921b1a30fdcbdd,Y
Pat Barry,658c3465581ae46b,Shane del Rosario,85980f5da429c0a6,Y
Dustin Poirier,029eaff01e6bb8f0,Jonathan Brookins,b0a6124751a56bc4,Y
Mike Pyle,f5990c11974d8e9c,James Head,19a8cce18a1cef9e,Y
Johnny Bedford,ffc3e6daaa6da0b7,Marcos Vinicius,e363b21261814830,Y
Rustam Khabilov,9b7694d064a8a0ad,Vinc Pichel,c77a953488e5607d,Y
TJ Waldburger,8f2939f5fd9cca1e,Nick Catone,f8fe2053d73d7bcf,Y
Hugo Viana,f95381efb3051d81,Reuben Duran,4417980b3e798abf,Y
Mike Rio,af90b10c785ced3e,John Cofer,8b260672a21d1fd6,Y
Tim Elliott,c96d9178c9ed9e62,Jared Papazian,edad57b3dddf2168,Y
Ross Pearson,4f732e58ed907eff,George Sotiropoulos,896c322f56b8be5a,Y
Robert Whittaker,e1147d3d2dabe1ce,Brad Scott,34e552520a934063,Y
Norman Parke,14ff46596ad80609,Colin Fletcher,7d09200f6a77b20e,Y
Hector Lombard,db1f2ed63b54b9a7,Rousimar Palhares,8ddf9c51c5fdea75,Y
Chad Mendes,b5b684eac99ae0a3,Yaotzin Meza,3623bd267a2eef2e,Y
Igor Pokrajac,53278852bcd91e11,Joey Beltran,46baf0f57edfa4df,N
Mike Pierce,236a37d96d476164,Seth Baczynski,fd5b6598a3b70c0a,Y
Ben Alloway,c4fe2e9a06ea5bcb,Manuel Rodriguez,5a6e4d2f0c76a242,Y
Mike Wilkinson,cfaf010d5b389c09,Brendan Loughnane,b788862dd1c11eac,Y
Cody Donovan,7bc96507e4b38d3b,Nick Penner,879b8df81523d91b,Y
Benson Henderson,2676b28836a5a836,Nate Diaz,8355922d564b152c,Y
Alexander Gustafsson,3c6976f8182d9527,Mauricio Rua,140745cbbcb023ac,Y
Rory MacDonald,cbd5d3cdd862e90e,BJ Penn,73c7cfa551289285,Y
Matt Brown,31123249b0bbf52e,Mike Swick,9fe85152f351e737,Y
Yves Edwards,5f04e3d58d9ce982,Jeremy Stephens,18968f97ad34f15c,Y
Raphael Assuncao,2f13e4020cea5b38,Mike Easton,bc7230f231701d66,Y
Ramsey Nijem,22aa91e402d0fe1f,Joe Proctor,a36556bb1565e32d,Y
Daron Cruickshank,5f99b2bafb10305f,Henry Martinez,76729a829623e266,Y
Abel Trujillo,e14b5aa06eea9653,Marcus LeVesseur,182f2b78582de3d8,Y
Dennis Siver,5f87a5c00b3d17ed,Nam Phan,80dbeb1dd5b53e64,Y
Scott Jorgensen,0b64d0fed453ef7f,John Albert,7bd94b60d7521e4a,Y
Georges St-Pierre,6506c1d34da9c013,Carlos Condit,f9f07bb5a43535ed,Y
Johny Hendricks,0941df56f6ac954b,Martin Kampmann,8b69839f3555a67b,Y
Francis Carmont,3591d0d5d382a381,Tom Lawlor,4d44f37107f01b9b,Y
Rafael Dos Anjos,6a2f7c151031653d,Mark Bocek,cf9d24e4bd0cf2ce,Y
Pablo Garza,8e5bfd4e82352340,Mark Hominick,0a97691039c4bbfb,Y
Patrick Cote,9fa3bd637edd9aa2,Alessio Sakara,7f955f71fa2ce7ac,Y
Cyrille Diabate,43563a32c3f10e95,Chad Griggs,fdf18227faa596dd,Y
John Makdessi,c21a036b4e012f1c,Sam Stout,501b07aec9b8fc2d,Y
Antonio Carvalho,fef3d17e27e916e7,Rodrigo Damm,a20d7dfaba74c067,Y
Matthew Riddle,d023ae89a2a4a41e,John Maguire,1a7745388839e52b,Y
Ivan Menjivar,5755960ebd0b16f6,Azamat Gashimov,a1b0715c4fd2dbd3,Y
Darren Elkins,92a9aa9c93192871,Steven Siler,d188a3b817860ec6,Y
Cung Le,d4f364dd076bb0e2,Rich Franklin,d897897060f10a3a,Y
Thiago Silva,2924886ee9c4c527,Stanislav Nedkov,1d4bbaabd8b60173,N
Dong Hyun Kim,9bcf8603ceb25680,Paulo Thiago,30a09e43f15f1d75,Y
Takanori Gomi,3be081c29bf734d9,Mac Danzig,86f582852a5b240a,Y
Jon Tuck,53ec9cb470e1a4ea,Zhang Tiequan,c23e3d4875340d8d,Y
Takeya Mizugaki,48e093ea1f43a053,Jeff Hougland,97a8f39186f489db,Y
Alex Caceres,7aa3d6964eff4877,Motonobu Tezuka,d34636a85f0f4c90,Y
John Lineker,c268b2cfebccf652,Yasuhiro Urushitani,c34e5849184b08c3,Y
Riki Fukuda,7c35f869033901ae,Tom DeBlass,0bcfe2513cb3bc39,Y
Anderson Silva,1f454354805b6f75,Stephan Bonnar,c6a33ff198aaaeeb,Y
Antonio Rodrigo Nogueira,ee9d73f4fee9cbdd,Dave Herman,cbd6f1abf955e628,Y
Glover Teixeira,7ff97850e8c32bda,Fabio Maldonado,1fb80f46d3c105d9,Y
Jon Fitch,6f018c039b4d5d80,Erick Silva,5866fc86183a9fb8,Y
Phil Davis,902ab9197b83d0db,Wagner Prado,7f6ef4e1227600bc,Y
Demian Maia,427b5953ac8e3a27,Rick Story,5b5307450405abf0,Y
Rony Jason,b71ce838b01f2cad,Sam Sicilia,b8aef0faf4ce9b31,Y
Gleison Tibau,75e5fec9f72910ef,Francisco Trinaldo,a8283a4f415e1eb9,Y
Diego Brandao,c2e3e67b5911bfb7,Joey Gambino,10559c53de0b950e,Y
Sergio Moraes,1bcaac2d99b90fce,Renee Forte,44bc27bfa76dcd9e,Y
Chris Camozzi,6c2030e0a143a94b,Luiz Cane,24b033b3daf1c9df,Y
Cristiano Marcello,ff4c3ab594c7fac3,Reza Madadi,e25bcbcdaf6537a1,Y
Antonio Silva,8349d55cdecd393a,Travis Browne,3236bf606fe9fa5b,Y
Jake Ellenberger,d81ac739417d7f53,Jay Hieron,5bb0a618ad03ac64,Y
John Dodson,99506df1af6c8b3b,Jussier Formiga,b102c26727306ab6,Y
Justin Edwards,e56daf7725a0b5ab,Josh Neer,d1a1314976c50bef,Y
Michael Johnson,511e82663651438d,Danny Castillo,d1e7fc58d4225cdf,Y
Mike Pierce,236a37d96d476164,Aaron Simpson,d5f820c11a121050,Y
Marcus LeVesseur,182f2b78582de3d8,Carlo Prater,4f853e98886283cf,Y
Jacob Volkmann,6f81b6de2557739a,Shane Roller,75e0d3cc2262b732,Y
Diego Nunes,3a24769a4855040a,Bart Palaszewski,4304992c2acc187b,Y
Darren Uyenoyama,6546af7ab545b90c,Phil Harris,ba043b03eb799063,Y
Stefan Struve,ebc1f40e00e0c481,Stipe Miocic,d28dee5c705991df,Y
Dan Hardy,473ce3aa581251a2,Amir Sadollah,2650e2f846a30f64,Y
Brad Pickett,c945adc22c2bfe8f,Yves Jabouin,b4eeac608fc82f88,Y
Matt Wiman,eb29176b03dfa888,Paul Sass,7b143a54451263d9,Y
John Hathaway,28f3c2258a1d8874,John Maguire,1a7745388839e52b,Y
Che Mills,6cadfd8f1d9e7685,Duane Ludwig,84ac950d4c1722dd,Y
Jimi Manuwa,1e1dbd1cc5a7469e,Kyle Kingsbury,b959e8c7fd8390d2,Y
Akira Corassani,3f52ce18fb98008f,Andy Ogle,b6c4451cb13c9303,Y
Brad Tavares,0c6d9ea8306c029e,Tom Watson,6809c31286b08d97,Y
Gunnar Nelson,fd55393021a8c255,DaMarques Johnson,322a56923b396b4d,Y
Robert Peralta,960d6cae8879ba2b,Jason Young,f59e9e49ef85b469,Y
Jon Jones,07f72a2a7591b409,Vitor Belfort,0ee783aa00e468f0,Y
Demetrious Johnson,8a304bfd6bf04a57,Joseph Benavidez,80eacd4da0617c57,Y
Michael Bisping,2b93ebd9f5417ad2,Brian Stann,579fcdfcabd23a7b,Y
Matt Hamill,98b80a717b9bda17,Roger Hollett,27d65e9d0fba61ea,Y
Cub Swanson,d247691a6c0e9034,Charles Oliveira,07225ba28ae309b6,Y
Vinny Magalhaes,88a9bc81271ccd89,Igor Pokrajac,53278852bcd91e11,Y
TJ Grant,a26198ba5093147e,Evan Dunham,e5c9de15bb58b1c6,Y
Sean Pierson,0d506315895efffc,Lance Benoist,5431dccc09118234,Y
Marcus Brimage,81801f57bd0a7c41,Jimy Hettes,893d51aaf024eddd,Y
Seth Baczynski,fd5b6598a3b70c0a,Simeon Thoresen,fea8acf9bfcf09ec,Y
Mitch Gagnon,b8592b4a383696cd,Walel Watson,92aafa8f4b26269b,Y
Kyle Noke,7339d340aa2889cb,Charlie Brenneman,98f6da59d765ec94,Y
Benson Henderson,2676b28836a5a836,Frankie Edgar,f2688492b9a525a3,Y
Donald Cerrone,1d00756835ca67c9,Melvin Guillard,ccd1299e0345e0ce,Y
Jake Shields,fe435e440b5de0ff,Ed Herman,06f36cf4bd97ec77,N
Yushin Okami,acff437707625fc7,Buddy Roberts,b2a2da86546ddb19,Y
Max Holloway,150ff4cc642270b9,Justin Lawrence,879f6cae48d25baa,Y
Dennis Bermudez,6f242453c91a5af0,Tommy Hayden,0871254cd790c250,Y
Michael Kuiper,b7f38813485745da,Jared Hamman,23459ee7e373b98f,Y
Erik Perez,af62f99eb7606308,Ken Stone,fbf0947399d14323,Y
Chico Camus,32be4b7f7de1c905,Dustin Pague,55f80a8aeffcdb33,Y
Nik Lentz,6fb1ba67bef41b37,Eiji Mitsuoka,2b4faacc16d66898,Y
Mauricio Rua,140745cbbcb023ac,Brandon Vera,fa315e6c77eee106,Y
Lyoto Machida,f7a7f7118d4b01b6,Ryan Bader,c0ab242c40decc55,Y
Joe Lauzon,3bad7ef643840f67,Jamie Varner,a54fc2d6fc224dc3,Y
Mike Swick,9fe85152f351e737,DaMarques Johnson,322a56923b396b4d,Y
Nam Phan,80dbeb1dd5b53e64,Cole Miller,282fa667ff9c51ed,Y
Phil Davis,902ab9197b83d0db,Wagner Prado,7f6ef4e1227600bc,N
Rani Yahya,94527830000ab715,Josh Grispi,60ba33c3f555a7a3,Y
Philip De Fries,6ef65b6a152e49d5,Oli Thompson,dcdd511ff757f15c,Y
Manvel Gamburyan,cc6f9d1e89f3449a,Michihiro Omigawa,9f842be1a5337be6,Y
John Moraga,92437c6775b3f7d1,Ulysses Gomez,1e35aa8955794580,Y
Renan Barao,2c99576fefe53c7c,Urijah Faber,78114b7199cef90c,Y
Tim Boetsch,c80095f6092271a7,Hector Lombard,db1f2ed63b54b9a7,Y
Cheick Kongo,1eacf73d6a0055dc,Shawn Jordan,ca2efc9d7d523c43,Y
James Head,19a8cce18a1cef9e,Brian Ebersole,32ba186f4b0e3267,Y
Chris Clements,e5ecaf884b6da2bc,Matthew Riddle,d023ae89a2a4a41e,N
Nick Ring,b13da0b1a3aed3e7,Court McGee,523fa774700d7d3f,Y
Roland Delorme,173acb3f920082b8,Francisco Rivera,7ea4a9f07df33a45,N
Ryan Jimmo,bc3ec52ef70fc155,Anthony Perosh,4b4753d19489297f,Y
Bryan Caraway,5ef0088c1b19beeb,Mitch Gagnon,b8592b4a383696cd,Y
Antonio Carvalho,fef3d17e27e916e7,Daniel Pineda,361d49960a196976,Y
Anton Kuivanen,706f8e2b34e8e18b,Mitch Clarke,c76ec2bc3a57666a,Y
Chris Weidman,3a8176e15b9887c1,Mark Munoz,179f1948dc234f1f,Y
James Te Huna,f5431394fb284bb9,Joey Beltran,46baf0f57edfa4df,Y
Aaron Simpson,d5f820c11a121050,Kenny Robertson,6e0273f9478be71e,Y
Francis Carmont,3591d0d5d382a381,Karlos Vemola,d23ccf4a6c221284,Y
TJ Dillashaw,c849740a3ff51931,Vaughan Lee,8bb6f4479685bbcc,Y
Rafael Dos Anjos,6a2f7c151031653d,Anthony Njokuani,6bf5a7d3e081ade2,Y
Alex Caceres,7aa3d6964eff4877,Damacio Page,c96e2ae6021144a1,Y
Chris Cariaso,b2e3aca4cd363477,Josh Ferguson,b0f316c60f8d3b47,Y
Andrew Craig,8a70ceb3edbe757b,Rafael Natal,0dba4df5f34d5ff0,Y
Marcelo Guimaraes,0c9c0a43d3f3f49d,Dan Stittgen,cc3147b49c7d7d92,Y
Raphael Assuncao,2f13e4020cea5b38,Issei Tamura,57bf89d42364d39e,Y
Anderson Silva,1f454354805b6f75,Chael Sonnen,48d1f690b763934c,Y
Forrest Griffin,fcffee71cff5530e,Tito Ortiz,2f732dd9210d301f,Y
Cung Le,d4f364dd076bb0e2,Patrick Cote,9fa3bd637edd9aa2,Y
Demian Maia,427b5953ac8e3a27,Dong Hyun Kim,9bcf8603ceb25680,Y
Chad Mendes,b5b684eac99ae0a3,Cody McKenzie,7be63795363029e8,Y
Mike Easton,bc7230f231701d66,Ivan Menjivar,5755960ebd0b16f6,Y
Melvin Guillard,ccd1299e0345e0ce,Fabricio Camoes,7abe471b61725980,Y
Khabib Nurmagomedov,032cc3922d871c7f,Gleison Tibau,75e5fec9f72910ef,Y
Constantinos Philippou,05560764359161e4,Riki Fukuda,7c35f869033901ae,Y
Shane Roller,75e0d3cc2262b732,John Alessio,7a15f3694c5cbc02,Y
Rafaello Oliveira,15b1b21cd743d652,Yoislandy Izquierdo,afc2a7ce0c763bd5,Y
Rich Franklin,d897897060f10a3a,Wanderlei Silva,a1f6999fe57236e0,Y
Cezar Ferreira,dbc17725b887860a,Sergio Moraes,1bcaac2d99b90fce,Y
Rony Jason,b71ce838b01f2cad,Godofredo Pepey,fa37628269132d1a,Y
Fabricio Werdum,492b202d2064e7a9,Mike Russow,353de740bb6c7e75,Y
Hacran Dias,ed209f6618c82e41,Iuri Alcantara,2f95a3c6d58b2aad,Y
Rodrigo Damm,a20d7dfaba74c067,Anistavio Medeiros,2937cb502dda0808,Y
Francisco Trinaldo,a8283a4f415e1eb9,Delson Heleno,970beed85bc46b63,Y
Hugo Viana,f95381efb3051d81,John Teixeira,86061eaba822bfea,Y
Thiago Perpetuo,c1a5d3843596df92,Leonardo Mafra,8bbc0cfc01bc1ba1,Y
Marcos Vinicius,e363b21261814830,Wagner Campos,db6d5f691aea3fd3,Y
Felipe Arantes,71002dbc1743b9a7,Milton Vieira,7cf20446453f852b,N
Gray Maynard,7d96bc577e5178b2,Clay Guida,c47df9303d318c67,Y
Sam Stout,501b07aec9b8fc2d,Spencer Fisher,f34312c2ccfa0e00,Y
Brian Ebersole,32ba186f4b0e3267,TJ Waldburger,8f2939f5fd9cca1e,Y
Cub Swanson,d247691a6c0e9034,Ross Pearson,4f732e58ed907eff,Y
Ricardo Lamas,3974fa35c917af1d,Hatsu Hioki,ef7fa30364cbe7f2,Y
Ramsey Nijem,22aa91e402d0fe1f,CJ Keith,c0eecd851dbf3146,Y
Rick Story,5b5307450405abf0,Brock Jardine,64959f90b6dd9759,Y
Steven Siler,d188a3b817860ec6,Joey Gambino,10559c53de0b950e,Y
Chris Camozzi,6c2030e0a143a94b,Nick Catone,f8fe2053d73d7bcf,Y
Matt Brown,31123249b0bbf52e,Luis Ramos,7bc475b0fc2020ab,Y
Dan Miller,d0c29452d3272603,Ricardo Funch,e9e1acc96536bb4f,Y
Ken Stone,fbf0947399d14323,Dustin Pague,55f80a8aeffcdb33,Y
Demetrious Johnson,8a304bfd6bf04a57,Ian McCall,701e057d63c124d9,Y
Erick Silva,5866fc86183a9fb8,Charlie Brenneman,98f6da59d765ec94,Y
Mike Pyle,f5990c11974d8e9c,Josh Neer,d1a1314976c50bef,Y
Eddie Wineland,fc9a9559a05f2704,Scott Jorgensen,0b64d0fed453ef7f,Y
Mike Pierce,236a37d96d476164,Carlos Eduardo Rocha,4f736494fc733095,Y
Seth Baczynski,fd5b6598a3b70c0a,Lance Benoist,5431dccc09118234,Y
Matt Grice,bfc2fc38a0e20211,Leonard Garcia,917e53fa0adea0d3,Y
Dustin Pague,55f80a8aeffcdb33,Jared Papazian,edad57b3dddf2168,Y
Tim Means,4b47e71384a9522f,Justin Salas,9b198c73e3d0d289,Y
Buddy Roberts,b2a2da86546ddb19,Caio Magalhaes,0c5c66ddd1886b83,Y
Henry Martinez,76729a829623e266,Bernardo Magalhaes,7a613f78dd7ee8f8,Y
Sean Pierson,0d506315895efffc,Jake Hecht,e57fdbea1b828202,Y
Martin Kampmann,8b69839f3555a67b,Jake Ellenberger,d81ac739417d7f53,Y
Michael Chiesa,c58f51dedb310998,Al Iaquinta,59279a7c978f7da0,Y
Charles Oliveira,07225ba28ae309b6,Jonathan Brookins,b0a6124751a56bc4,Y
Max Holloway,150ff4cc642270b9,Pat Schilling,de12bd65e2f46478,Y
Justin Lawrence,879f6cae48d25baa,John Cofer,8b260672a21d1fd6,Y
Daron Cruickshank,5f99b2bafb10305f,Chris Tickle,1d1b85389a05df69,Y
Myles Jury,08e908ed6d18d6a0,Chris Saunders,b35a159f525764eb,Y
Sam Sicilia,b8aef0faf4ce9b31,Cristiano Marcello,ff4c3ab594c7fac3,Y
Joe Proctor,a36556bb1565e32d,Jeremy Larsen,c3bd649a9194e50c,Y
Erik Perez,af62f99eb7606308,John Albert,7bd94b60d7521e4a,Y
Junior Dos Santos,63def5a5662a6917,Frank Mir,1ff9589f9065a9ed,Y
Cain Velasquez,0ff11cc094e887bc,Antonio Silva,8349d55cdecd393a,Y
Roy Nelson,3f7c14c7eca7195d,Dave Herman,cbd6f1abf955e628,Y
Stipe Miocic,d28dee5c705991df,Shane del Rosario,85980f5da429c0a6,Y
Stefan Struve,ebc1f40e00e0c481,Lavar Johnson,e6c5908910cc26e4,Y
Darren Elkins,92a9aa9c93192871,Diego Brandao,c2e3e67b5911bfb7,Y
Jamie Varner,a54fc2d6fc224dc3,Edson Barboza,64a50dad704d1d49,Y
CB Dollaway,5d7bdab5e03e3216,Jason Miller,b2f88c04c4dd43ce,Y
Dan Hardy,473ce3aa581251a2,Duane Ludwig,84ac950d4c1722dd,Y
Paul Sass,7b143a54451263d9,Jacob Volkmann,6f81b6de2557739a,Y
Glover Teixeira,7ff97850e8c32bda,Kyle Kingsbury,b959e8c7fd8390d2,Y
Mike Brown,e0b74df14f52cd15,Daniel Pineda,361d49960a196976,Y
Chan Sung Jung,c451d67c09c55418,Dustin Poirier,029eaff01e6bb8f0,Y
Amir Sadollah,2650e2f846a30f64,Jorge Lopez,ee624ee2a18f2a43,Y
Donald Cerrone,1d00756835ca67c9,Jeremy Stephens,18968f97ad34f15c,Y
Yves Jabouin,b4eeac608fc82f88,Jeff Hougland,97a8f39186f489db,Y
Igor Pokrajac,53278852bcd91e11,Fabio Maldonado,1fb80f46d3c105d9,Y
Tom Lawlor,4d44f37107f01b9b,Jason MacDonald,2be6596a9db33bf5,Y
Brad Tavares,0c6d9ea8306c029e,Dongi Yang,aed06011bf62237b,Y
Cody McKenzie,7be63795363029e8,Marcus LeVesseur,182f2b78582de3d8,Y
TJ Grant,a26198ba5093147e,Carlo Prater,4f853e98886283cf,Y
Rafael Dos Anjos,6a2f7c151031653d,Kamal Shalorus,ece280745f8727b8,Y
Johnny Eduardo,528c24b99fbaab79,Jeff Curran,a8ea84cbe1655f0a,Y
Francisco Rivera,7ea4a9f07df33a45,Alex Soto,d18dbcb0f8e2b55d,Y
Nate Diaz,8355922d564b152c,Jim Miller,d1941565abf50b16,Y
Johny Hendricks,0941df56f6ac954b,Josh Koscheck,dd37fd509af89f15,Y
Alan Belcher,4130a743d9d22163,Rousimar Palhares,8ddf9c51c5fdea75,Y
Lavar Johnson,e6c5908910cc26e4,Pat Barry,658c3465581ae46b,Y
Michael Johnson,511e82663651438d,Tony Ferguson,22a92d7f62195791,Y
John Dodson,99506df1af6c8b3b,Tim Elliott,c96d9178c9ed9e62,Y
John Hathaway,28f3c2258a1d8874,Pascal Krauss,a01e84abefd85ec0,Y
Louis Gaudinot,b72a60a0cadff408,John Lineker,c268b2cfebccf652,Y
Danny Castillo,d1e7fc58d4225cdf,John Cholish,03c9994c5b8958ec,Y
Dennis Bermudez,6f242453c91a5af0,Pablo Garza,8e5bfd4e82352340,Y
Roland Delorme,173acb3f920082b8,Nick Denis,e4aaaa34535e32b6,Y
Karlos Vemola,d23ccf4a6c221284,Mike Massenzio,5b2d7906aa894274,Y
Jon Jones,07f72a2a7591b409,Rashad Evans,ee779c43a8926d52,Y
Rory MacDonald,cbd5d3cdd862e90e,Che Mills,6cadfd8f1d9e7685,Y
Ben Rothwell,bd58d34e39b7b12a,Brendan Schaub,89a407032911e27e,Y
Michael McDonald,d0314416a7f26527,Miguel Torres,33b2f68ef95252e0,Y
Eddie Yagin,cc84b68f862b466f,Mark Hominick,0a97691039c4bbfb,Y
Mark Bocek,cf9d24e4bd0cf2ce,John Alessio,7a15f3694c5cbc02,Y
Travis Browne,3236bf606fe9fa5b,Chad Griggs,fdf18227faa596dd,Y
Matt Brown,31123249b0bbf52e,Stephen Thompson,4a28cb716c19157a,Y
Anthony Njokuani,6bf5a7d3e081ade2,John Makdessi,c21a036b4e012f1c,Y
Mac Danzig,86f582852a5b240a,Efrain Escudero,83fd97284f4bb4a4,Y
Chris Clements,e5ecaf884b6da2bc,Keith Wisniewski,cd12227edd3f134b,Y
Marcus Brimage,81801f57bd0a7c41,Maximo Blanco,4a1329cc8eb0928a,Y
Alexander Gustafsson,3c6976f8182d9527,Thiago Silva,2924886ee9c4c527,Y
Brian Stann,579fcdfcabd23a7b,Alessio Sakara,7f955f71fa2ce7ac,Y
Siyar Bahadurzada,aec185309b4843d0,Paulo Thiago,30a09e43f15f1d75,Y
Dennis Siver,5f87a5c00b3d17ed,Diego Nunes,3a24769a4855040a,Y
John Maguire,1a7745388839e52b,DaMarques Johnson,322a56923b396b4d,Y
Brad Pickett,c945adc22c2bfe8f,Damacio Page,c96e2ae6021144a1,Y
James Head,19a8cce18a1cef9e,Papy Abedi,c9f6385af6df66d7,Y
Cyrille Diabate,43563a32c3f10e95,Tom DeBlass,0bcfe2513cb3bc39,Y
Francis Carmont,3591d0d5d382a381,Magnus Cedenblad,0e21976afc92e4d1,Y
Reza Madadi,e25bcbcdaf6537a1,Yoislandy Izquierdo,afc2a7ce0c763bd5,Y
Simeon Thoresen,fea8acf9bfcf09ec,Besam Yousef,98ec9f385cca47fc,Y
Jason Young,f59e9e49ef85b469,Eric Wisely,53f84637dfffab7a,Y
Martin Kampmann,8b69839f3555a67b,Thiago Alves,31ee470ef5dc8d7f,Y
Joseph Benavidez,80eacd4da0617c57,Yasuhiro Urushitani,c34e5849184b08c3,Y
Demetrious Johnson,8a304bfd6bf04a57,Ian McCall,701e057d63c124d9,N
Constantinos Philippou,05560764359161e4,Court McGee,523fa774700d7d3f,Y
James Te Huna,f5431394fb284bb9,Aaron Rosa,11f8860028b68fcf,Y
Anthony Perosh,4b4753d19489297f,Nick Penner,879b8df81523d91b,Y
Steven Siler,d188a3b817860ec6,Cole Miller,282fa667ff9c51ed,Y
Andrew Craig,8a70ceb3edbe757b,Kyle Noke,7339d340aa2889cb,Y
TJ Waldburger,8f2939f5fd9cca1e,Jake Hecht,e57fdbea1b828202,Y
Daniel Pineda,361d49960a196976,Mackens Semerzier,51b1e2fd9872005b,Y
Shawn Jordan,ca2efc9d7d523c43,Oli Thompson,dcdd511ff757f15c,Y
Benson Henderson,2676b28836a5a836,Frankie Edgar,f2688492b9a525a3,Y
Ryan Bader,c0ab242c40decc55,Quinton Jackson,ffc088e64fab57e9,Y
Mark Hunt,eef9b891edbd4604,Cheick Kongo,1eacf73d6a0055dc,Y
Jake Shields,fe435e440b5de0ff,Yoshihiro Akiyama,b0550072e5f0afa7,Y
Tim Boetsch,c80095f6092271a7,Yushin Okami,acff437707625fc7,Y
Hatsu Hioki,ef7fa30364cbe7f2,Bart Palaszewski,4304992c2acc187b,Y
Anthony Pettis,cbb682f5fcc44bfc,Joe Lauzon,3bad7ef643840f67,Y
Takanori Gomi,3be081c29bf734d9,Eiji Mitsuoka,2b4faacc16d66898,Y
Vaughan Lee,8bb6f4479685bbcc,Norifumi Yamamoto,4834ff149dc9542a,Y
Riki Fukuda,7c35f869033901ae,Steve Cantwell,f1f9e48a0d150757,Y
Chris Cariaso,b2e3aca4cd363477,Takeya Mizugaki,48e093ea1f43a053,Y
Issei Tamura,57bf89d42364d39e,Zhang Tiequan,c23e3d4875340d8d,Y
Jake Ellenberger,d81ac739417d7f53,Diego Sanchez,82e7929bf6c2b689,Y
Stefan Struve,ebc1f40e00e0c481,Dave Herman,cbd6f1abf955e628,Y
Ronny Markes,bd21a1e3d41c97ee,Aaron Simpson,d5f820c11a121050,Y
Stipe Miocic,d28dee5c705991df,Philip De Fries,6ef65b6a152e49d5,Y
TJ Dillashaw,c849740a3ff51931,Walel Watson,92aafa8f4b26269b,Y
Ivan Menjivar,5755960ebd0b16f6,John Albert,7bd94b60d7521e4a,Y
Jonathan Brookins,b0a6124751a56bc4,Vagner Rocha,d403b1a6f278c95e,Y
Justin Salas,9b198c73e3d0d289,Anton Kuivanen,706f8e2b34e8e18b,Y
Tim Means,4b47e71384a9522f,Bernardo Magalhaes,7a613f78dd7ee8f8,Y
Carlos Condit,f9f07bb5a43535ed,Nick Diaz,f57a8a52ca401ed9,Y
Fabricio Werdum,492b202d2064e7a9,Roy Nelson,3f7c14c7eca7195d,Y
Josh Koscheck,dd37fd509af89f15,Mike Pierce,236a37d96d476164,Y
Renan Barao,2c99576fefe53c7c,Scott Jorgensen,0b64d0fed453ef7f,Y
Ed Herman,06f36cf4bd97ec77,Clifford Starks,5abf827d62f98fee,Y
Dustin Poirier,029eaff01e6bb8f0,Max Holloway,150ff4cc642270b9,Y
Edwin Figueroa,bbfca6d5c27d9cd8,Alex Caceres,7aa3d6964eff4877,Y
Matt Brown,31123249b0bbf52e,Chris Cope,8c8c92a12621d7e0,Y
Matthew Riddle,d023ae89a2a4a41e,Henry Martinez,76729a829623e266,Y
Rafael Natal,0dba4df5f34d5ff0,Michael Kuiper,b7f38813485745da,Y
Stephen Thompson,4a28cb716c19157a,Dan Stittgen,cc3147b49c7d7d92,Y
Rashad Evans,ee779c43a8926d52,Phil Davis,902ab9197b83d0db,Y
Chael Sonnen,48d1f690b763934c,Michael Bisping,2b93ebd9f5417ad2,Y
Chris Weidman,3a8176e15b9887c1,Demian Maia,427b5953ac8e3a27,Y
Evan Dunham,e5c9de15bb58b1c6,Nik Lentz,6fb1ba67bef41b37,Y
Mike Russow,353de740bb6c7e75,Jon Olav Einemo,0577808d22dfe79c,Y
Cub Swanson,d247691a6c0e9034,George Roop,3c0437fbeda06962,Y
Charles Oliveira,07225ba28ae309b6,Eric Wisely,53f84637dfffab7a,Y
Michael Johnson,511e82663651438d,Shane Roller,75e0d3cc2262b732,Y
Lavar Johnson,e6c5908910cc26e4,Joey Beltran,46baf0f57edfa4df,Y
Chris Camozzi,6c2030e0a143a94b,Dustin Jacoby,e4277e87a789d687,Y
Jim Miller,d1941565abf50b16,Melvin Guillard,ccd1299e0345e0ce,Y
Josh Neer,d1a1314976c50bef,Duane Ludwig,84ac950d4c1722dd,Y
Mike Easton,bc7230f231701d66,Jared Papazian,edad57b3dddf2168,Y
Pat Barry,658c3465581ae46b,Christian Morecraft,80779d7441af1b52,Y
Jorge Rivera,cb46dface0e28a2c,Eric Schafer,f59f1d3a2ff13edd,Y
Khabib Nurmagomedov,032cc3922d871c7f,Kamal Shalorus,ece280745f8727b8,Y
Charlie Brenneman,98f6da59d765ec94,Daniel Roberts,22edaf53ad59a967,Y
Fabricio Camoes,7abe471b61725980,Tommy Hayden,0871254cd790c250,Y
Daniel Pineda,361d49960a196976,Pat Schilling,de12bd65e2f46478,Y
Nick Denis,e4aaaa34535e32b6,Joseph Sandoval,696002b59f09d73b,Y
Jose Aldo,d0f3959b4a9747e6,Chad Mendes,b5b684eac99ae0a3,Y
Vitor Belfort,0ee783aa00e468f0,Anthony Johnson,365fee2da473b177,Y
Rousimar Palhares,8ddf9c51c5fdea75,Mike Massenzio,5b2d7906aa894274,Y
Carlo Prater,4f853e98886283cf,Erick Silva,5866fc86183a9fb8,Y
Edson Barboza,64a50dad704d1d49,Terry Etim,33011768c3c4dc9a,Y
Thiago Tavares,8a59d346dc976a10,Sam Stout,501b07aec9b8fc2d,Y
Gabriel Gonzaga,270b89c00ef0c55c,Ednaldo Oliveira,acd9513399a8b09b,Y
Iuri Alcantara,2f95a3c6d58b2aad,Michihiro Omigawa,9f842be1a5337be6,Y
Mike Pyle,f5990c11974d8e9c,Ricardo Funch,e9e1acc96536bb4f,Y
Felipe Arantes,71002dbc1743b9a7,Antonio Carvalho,fef3d17e27e916e7,Y
Alistair Overeem,b4ad3a06ee4d660c,Brock Lesnar,513c6f1715e547a8,Y
Nate Diaz,8355922d564b152c,Donald Cerrone,1d00756835ca67c9,Y
Johny Hendricks,0941df56f6ac954b,Jon Fitch,6f018c039b4d5d80,Y
Alexander Gustafsson,3c6976f8182d9527,Vladimir Matyushenko,ccdd90bd1fc7dab6,Y
Jimy Hettes,893d51aaf024eddd,Nam Phan,80dbeb1dd5b53e64,Y
Ross Pearson,4f732e58ed907eff,Junior Assuncao,d0d7160824278840,Y
Danny Castillo,d1e7fc58d4225cdf,Anthony Njokuani,6bf5a7d3e081ade2,Y
Dong Hyun Kim,9bcf8603ceb25680,Sean Pierson,0d506315895efffc,Y
Jacob Volkmann,6f81b6de2557739a,Efrain Escudero,83fd97284f4bb4a4,Y
Diego Nunes,3a24769a4855040a,Manvel Gamburyan,cc6f9d1e89f3449a,Y
Jon Jones,07f72a2a7591b409,Lyoto Machida,f7a7f7118d4b01b6,Y
Frank Mir,1ff9589f9065a9ed,Antonio Rodrigo Nogueira,ee9d73f4fee9cbdd,Y
Rogerio Nogueira,73e09f837f3b5ecc,Tito Ortiz,2f732dd9210d301f,Y
Brian Ebersole,32ba186f4b0e3267,Claude Patrick,56116a79e4deed06,Y
Chan Sung Jung,c451d67c09c55418,Mark Hominick,0a97691039c4bbfb,Y
Igor Pokrajac,53278852bcd91e11,Krzysztof Soszynski,59583ff832fe9d68,Y
Constantinos Philippou,05560764359161e4,Jared Hamman,23459ee7e373b98f,Y
Dennis Hallman,8a8a84b743ae7699,John Makdessi,c21a036b4e012f1c,Y
Yves Jabouin,b4eeac608fc82f88,Walel Watson,92aafa8f4b26269b,Y
Mark Bocek,cf9d24e4bd0cf2ce,Nik Lentz,6fb1ba67bef41b37,Y
Jake Hecht,e57fdbea1b828202,Rich Attonito,210935fd21670f6d,Y
John Cholish,03c9994c5b8958ec,Mitch Clarke,c76ec2bc3a57666a,Y
Michael Bisping,2b93ebd9f5417ad2,Jason Miller,b2f88c04c4dd43ce,Y
Diego Brandao,c2e3e67b5911bfb7,Dennis Bermudez,6f242453c91a5af0,Y
John Dodson,99506df1af6c8b3b,TJ Dillashaw,c849740a3ff51931,Y
Tony Ferguson,22a92d7f62195791,Yves Edwards,5f04e3d58d9ce982,Y
Johnny Bedford,ffc3e6daaa6da0b7,Louis Gaudinot,b72a60a0cadff408,Y
Marcus Brimage,81801f57bd0a7c41,Stephen Bass,1cecc8fe6748a532,Y
John Albert,7bd94b60d7521e4a,Dustin Pague,55f80a8aeffcdb33,Y
Roland Delorme,173acb3f920082b8,Josh Ferguson,b0f316c60f8d3b47,Y
Steven Siler,d188a3b817860ec6,Josh Clopton,48e96d9cea6d4ab0,Y
Bryan Caraway,5ef0088c1b19beeb,Dustin Neace,e503aa5c252a1b4d,Y
Dan Henderson,1ccf4e7caff270df,Mauricio Rua,140745cbbcb023ac,Y
Wanderlei Silva,a1f6999fe57236e0,Cung Le,d4f364dd076bb0e2,Y
Urijah Faber,78114b7199cef90c,Brian Bowles,b26d3e3746fb4024,Y
Martin Kampmann,8b69839f3555a67b,Rick Story,5b5307450405abf0,Y
Stephan Bonnar,c6a33ff198aaaeeb,Kyle Kingsbury,b959e8c7fd8390d2,Y
Ryan Bader,c0ab242c40decc55,Jason Brilz,497ba5b12a4bfc47,Y
Michael McDonald,d0314416a7f26527,Alex Soto,d18dbcb0f8e2b55d,Y
Chris Weidman,3a8176e15b9887c1,Tom Lawlor,4d44f37107f01b9b,Y
Gleison Tibau,75e5fec9f72910ef,Rafael Dos Anjos,6a2f7c151031653d,Y
Miguel Torres,33b2f68ef95252e0,Nick Pace,8cb76103cd8a1562,Y
Seth Baczynski,fd5b6598a3b70c0a,Matt Brown,31123249b0bbf52e,Y
Danny Castillo,d1e7fc58d4225cdf,Shamar Bailey,e2b8186b618b00c4,Y
Junior Dos Santos,63def5a5662a6917,Cain Velasquez,0ff11cc094e887bc,Y
Benson Henderson,2676b28836a5a836,Clay Guida,c47df9303d318c67,Y
Dustin Poirier,029eaff01e6bb8f0,Pablo Garza,8e5bfd4e82352340,Y
Ricardo Lamas,3974fa35c917af1d,Cub Swanson,d247691a6c0e9034,Y
DaMarques Johnson,322a56923b396b4d,Clay Harvison,83a477a7dba1ca58,Y
Darren Uyenoyama,6546af7ab545b90c,Norifumi Yamamoto,4834ff149dc9542a,Y
Mackens Semerzier,51b1e2fd9872005b,Robert Peralta,960d6cae8879ba2b,N
Alex Caceres,7aa3d6964eff4877,Cole Escovedo,5df17b3620145578,Y
Mike Pierce,236a37d96d476164,Paul Bradley,c7011de4765d2497,Y
Aaron Rosa,11f8860028b68fcf,Matt Lucas,668222c99c5c311d,Y
Mark Munoz,179f1948dc234f1f,Chris Leben,d43a048a880efdff,Y
Renan Barao,2c99576fefe53c7c,Brad Pickett,c945adc22c2bfe8f,Y
Thiago Alves,31ee470ef5dc8d7f,Papy Abedi,c9f6385af6df66d7,Y
Anthony Perosh,4b4753d19489297f,Cyrille Diabate,43563a32c3f10e95,Y
Terry Etim,33011768c3c4dc9a,Edward Faaloloto,6224e8d0a34264eb,Y
John Maguire,1a7745388839e52b,Justin Edwards,e56daf7725a0b5ab,Y
Philip De Fries,6ef65b6a152e49d5,Rob Broughton,a7d687e6ecb30981,Y
Michihiro Omigawa,9f842be1a5337be6,Jason Young,f59e9e49ef85b469,Y
Che Mills,6cadfd8f1d9e7685,Chris Cope,8c8c92a12621d7e0,Y
Chris Cariaso,b2e3aca4cd363477,Vaughan Lee,8bb6f4479685bbcc,Y
Nick Diaz,f57a8a52ca401ed9,BJ Penn,73c7cfa551289285,Y
Cheick Kongo,1eacf73d6a0055dc,Matt Mitrione,ba280572acfba13f,Y
Roy Nelson,3f7c14c7eca7195d,Mirko Filipovic,c32fb8c0f6471a4d,Y
Scott Jorgensen,0b64d0fed453ef7f,Jeff Curran,a8ea84cbe1655f0a,Y
Hatsu Hioki,ef7fa30364cbe7f2,George Roop,3c0437fbeda06962,Y
Donald Cerrone,1d00756835ca67c9,Dennis Siver,5f87a5c00b3d17ed,Y
Bart Palaszewski,4304992c2acc187b,Tyson Griffin,20205040232ed0f3,Y
Brandon Vera,fa315e6c77eee106,Eliot Marshall,a08d909a5be6f410,Y
Ramsey Nijem,22aa91e402d0fe1f,Danny Downes,a66395395b5f1394,Y
Francis Carmont,3591d0d5d382a381,Chris Camozzi,6c2030e0a143a94b,Y
Clifford Starks,5abf827d62f98fee,Dustin Jacoby,e4277e87a789d687,Y
Frankie Edgar,f2688492b9a525a3,Gray Maynard,7d96bc577e5178b2,Y
Jose Aldo,d0f3959b4a9747e6,Kenny Florian,cb139171ed1b69fe,Y
Chael Sonnen,48d1f690b763934c,Brian Stann,579fcdfcabd23a7b,Y
Nam Phan,80dbeb1dd5b53e64,Leonard Garcia,917e53fa0adea0d3,Y
Joe Lauzon,3bad7ef643840f67,Melvin Guillard,ccd1299e0345e0ce,Y
Demian Maia,427b5953ac8e3a27,Jorge Santiago,f8dc544e7077d014,Y
Anthony Pettis,cbb682f5fcc44bfc,Jeremy Stephens,18968f97ad34f15c,Y
Stipe Miocic,d28dee5c705991df,Joey Beltran,46baf0f57edfa4df,Y
Darren Elkins,92a9aa9c93192871,Zhang Tiequan,c23e3d4875340d8d,Y
Aaron Simpson,d5f820c11a121050,Eric Schafer,f59f1d3a2ff13edd,Y
Mike Massenzio,5b2d7906aa894274,Steve Cantwell,f1f9e48a0d150757,Y
Dominick Cruz,10f3ba6cd2f44a97,Demetrious Johnson,8a304bfd6bf04a57,Y
Stefan Struve,ebc1f40e00e0c481,Pat Barry,658c3465581ae46b,Y
Anthony Johnson,365fee2da473b177,Charlie Brenneman,98f6da59d765ec94,Y
Matt Wiman,eb29176b03dfa888,Mac Danzig,86f582852a5b240a,Y
Yves Edwards,5f04e3d58d9ce982,Rafaello Oliveira,15b1b21cd743d652,Y
Paul Sass,7b143a54451263d9,Michael Johnson,511e82663651438d,Y
Mike Easton,bc7230f231701d66,Byron Bloodworth,ecdf14f4f8643d39,Y
TJ Grant,a26198ba5093147e,Shane Roller,75e0d3cc2262b732,Y
Josh Neer,d1a1314976c50bef,Keith Wisniewski,cd12227edd3f134b,Y
Walel Watson,92aafa8f4b26269b,Joseph Sandoval,696002b59f09d73b,Y
Jon Jones,07f72a2a7591b409,Quinton Jackson,ffc088e64fab57e9,Y
Josh Koscheck,dd37fd509af89f15,Matt Hughes,621a6c59f88a44fe,Y
Mark Hunt,eef9b891edbd4604,Ben Rothwell,bd58d34e39b7b12a,Y
Travis Browne,3236bf606fe9fa5b,Rob Broughton,a7d687e6ecb30981,Y
Nate Diaz,8355922d564b152c,Takanori Gomi,3be081c29bf734d9,Y
Tony Ferguson,22a92d7f62195791,Aaron Riley,f2c8ebbeafd45f2b,Y
Tim Boetsch,c80095f6092271a7,Nick Ring,b13da0b1a3aed3e7,Y
Junior Assuncao,d0d7160824278840,Eddie Yagin,cc84b68f862b466f,Y
Takeya Mizugaki,48e093ea1f43a053,Cole Escovedo,5df17b3620145578,Y
James Te Huna,f5431394fb284bb9,Ricardo Romero,744e098e065cfdbe,Y
Jake Ellenberger,d81ac739417d7f53,Jake Shields,fe435e440b5de0ff,Y
Court McGee,523fa774700d7d3f,Dongi Yang,aed06011bf62237b,Y
Erik Koch,99bd87a300079ed9,Jonathan Brookins,b0a6124751a56bc4,Y
Alan Belcher,4130a743d9d22163,Jason MacDonald,2be6596a9db33bf5,Y
Vagner Rocha,d403b1a6f278c95e,Cody McKenzie,7be63795363029e8,Y
Evan Dunham,e5c9de15bb58b1c6,Shamar Bailey,e2b8186b618b00c4,Y
Lance Benoist,5431dccc09118234,Matthew Riddle,d023ae89a2a4a41e,Y
Ken Stone,fbf0947399d14323,Donny Walker,e6147d5ab3685899,Y
Seth Baczynski,fd5b6598a3b70c0a,Clay Harvison,83a477a7dba1ca58,Y
TJ Waldburger,8f2939f5fd9cca1e,Mike Stumpf,c0c36a5b3d5bbdd5,Y
Robert Peralta,960d6cae8879ba2b,Mike Lullo,e26882820f9e8df5,Y
Justin Edwards,e56daf7725a0b5ab,Jorge Lopez,ee624ee2a18f2a43,Y
Anderson Silva,1f454354805b6f75,Yushin Okami,acff437707625fc7,Y
Mauricio Rua,140745cbbcb023ac,Forrest Griffin,fcffee71cff5530e,Y
Edson Barboza,64a50dad704d1d49,Ross Pearson,4f732e58ed907eff,Y
Antonio Rodrigo Nogueira,ee9d73f4fee9cbdd,Brendan Schaub,89a407032911e27e,Y
Stanislav Nedkov,1d4bbaabd8b60173,Luiz Cane,24b033b3daf1c9df,Y
Thiago Tavares,8a59d346dc976a10,Spencer Fisher,f34312c2ccfa0e00,Y
Rousimar Palhares,8ddf9c51c5fdea75,Dan Miller,d0c29452d3272603,Y
Paulo Thiago,30a09e43f15f1d75,David Mitchell,8f3df4c579cfbb69,Y
Raphael Assuncao,2f13e4020cea5b38,Johnny Eduardo,528c24b99fbaab79,Y
Erick Silva,5866fc86183a9fb8,Luis Ramos,7bc475b0fc2020ab,Y
Iuri Alcantara,2f95a3c6d58b2aad,Felipe Arantes,71002dbc1743b9a7,Y
Yves Jabouin,b4eeac608fc82f88,Ian Loveland,eea0274e153256a0,Y
Chris Lytle,91acd6910b802a9e,Dan Hardy,473ce3aa581251a2,Y
Benson Henderson,2676b28836a5a836,Jim Miller,d1941565abf50b16,Y
Donald Cerrone,1d00756835ca67c9,Charles Oliveira,07225ba28ae309b6,Y
Duane Ludwig,84ac950d4c1722dd,Amir Sadollah,2650e2f846a30f64,Y
Jared Hamman,23459ee7e373b98f,CB Dollaway,5d7bdab5e03e3216,Y
Joseph Benavidez,80eacd4da0617c57,Eddie Wineland,fc9a9559a05f2704,Y
Ed Herman,06f36cf4bd97ec77,Kyle Noke,7339d340aa2889cb,Y
Ronny Markes,bd21a1e3d41c97ee,Karlos Vemola,d23ccf4a6c221284,Y
Jimy Hettes,893d51aaf024eddd,Alex Caceres,7aa3d6964eff4877,Y
Cole Miller,282fa667ff9c51ed,TJ O'Brien,d25b93992f285953,Y
Jacob Volkmann,6f81b6de2557739a,Danny Castillo,d1e7fc58d4225cdf,Y
Edwin Figueroa,bbfca6d5c27d9cd8,Jason Reinhardt,02500fb9fd79a974,Y
Rashad Evans,ee779c43a8926d52,Tito Ortiz,2f732dd9210d301f,Y
Vitor Belfort,0ee783aa00e468f0,Yoshihiro Akiyama,b0550072e5f0afa7,Y
Brian Ebersole,32ba186f4b0e3267,Dennis Hallman,8a8a84b743ae7699,Y
Constantinos Philippou,05560764359161e4,Jorge Rivera,cb46dface0e28a2c,Y
Rory MacDonald,cbd5d3cdd862e90e,Mike Pyle,f5990c11974d8e9c,Y
Alexander Gustafsson,3c6976f8182d9527,Matt Hamill,98b80a717b9bda17,Y
Chad Mendes,b5b684eac99ae0a3,Rani Yahya,94527830000ab715,Y
Ivan Menjivar,5755960ebd0b16f6,Nick Pace,8cb76103cd8a1562,Y
Johny Hendricks,0941df56f6ac954b,Mike Pierce,236a37d96d476164,Y
Mike Brown,e0b74df14f52cd15,Nam Phan,80dbeb1dd5b53e64,Y
Rafael Natal,0dba4df5f34d5ff0,Paul Bradley,c7011de4765d2497,Y
Dominick Cruz,10f3ba6cd2f44a97,Urijah Faber,78114b7199cef90c,Y
Chris Leben,d43a048a880efdff,Wanderlei Silva,a1f6999fe57236e0,Y
Dennis Siver,5f87a5c00b3d17ed,Matt Wiman,eb29176b03dfa888,Y
Tito Ortiz,2f732dd9210d301f,Ryan Bader,c0ab242c40decc55,Y
Carlos Condit,f9f07bb5a43535ed,Dong Hyun Kim,9bcf8603ceb25680,Y
Melvin Guillard,ccd1299e0345e0ce,Shane Roller,75e0d3cc2262b732,Y
Rafael Dos Anjos,6a2f7c151031653d,George Sotiropoulos,896c322f56b8be5a,Y
Brian Bowles,b26d3e3746fb4024,Takeya Mizugaki,48e093ea1f43a053,Y
Aaron Simpson,d5f820c11a121050,Brad Tavares,0c6d9ea8306c029e,Y
Anthony Njokuani,6bf5a7d3e081ade2,Andre Winner,b45d6b73f4ca4467,Y
Jeff Hougland,97a8f39186f489db,Donny Walker,e6147d5ab3685899,Y
Cheick Kongo,1eacf73d6a0055dc,Pat Barry,658c3465581ae46b,Y
Charlie Brenneman,98f6da59d765ec94,Rick Story,5b5307450405abf0,Y
Matt Brown,31123249b0bbf52e,John Howard,fc31f896cde2bc2e,Y
Matt Mitrione,ba280572acfba13f,Christian Morecraft,80779d7441af1b52,Y
Tyson Griffin,20205040232ed0f3,Manvel Gamburyan,cc6f9d1e89f3449a,Y
Javier Vazquez,be5cfd73617a5b1a,Joe Stevenson,79899ecf62020f6d,Y
Joe Lauzon,3bad7ef643840f67,Curt Warburton,2721bb808bb2523c,Y
Rich Attonito,210935fd21670f6d,Daniel Roberts,22edaf53ad59a967,Y
Nik Lentz,6fb1ba67bef41b37,Charles Oliveira,07225ba28ae309b6,N
Ricardo Lamas,3974fa35c917af1d,Matt Grice,bfc2fc38a0e20211,Y
Michael Johnson,511e82663651438d,Edward Faaloloto,6224e8d0a34264eb,Y
Junior Dos Santos,63def5a5662a6917,Shane Carwin,68dd7b3783c19f9c,Y
Kenny Florian,cb139171ed1b69fe,Diego Nunes,3a24769a4855040a,Y
Mark Munoz,179f1948dc234f1f,Demian Maia,427b5953ac8e3a27,Y
Dave Herman,cbd6f1abf955e628,Jon Olav Einemo,0577808d22dfe79c,Y
Donald Cerrone,1d00756835ca67c9,Vagner Rocha,d403b1a6f278c95e,Y
Sam Stout,501b07aec9b8fc2d,Yves Edwards,5f04e3d58d9ce982,Y
Chris Weidman,3a8176e15b9887c1,Jesse Bongfeldt,934de214814b8ff4,Y
Krzysztof Soszynski,59583ff832fe9d68,Mike Massenzio,5b2d7906aa894274,Y
Nick Ring,b13da0b1a3aed3e7,James Head,19a8cce18a1cef9e,Y
Dustin Poirier,029eaff01e6bb8f0,Jason Young,f59e9e49ef85b469,Y
Joey Beltran,46baf0f57edfa4df,Aaron Rosa,11f8860028b68fcf,Y
Darren Elkins,92a9aa9c93192871,Michihiro Omigawa,9f842be1a5337be6,Y
Tony Ferguson,22a92d7f62195791,Ramsey Nijem,22aa91e402d0fe1f,Y
Clay Guida,c47df9303d318c67,Anthony Pettis,cbb682f5fcc44bfc,Y
Ed Herman,06f36cf4bd97ec77,Tim Credeur,89b8d1bf1ff09d1d,Y
Kyle Kingsbury,b959e8c7fd8390d2,Fabio Maldonado,1fb80f46d3c105d9,Y
Chris Cope,8c8c92a12621d7e0,Chuck O'Neil,56bc9ccb609df534,Y
Jeremy Stephens,18968f97ad34f15c,Danny Downes,a66395395b5f1394,Y
George Roop,3c0437fbeda06962,Josh Grispi,60ba33c3f555a7a3,Y
Shamar Bailey,e2b8186b618b00c4,Ryan McGillivray,1f9c371c93dfd3a9,Y
Clay Harvison,83a477a7dba1ca58,Justin Edwards,e56daf7725a0b5ab,Y
Scott Jorgensen,0b64d0fed453ef7f,Ken Stone,fbf0947399d14323,Y
Reuben Duran,4417980b3e798abf,Francisco Rivera,7ea4a9f07df33a45,Y
Quinton Jackson,ffc088e64fab57e9,Matt Hamill,98b80a717b9bda17,Y
Frank Mir,1ff9589f9065a9ed,Roy Nelson,3f7c14c7eca7195d,Y
Travis Browne,3236bf606fe9fa5b,Stefan Struve,ebc1f40e00e0c481,Y
Rick Story,5b5307450405abf0,Thiago Alves,31ee470ef5dc8d7f,Y
Brian Stann,579fcdfcabd23a7b,Jorge Santiago,f8dc544e7077d014,Y
Demetrious Johnson,8a304bfd6bf04a57,Miguel Torres,33b2f68ef95252e0,Y
Tim Boetsch,c80095f6092271a7,Kendall Grove,234f3767ff0e5701,Y
Gleison Tibau,75e5fec9f72910ef,Rafaello Oliveira,15b1b21cd743d652,Y
Michael McDonald,d0314416a7f26527,Chris Cariaso,b2e3aca4cd363477,Y
Renan Barao,2c99576fefe53c7c,Cole Escovedo,5df17b3620145578,Y
Georges St-Pierre,6506c1d34da9c013,Jake Shields,fe435e440b5de0ff,Y
Jose Aldo,d0f3959b4a9747e6,Mark Hominick,0a97691039c4bbfb,Y
Lyoto Machida,f7a7f7118d4b01b6,Randy Couture,0aa92558424ced9e,Y
Vladimir Matyushenko,ccdd90bd1fc7dab6,Jason Brilz,497ba5b12a4bfc47,Y
Benson Henderson,2676b28836a5a836,Mark Bocek,cf9d24e4bd0cf2ce,Y
Rory MacDonald,cbd5d3cdd862e90e,Nate Diaz,8355922d564b152c,Y
Jake Ellenberger,d81ac739417d7f53,Sean Pierson,0d506315895efffc,Y
Claude Patrick,56116a79e4deed06,Daniel Roberts,22edaf53ad59a967,Y
Ivan Menjivar,5755960ebd0b16f6,Charlie Valencia,8a0be41c0380188d,Y
Jason MacDonald,2be6596a9db33bf5,Ryan Jensen,aae99701b21554e4,Y
John Makdessi,c21a036b4e012f1c,Kyle Watson,d7b2c0b53883ee80,Y
Pablo Garza,8e5bfd4e82352340,Yves Jabouin,b4eeac608fc82f88,Y
Phil Davis,902ab9197b83d0db,Rogerio Nogueira,73e09f837f3b5ecc,Y
Anthony Johnson,365fee2da473b177,Dan Hardy,473ce3aa581251a2,Y
Amir Sadollah,2650e2f846a30f64,DaMarques Johnson,322a56923b396b4d,Y
Chan Sung Jung,c451d67c09c55418,Leonard Garcia,917e53fa0adea0d3,Y
Mike Russow,353de740bb6c7e75,Jon Madsen,7691a80e6ca3e55b,Y
Mackens Semerzier,51b1e2fd9872005b,Alex Caceres,7aa3d6964eff4877,Y
John Hathaway,28f3c2258a1d8874,Kris McCray,baed16f18348908e,Y
Michael McDonald,d0314416a7f26527,Edwin Figueroa,bbfca6d5c27d9cd8,Y
Christian Morecraft,80779d7441af1b52,Sean McCorkle,008dc37cca279def,Y
Johny Hendricks,0941df56f6ac954b,TJ Waldburger,8f2939f5fd9cca1e,Y
Aaron Simpson,d5f820c11a121050,Mario Miranda,df2bf09c99594848,Y
Nik Lentz,6fb1ba67bef41b37,Waylon Lowe,28f62d866c59c709,Y
Jon Jones,07f72a2a7591b409,Mauricio Rua,140745cbbcb023ac,Y
Urijah Faber,78114b7199cef90c,Eddie Wineland,fc9a9559a05f2704,Y
Jim Miller,d1941565abf50b16,Kamal Shalorus,ece280745f8727b8,Y
Nate Marquardt,a8e6a69796280f17,Dan Miller,d0c29452d3272603,Y
Brendan Schaub,89a407032911e27e,Mirko Filipovic,c32fb8c0f6471a4d,Y
Luiz Cane,24b033b3daf1c9df,Eliot Marshall,a08d909a5be6f410,Y
Edson Barboza,64a50dad704d1d49,Anthony Njokuani,6bf5a7d3e081ade2,Y
Mike Pyle,f5990c11974d8e9c,Ricardo Almeida,91186547a7f3f758,Y
Gleison Tibau,75e5fec9f72910ef,Kurt Pellegrino,aa1952ec0b3dd8e1,Y
Joseph Benavidez,80eacd4da0617c57,Ian Loveland,eea0274e153256a0,Y
Nick Catone,f8fe2053d73d7bcf,Constantinos Philippou,05560764359161e4,Y
Erik Koch,99bd87a300079ed9,Raphael Assuncao,2f13e4020cea5b38,Y
Diego Sanchez,82e7929bf6c2b689,Martin Kampmann,8b69839f3555a67b,Y
Mark Munoz,179f1948dc234f1f,CB Dollaway,5d7bdab5e03e3216,Y
Chris Weidman,3a8176e15b9887c1,Alessio Sakara,7f955f71fa2ce7ac,Y
Brian Bowles,b26d3e3746fb4024,Damacio Page,c96e2ae6021144a1,Y
Cyrille Diabate,43563a32c3f10e95,Steve Cantwell,f1f9e48a0d150757,Y
Danny Castillo,d1e7fc58d4225cdf,Joe Stevenson,79899ecf62020f6d,Y
Shane Roller,75e0d3cc2262b732,Thiago Tavares,8a59d346dc976a10,Y
Takeya Mizugaki,48e093ea1f43a053,Reuben Duran,4417980b3e798abf,Y
Dongi Yang,aed06011bf62237b,Rob Kimmons,054defd5420a551f,Y
Rousimar Palhares,8ddf9c51c5fdea75,David Branch,d2c55d1d2e67773b,Y
Igor Pokrajac,53278852bcd91e11,Todd Brown,9b68bf67c5695185,Y
BJ Penn,73c7cfa551289285,Jon Fitch,6f018c039b4d5d80,N
Michael Bisping,2b93ebd9f5417ad2,Jorge Rivera,cb46dface0e28a2c,Y
Dennis Siver,5f87a5c00b3d17ed,George Sotiropoulos,896c322f56b8be5a,Y
Brian Ebersole,32ba186f4b0e3267,Chris Lytle,91acd6910b802a9e,Y
Kyle Noke,7339d340aa2889cb,Chris Camozzi,6c2030e0a143a94b,Y
Ross Pearson,4f732e58ed907eff,Spencer Fisher,f34312c2ccfa0e00,Y
Alexander Gustafsson,3c6976f8182d9527,James Te Huna,f5431394fb284bb9,Y
Nick Ring,b13da0b1a3aed3e7,Riki Fukuda,7c35f869033901ae,Y
Anthony Perosh,4b4753d19489297f,Tom Blackledge,2adb11835acd815b,Y
Zhang Tiequan,c23e3d4875340d8d,Jason Reinhardt,02500fb9fd79a974,Y
Mark Hunt,eef9b891edbd4604,Chris Tuchscherer,df05aa15b2d66f57,Y
Curt Warburton,2721bb808bb2523c,Maciej Jewtuszko,6b5b9be990774f0e,Y
Anderson Silva,1f454354805b6f75,Vitor Belfort,0ee783aa00e468f0,Y
Forrest Griffin,fcffee71cff5530e,Rich Franklin,d897897060f10a3a,Y
Jon Jones,07f72a2a7591b409,Ryan Bader,c0ab242c40decc55,Y
Jake Ellenberger,d81ac739417d7f53,Carlos Eduardo Rocha,4f736494fc733095,Y
Miguel Torres,33b2f68ef95252e0,Antonio Banuelos,9ddfb3369a3b0394,Y
Donald Cerrone,1d00756835ca67c9,Paul Kelly,aac5ac38148f0528,Y
Chad Mendes,b5b684eac99ae0a3,Michihiro Omigawa,9f842be1a5337be6,Y
Demetrious Johnson,8a304bfd6bf04a57,Norifumi Yamamoto,4834ff149dc9542a,Y
Paul Taylor,9b74de674c355425,Gabe Ruediger,ccba80d4820ef557,Y
Kyle Kingsbury,b959e8c7fd8390d2,Ricardo Romero,744e098e065cfdbe,Y
Mike Pierce,236a37d96d476164,Kenny Robertson,6e0273f9478be71e,Y
Melvin Guillard,ccd1299e0345e0ce,Evan Dunham,e5c9de15bb58b1c6,Y
Matt Mitrione,ba280572acfba13f,Tim Hague,219a254e15d60135,Y
Mark Hominick,0a97691039c4bbfb,George Roop,3c0437fbeda06962,Y
Pat Barry,658c3465581ae46b,Joey Beltran,46baf0f57edfa4df,Y
Matt Wiman,eb29176b03dfa888,Cole Miller,282fa667ff9c51ed,Y
Yves Edwards,5f04e3d58d9ce982,Cody McKenzie,7be63795363029e8,Y
DaMarques Johnson,322a56923b396b4d,Mike Guymon,eaea0fc7b76525a8,Y
Rani Yahya,94527830000ab715,Mike Brown,e0b74df14f52cd15,Y
Waylon Lowe,28f62d866c59c709,Willamy Freire,f1f37d667bcd0d27,Y
Charlie Brenneman,98f6da59d765ec94,Amilcar Alves,dc5a6b2fdb27e7dc,Y
Chris Cariaso,b2e3aca4cd363477,Will Campuzano,901cddcbfa079097,Y
Frankie Edgar,f2688492b9a525a3,Gray Maynard,7d96bc577e5178b2,N
Brian Stann,579fcdfcabd23a7b,Chris Leben,d43a048a880efdff,Y
Brandon Vera,fa315e6c77eee106,Thiago Silva,2924886ee9c4c527,N
Dong Hyun Kim,9bcf8603ceb25680,Nate Diaz,8355922d564b152c,Y
Clay Guida,c47df9303d318c67,Takanori Gomi,3be081c29bf734d9,Y
Jeremy Stephens,18968f97ad34f15c,Marcus Davis,b7d524c77c27389b,Y
Dustin Poirier,029eaff01e6bb8f0,Josh Grispi,60ba33c3f555a7a3,Y
Brad Tavares,0c6d9ea8306c029e,Phil Baroni,1652f3213655b935,Y
Diego Nunes,3a24769a4855040a,Mike Brown,e0b74df14f52cd15,Y
Daniel Roberts,22edaf53ad59a967,Greg Soto,9c669abd35b2522f,Y
Jacob Volkmann,6f81b6de2557739a,Antonio McKee,3414b50b08a10600,Y
Georges St-Pierre,6506c1d34da9c013,Josh Koscheck,dd37fd509af89f15,Y
Stefan Struve,ebc1f40e00e0c481,Sean McCorkle,008dc37cca279def,Y
Jim Miller,d1941565abf50b16,Charles Oliveira,07225ba28ae309b6,Y
Mac Danzig,86f582852a5b240a,Joe Stevenson,79899ecf62020f6d,Y
Thiago Alves,31ee470ef5dc8d7f,John Howard,fc31f896cde2bc2e,Y
Dan Miller,d0c29452d3272603,Joe Doerksen,dbaaf42313af90fa,Y
Mark Bocek,cf9d24e4bd0cf2ce,Dustin Hazelett,a149d6bc670cdb60,Y
Jesse Bongfeldt,934de214814b8ff4,Rafael Natal,0dba4df5f34d5ff0,N
Sean Pierson,0d506315895efffc,Matthew Riddle,d023ae89a2a4a41e,Y
Ricardo Almeida,91186547a7f3f758,TJ Grant,a26198ba5093147e,Y
John Makdessi,c21a036b4e012f1c,Pat Audinwood,196ed28337adc630,Y
Jonathan Brookins,b0a6124751a56bc4,Michael Johnson,511e82663651438d,Y
Stephan Bonnar,c6a33ff198aaaeeb,Igor Pokrajac,53278852bcd91e11,Y
Demian Maia,427b5953ac8e3a27,Kendall Grove,234f3767ff0e5701,Y
Rick Story,5b5307450405abf0,Johny Hendricks,0941df56f6ac954b,Y
Leonard Garcia,917e53fa0adea0d3,Nam Phan,80dbeb1dd5b53e64,Y
Cody McKenzie,7be63795363029e8,Aaron Wilkinson,338a11d3674eb2d4,Y
Ian Loveland,eea0274e153256a0,Tyler Toner,8e893f269d5696b2,Y
Kyle Watson,d7b2c0b53883ee80,Sako Chivitchian,9f7787e56a6bc0f4,Y
Nick Pace,8cb76103cd8a1562,Will Campuzano,901cddcbfa079097,Y
Pablo Garza,8e5bfd4e82352340,Fredson Paixao,320edfb0332b7073,Y
David Branch,d2c55d1d2e67773b,Rich Attonito,210935fd21670f6d,Y
Quinton Jackson,ffc088e64fab57e9,Lyoto Machida,f7a7f7118d4b01b6,Y
BJ Penn,73c7cfa551289285,Matt Hughes,621a6c59f88a44fe,Y
Maiquel Falcao,d58478ded5534695,Gerald Harris,c4b81cdecd5d6abe,Y
Phil Davis,902ab9197b83d0db,Tim Boetsch,c80095f6092271a7,Y
George Sotiropoulos,896c322f56b8be5a,Joe Lauzon,3bad7ef643840f67,Y
Brian Foster,3dc3022232b79c7a,Matt Brown,31123249b0bbf52e,Y
Mark Munoz,179f1948dc234f1f,Aaron Simpson,d5f820c11a121050,Y
Dennis Hallman,8a8a84b743ae7699,Karo Parisyan,349aaa3da11eb587,Y
Edson Barboza,64a50dad704d1d49,Mike Lullo,e26882820f9e8df5,Y
Paul Kelly,aac5ac38148f0528,TJ O'Brien,d25b93992f285953,Y
Nik Lentz,6fb1ba67bef41b37,Tyson Griffin,20205040232ed0f3,Y
Yushin Okami,acff437707625fc7,Nate Marquardt,a8e6a69796280f17,Y
Dennis Siver,5f87a5c00b3d17ed,Andre Winner,b45d6b73f4ca4467,Y
Amir Sadollah,2650e2f846a30f64,Peter Sobotta,1fcfc3709fe58151,Y
Krzysztof Soszynski,59583ff832fe9d68,Goran Reljic,132f860d02953f4c,Y
Duane Ludwig,84ac950d4c1722dd,Nick Osipczak,5b407acfe0ef9b76,Y
Vladimir Matyushenko,ccdd90bd1fc7dab6,Alexandre Ferreira,28ba5f27e473420c,Y
Pascal Krauss,a01e84abefd85ec0,Mark Scanlon,771b60ff889661c8,Y
Kyle Noke,7339d340aa2889cb,Rob Kimmons,054defd5420a551f,Y
Karlos Vemola,d23ccf4a6c221284,Seth Petruzelli,93b9496275bbbf80,Y
Carlos Eduardo Rocha,4f736494fc733095,Kris McCray,baed16f18348908e,Y
Cain Velasquez,0ff11cc094e887bc,Brock Lesnar,513c6f1715e547a8,Y
Jake Shields,fe435e440b5de0ff,Martin Kampmann,8b69839f3555a67b,Y
Diego Sanchez,82e7929bf6c2b689,Paulo Thiago,30a09e43f15f1d75,Y
Matt Hamill,98b80a717b9bda17,Tito Ortiz,2f732dd9210d301f,Y
Brendan Schaub,89a407032911e27e,Gabriel Gonzaga,270b89c00ef0c55c,Y
Court McGee,523fa774700d7d3f,Ryan Jensen,aae99701b21554e4,Y
Tom Lawlor,4d44f37107f01b9b,Patrick Cote,9fa3bd637edd9aa2,Y
Daniel Roberts,22edaf53ad59a967,Mike Guymon,eaea0fc7b76525a8,Y
Sam Stout,501b07aec9b8fc2d,Paul Taylor,9b74de674c355425,Y
Chris Camozzi,6c2030e0a143a94b,Dongi Yang,aed06011bf62237b,Y
Jon Madsen,7691a80e6ca3e55b,Gilbert Yvel,d29b5c4f22c6357d,Y
Michael Bisping,2b93ebd9f5417ad2,Yoshihiro Akiyama,b0550072e5f0afa7,Y
Carlos Condit,f9f07bb5a43535ed,Dan Hardy,473ce3aa581251a2,Y
Mike Pyle,f5990c11974d8e9c,John Hathaway,28f3c2258a1d8874,Y
Cheick Kongo,1eacf73d6a0055dc,Travis Browne,3236bf606fe9fa5b,N
Claude Patrick,56116a79e4deed06,James Wilks,852454c572675334,Y
Alexander Gustafsson,3c6976f8182d9527,Cyrille Diabate,43563a32c3f10e95,Y
Rob Broughton,a7d687e6ecb30981,Vinicius Queiroz,2a8502954f49e682,Y
Paul Sass,7b143a54451263d9,Mark Holst,c11f50e9c1513ce9,Y
Spencer Fisher,f34312c2ccfa0e00,Curt Warburton,2721bb808bb2523c,Y
Fabio Maldonado,1fb80f46d3c105d9,James McSweeney,cac08b8685387ca5,Y
Frank Mir,1ff9589f9065a9ed,Mirko Filipovic,c32fb8c0f6471a4d,Y
Ryan Bader,c0ab242c40decc55,Rogerio Nogueira,73e09f837f3b5ecc,Y
Chris Lytle,91acd6910b802a9e,Matt Serra,86dfed7cc24a9fa7,Y
Sean Sherk,029880cdbf5ca089,Evan Dunham,e5c9de15bb58b1c6,Y
Melvin Guillard,ccd1299e0345e0ce,Jeremy Stephens,18968f97ad34f15c,Y
CB Dollaway,5d7bdab5e03e3216,Joe Doerksen,dbaaf42313af90fa,Y
Matt Mitrione,ba280572acfba13f,Joey Beltran,46baf0f57edfa4df,Y
Thiago Tavares,8a59d346dc976a10,Pat Audinwood,196ed28337adc630,Y
Waylon Lowe,28f62d866c59c709,Steve Lopez,6085ceb59087514b,Y
TJ Grant,a26198ba5093147e,Julio Paulino,60c72f7459827881,Y
Sean McCorkle,008dc37cca279def,Mark Hunt,eef9b891edbd4604,Y
Nate Marquardt,a8e6a69796280f17,Rousimar Palhares,8ddf9c51c5fdea75,Y
Charles Oliveira,07225ba28ae309b6,Efrain Escudero,83fd97284f4bb4a4,Y
Jim Miller,d1941565abf50b16,Gleison Tibau,75e5fec9f72910ef,Y
Cole Miller,282fa667ff9c51ed,Ross Pearson,4f732e58ed907eff,Y
Yves Edwards,5f04e3d58d9ce982,John Gunderson,a0c139b34f11421a,Y
Kyle Kingsbury,b959e8c7fd8390d2,Jared Hamman,23459ee7e373b98f,Y
David Branch,d2c55d1d2e67773b,Tomasz Drwal,679a9054e2815943,Y
Rich Attonito,210935fd21670f6d,Rafael Natal,0dba4df5f34d5ff0,Y
TJ Waldburger,8f2939f5fd9cca1e,David Mitchell,8f3df4c579cfbb69,Y
Brian Foster,3dc3022232b79c7a,Forrest Petz,e86bc32f5997a8f7,Y
Frankie Edgar,f2688492b9a525a3,BJ Penn,73c7cfa551289285,Y
Randy Couture,0aa92558424ced9e,James Toney,d10b35152277cf98,Y
Demian Maia,427b5953ac8e3a27,Mario Miranda,df2bf09c99594848,Y
Gray Maynard,7d96bc577e5178b2,Kenny Florian,cb139171ed1b69fe,Y
Nate Diaz,8355922d564b152c,Marcus Davis,b7d524c77c27389b,Y
Joe Lauzon,3bad7ef643840f67,Gabe Ruediger,ccba80d4820ef557,Y
Nik Lentz,6fb1ba67bef41b37,Andre Winner,b45d6b73f4ca4467,Y
Dan Miller,d0c29452d3272603,John Salter,010986ee359fb863,Y
Greg Soto,9c669abd35b2522f,Nick Osipczak,5b407acfe0ef9b76,Y
Mike Pierce,236a37d96d476164,Amilcar Alves,dc5a6b2fdb27e7dc,Y
Anderson Silva,1f454354805b6f75,Chael Sonnen,48d1f690b763934c,Y
Jon Fitch,6f018c039b4d5d80,Thiago Alves,31ee470ef5dc8d7f,Y
Clay Guida,c47df9303d318c67,Rafael Dos Anjos,6a2f7c151031653d,Y
Matt Hughes,621a6c59f88a44fe,Ricardo Almeida,91186547a7f3f758,Y
Junior Dos Santos,63def5a5662a6917,Roy Nelson,3f7c14c7eca7195d,Y
Rick Story,5b5307450405abf0,Dustin Hazelett,a149d6bc670cdb60,Y
Phil Davis,902ab9197b83d0db,Rodney Wallace,b9415726dc3ec526,Y
Johny Hendricks,0941df56f6ac954b,Charlie Brenneman,98f6da59d765ec94,Y
Tim Boetsch,c80095f6092271a7,Todd Brown,9b68bf67c5695185,Y
Stefan Struve,ebc1f40e00e0c481,Christian Morecraft,80779d7441af1b52,Y
Dennis Hallman,8a8a84b743ae7699,Ben Saunders,484acc7b0f856ce9,Y
Jon Jones,07f72a2a7591b409,Vladimir Matyushenko,ccdd90bd1fc7dab6,Y
Yushin Okami,acff437707625fc7,Mark Munoz,179f1948dc234f1f,Y
Jake Ellenberger,d81ac739417d7f53,John Howard,fc31f896cde2bc2e,Y
Takanori Gomi,3be081c29bf734d9,Tyson Griffin,20205040232ed0f3,Y
Jacob Volkmann,6f81b6de2557739a,Paul Kelly,aac5ac38148f0528,Y
Matthew Riddle,d023ae89a2a4a41e,DaMarques Johnson,322a56923b396b4d,Y
Igor Pokrajac,53278852bcd91e11,James Irvin,a7f4d0902bb64092,Y
Brian Stann,579fcdfcabd23a7b,Mike Massenzio,5b2d7906aa894274,Y
Charles Oliveira,07225ba28ae309b6,Darren Elkins,92a9aa9c93192871,Y
Rob Kimmons,054defd5420a551f,Steve Steinbeiss,0b5b6876c2a4723f,Y
Brock Lesnar,513c6f1715e547a8,Shane Carwin,68dd7b3783c19f9c,Y
Chris Leben,d43a048a880efdff,Yoshihiro Akiyama,b0550072e5f0afa7,Y
Chris Lytle,91acd6910b802a9e,Matt Brown,31123249b0bbf52e,Y
Stephan Bonnar,c6a33ff198aaaeeb,Krzysztof Soszynski,59583ff832fe9d68,Y
George Sotiropoulos,896c322f56b8be5a,Kurt Pellegrino,aa1952ec0b3dd8e1,Y
Brendan Schaub,89a407032911e27e,Chris Tuchscherer,df05aa15b2d66f57,Y
Ricardo Romero,744e098e065cfdbe,Seth Petruzelli,93b9496275bbbf80,Y
Kendall Grove,234f3767ff0e5701,Goran Reljic,132f860d02953f4c,Y
Gerald Harris,c4b81cdecd5d6abe,David Branch,d2c55d1d2e67773b,Y
Daniel Roberts,22edaf53ad59a967,Forrest Petz,e86bc32f5997a8f7,Y
Jon Madsen,7691a80e6ca3e55b,Karlos Vemola,d23ccf4a6c221284,Y
Court McGee,523fa774700d7d3f,Kris McCray,baed16f18348908e,Y
Matt Hamill,98b80a717b9bda17,Keith Jardine,b9d0fd83bb8a147a,Y
Chris Leben,d43a048a880efdff,Aaron Simpson,d5f820c11a121050,Y
Dennis Siver,5f87a5c00b3d17ed,Spencer Fisher,f34312c2ccfa0e00,Y
Rich Attonito,210935fd21670f6d,Jamie Yager,85248da6e9e2f7e7,Y
John Gunderson,a0c139b34f11421a,Mark Holst,c11f50e9c1513ce9,Y
Brad Tavares,0c6d9ea8306c029e,Seth Baczynski,fd5b6598a3b70c0a,Y
Kyle Noke,7339d340aa2889cb,Josh Bryant,01f022fa494188e2,Y
Chris Camozzi,6c2030e0a143a94b,James Hammortree,1f77fce698e80488,Y
Travis Browne,3236bf606fe9fa5b,James McSweeney,cac08b8685387ca5,Y
Rich Franklin,d897897060f10a3a,Chuck Liddell,a390eb8a9b2df298,Y
Mirko Filipovic,c32fb8c0f6471a4d,Pat Barry,658c3465581ae46b,Y
Martin Kampmann,8b69839f3555a67b,Paulo Thiago,30a09e43f15f1d75,Y
Ben Rothwell,bd58d34e39b7b12a,Gilbert Yvel,d29b5c4f22c6357d,Y
Carlos Condit,f9f07bb5a43535ed,Rory MacDonald,cbd5d3cdd862e90e,Y
Evan Dunham,e5c9de15bb58b1c6,Tyson Griffin,20205040232ed0f3,Y
Matt Wiman,eb29176b03dfa888,Mac Danzig,86f582852a5b240a,Y
Mario Miranda,df2bf09c99594848,David Loiseau,22e47b53e4ceb27c,Y
James Wilks,852454c572675334,Peter Sobotta,1fcfc3709fe58151,Y
Claude Patrick,56116a79e4deed06,Ricardo Funch,e9e1acc96536bb4f,Y
Mike Pyle,f5990c11974d8e9c,Jesse Lennox,3ae10ac4df3df05c,Y
Rashad Evans,ee779c43a8926d52,Quinton Jackson,ffc088e64fab57e9,Y
Michael Bisping,2b93ebd9f5417ad2,Dan Miller,d0c29452d3272603,Y
Mike Russow,353de740bb6c7e75,Todd Duffee,bda04c573563cc2e,Y
Rogerio Nogueira,73e09f837f3b5ecc,Jason Brilz,497ba5b12a4bfc47,Y
John Hathaway,28f3c2258a1d8874,Diego Sanchez,82e7929bf6c2b689,Y
Dong Hyun Kim,9bcf8603ceb25680,Amir Sadollah,2650e2f846a30f64,Y
Efrain Escudero,83fd97284f4bb4a4,Dan Lauzon,4c8d6fde2dde07c4,Y
Melvin Guillard,ccd1299e0345e0ce,Waylon Lowe,28f62d866c59c709,Y
Cyrille Diabate,43563a32c3f10e95,Luiz Cane,24b033b3daf1c9df,Y
Aaron Riley,f2c8ebbeafd45f2b,Joe Brammer,013da757877044a2,Y
Ryan Jensen,aae99701b21554e4,Jesse Forbes,947eccadb72f4f6f,Y
Mauricio Rua,140745cbbcb023ac,Lyoto Machida,f7a7f7118d4b01b6,Y
Josh Koscheck,dd37fd509af89f15,Paul Daley,23725c826c481e7f,Y
Jeremy Stephens,18968f97ad34f15c,Sam Stout,501b07aec9b8fc2d,Y
Matt Mitrione,ba280572acfba13f,Kevin Ferguson,27541033b97c076d,Y
Alan Belcher,4130a743d9d22163,Patrick Cote,9fa3bd637edd9aa2,Y
Joe Doerksen,dbaaf42313af90fa,Tom Lawlor,4d44f37107f01b9b,Y
Marcus Davis,b7d524c77c27389b,Jonathan Goulet,fb1538b46877a695,Y
Johny Hendricks,0941df56f6ac954b,TJ Grant,a26198ba5093147e,Y
Joey Beltran,46baf0f57edfa4df,Tim Hague,219a254e15d60135,Y
Mike Guymon,eaea0fc7b76525a8,Yoshiyuki Yoshida,ab8900ae1f1dfd4c,Y
John Salter,010986ee359fb863,Jason MacDonald,2be6596a9db33bf5,Y
Anderson Silva,1f454354805b6f75,Demian Maia,427b5953ac8e3a27,Y
Frankie Edgar,f2688492b9a525a3,BJ Penn,73c7cfa551289285,Y
Matt Hughes,621a6c59f88a44fe,Renzo Gracie,aae0897825336b1a,Y
Rafael Dos Anjos,6a2f7c151031653d,Terry Etim,33011768c3c4dc9a,Y
Mark Munoz,179f1948dc234f1f,Kendall Grove,234f3767ff0e5701,Y
Phil Davis,902ab9197b83d0db,Alexander Gustafsson,3c6976f8182d9527,Y
Rick Story,5b5307450405abf0,Nick Osipczak,5b407acfe0ef9b76,Y
DaMarques Johnson,322a56923b396b4d,Brad Blackburn,7e69a4b0961aa555,Y
Paul Kelly,aac5ac38148f0528,Matt Veach,5731cc327790b731,Y
Jon Madsen,7691a80e6ca3e55b,Mostapha Al-Turk,1cf1310684a841f5,Y
Kenny Florian,cb139171ed1b69fe,Takanori Gomi,3be081c29bf734d9,Y
Roy Nelson,3f7c14c7eca7195d,Stefan Struve,ebc1f40e00e0c481,Y
Jorge Rivera,cb46dface0e28a2c,Nate Quarry,52cae54377b433b7,Y
Ross Pearson,4f732e58ed907eff,Dennis Siver,5f87a5c00b3d17ed,Y
Andre Winner,b45d6b73f4ca4467,Rafaello Oliveira,15b1b21cd743d652,Y
Jacob Volkmann,6f81b6de2557739a,Ronys Torres,cce79e827569f26e,Y
Nik Lentz,6fb1ba67bef41b37,Rob Emerson,dc0f07928009a127,Y
Gleison Tibau,75e5fec9f72910ef,Caol Uno,eb1723480fa2f96c,Y
Yushin Okami,acff437707625fc7,Lucio Linhares,a780d16cf7eed44d,Y
Gerald Harris,c4b81cdecd5d6abe,Mario Miranda,df2bf09c99594848,Y
Charlie Brenneman,98f6da59d765ec94,Jason High,e5d03e4d966126bd,Y
Georges St-Pierre,6506c1d34da9c013,Dan Hardy,473ce3aa581251a2,Y
Shane Carwin,68dd7b3783c19f9c,Frank Mir,1ff9589f9065a9ed,Y
Kurt Pellegrino,aa1952ec0b3dd8e1,Fabricio Camoes,7abe471b61725980,Y
Jon Fitch,6f018c039b4d5d80,Ben Saunders,484acc7b0f856ce9,Y
Jim Miller,d1941565abf50b16,Mark Bocek,cf9d24e4bd0cf2ce,Y
Nate Diaz,8355922d564b152c,Rory Markham,23a16ebe733e3041,Y
Ricardo Almeida,91186547a7f3f758,Matt Brown,31123249b0bbf52e,Y
Rousimar Palhares,8ddf9c51c5fdea75,Tomasz Drwal,679a9054e2815943,Y
Jared Hamman,23459ee7e373b98f,Rodney Wallace,b9415726dc3ec526,Y
Matthew Riddle,d023ae89a2a4a41e,Greg Soto,9c669abd35b2522f,Y
Jon Jones,07f72a2a7591b409,Brandon Vera,fa315e6c77eee106,Y
Junior Dos Santos,63def5a5662a6917,Gabriel Gonzaga,270b89c00ef0c55c,Y
Cheick Kongo,1eacf73d6a0055dc,Paul Buentello,f0abbb6f3444dae7,Y
Alessio Sakara,7f955f71fa2ce7ac,James Irvin,a7f4d0902bb64092,Y
Clay Guida,c47df9303d318c67,Shannon Gugerty,9f1641c08cf8fbe2,Y
Vladimir Matyushenko,ccdd90bd1fc7dab6,Eliot Marshall,a08d909a5be6f410,Y
Darren Elkins,92a9aa9c93192871,Duane Ludwig,84ac950d4c1722dd,Y
John Howard,fc31f896cde2bc2e,Daniel Roberts,22edaf53ad59a967,Y
Brendan Schaub,89a407032911e27e,Chase Gormley,052ceb8976695342,Y
Mike Pierce,236a37d96d476164,Julio Paulino,60c72f7459827881,Y
Jason Brilz,497ba5b12a4bfc47,Eric Schafer,f59f1d3a2ff13edd,Y
Cain Velasquez,0ff11cc094e887bc,Antonio Rodrigo Nogueira,ee9d73f4fee9cbdd,Y
Wanderlei Silva,a1f6999fe57236e0,Michael Bisping,2b93ebd9f5417ad2,Y
George Sotiropoulos,896c322f56b8be5a,Joe Stevenson,79899ecf62020f6d,Y
Ryan Bader,c0ab242c40decc55,Keith Jardine,b9d0fd83bb8a147a,Y
Mirko Filipovic,c32fb8c0f6471a4d,Anthony Perosh,4b4753d19489297f,Y
Krzysztof Soszynski,59583ff832fe9d68,Stephan Bonnar,c6a33ff198aaaeeb,Y
Chris Lytle,91acd6910b802a9e,Brian Foster,3dc3022232b79c7a,Y
CB Dollaway,5d7bdab5e03e3216,Goran Reljic,132f860d02953f4c,Y
James Te Huna,f5431394fb284bb9,Igor Pokrajac,53278852bcd91e11,Y
Randy Couture,0aa92558424ced9e,Mark Coleman,21b8a0f5c231096f,Y
Chael Sonnen,48d1f690b763934c,Nate Marquardt,a8e6a69796280f17,Y
Paulo Thiago,30a09e43f15f1d75,Mike Swick,9fe85152f351e737,Y
Demian Maia,427b5953ac8e3a27,Dan Miller,d0c29452d3272603,Y
Matt Serra,86dfed7cc24a9fa7,Frank Trigg,d2d37e8eeb3abc8d,Y
Mac Danzig,86f582852a5b240a,Justin Buchholz,231926533134ec1f,Y
Melvin Guillard,ccd1299e0345e0ce,Ronys Torres,cce79e827569f26e,Y
Rob Emerson,dc0f07928009a127,Phillipe Nover,64360e618823a8e4,Y
Phil Davis,902ab9197b83d0db,Brian Stann,579fcdfcabd23a7b,Y
Chris Tuchscherer,df05aa15b2d66f57,Tim Hague,219a254e15d60135,Y
Joey Beltran,46baf0f57edfa4df,Rolles Gracie,e4a9dbade7c7e1a7,Y
Gray Maynard,7d96bc577e5178b2,Nate Diaz,8355922d564b152c,Y
Evan Dunham,e5c9de15bb58b1c6,Efrain Escudero,83fd97284f4bb4a4,Y
Aaron Simpson,d5f820c11a121050,Tom Lawlor,4d44f37107f01b9b,Y
Amir Sadollah,2650e2f846a30f64,Brad Blackburn,7e69a4b0961aa555,Y
Chris Leben,d43a048a880efdff,Jay Silva,53bb0d40905b87c0,Y
Rick Story,5b5307450405abf0,Jesse Lennox,3ae10ac4df3df05c,Y
Thiago Tavares,8a59d346dc976a10,Nik Lentz,6fb1ba67bef41b37,N
Rory MacDonald,cbd5d3cdd862e90e,Mike Guymon,eaea0fc7b76525a8,Y
Rafael Dos Anjos,6a2f7c151031653d,Kyle Bradley,a6959da32f0e6b5d,Y
Gerald Harris,c4b81cdecd5d6abe,John Salter,010986ee359fb863,Y
Nick Catone,f8fe2053d73d7bcf,Jesse Forbes,947eccadb72f4f6f,Y
Rashad Evans,ee779c43a8926d52,Thiago Silva,2924886ee9c4c527,Y
Paul Daley,23725c826c481e7f,Dustin Hazelett,a149d6bc670cdb60,Y
Sam Stout,501b07aec9b8fc2d,Joe Lauzon,3bad7ef643840f67,Y
Jim Miller,d1941565abf50b16,Duane Ludwig,84ac950d4c1722dd,Y
Junior Dos Santos,63def5a5662a6917,Gilbert Yvel,d29b5c4f22c6357d,Y
Martin Kampmann,8b69839f3555a67b,Jacob Volkmann,6f81b6de2557739a,Y
Cole Miller,282fa667ff9c51ed,Dan Lauzon,4c8d6fde2dde07c4,Y
Mark Munoz,179f1948dc234f1f,Ryan Jensen,aae99701b21554e4,Y
Jake Ellenberger,d81ac739417d7f53,Mike Pyle,f5990c11974d8e9c,Y
Rafaello Oliveira,15b1b21cd743d652,John Gunderson,a0c139b34f11421a,Y
BJ Penn,73c7cfa551289285,Diego Sanchez,82e7929bf6c2b689,Y
Frank Mir,1ff9589f9065a9ed,Cheick Kongo,1eacf73d6a0055dc,Y
Jon Fitch,6f018c039b4d5d80,Mike Pierce,236a37d96d476164,Y
Kenny Florian,cb139171ed1b69fe,Clay Guida,c47df9303d318c67,Y
Stefan Struve,ebc1f40e00e0c481,Paul Buentello,f0abbb6f3444dae7,Y
Alan Belcher,4130a743d9d22163,Wilson Gouveia,af5b208e97f5d382,Y
Matt Wiman,eb29176b03dfa888,Shane Nelson,2db7fa8db6bc9632,Y
Johny Hendricks,0941df56f6ac954b,Ricardo Funch,e9e1acc96536bb4f,Y
Rousimar Palhares,8ddf9c51c5fdea75,Lucio Linhares,a780d16cf7eed44d,Y
DaMarques Johnson,322a56923b396b4d,Edgar Garcia,8d49545dadf9b919,Y
TJ Grant,a26198ba5093147e,Kevin Burns,a6d8bfe9e0c8153b,Y
Roy Nelson,3f7c14c7eca7195d,Brendan Schaub,89a407032911e27e,Y
Matt Hamill,98b80a717b9bda17,Jon Jones,07f72a2a7591b409,Y
Kevin Ferguson,27541033b97c076d,Houston Alexander,0541480fbf719d86,Y
Frankie Edgar,f2688492b9a525a3,Matt Veach,5731cc327790b731,Y
Matt Mitrione,ba280572acfba13f,Marcus Jones,8fa2b06572365321,Y
James McSweeney,cac08b8685387ca5,Darrill Schoonover,5a558ba1ff5e9121,Y
Jon Madsen,7691a80e6ca3e55b,Justin Wren,e78f601035d677f2,Y
Brian Stann,579fcdfcabd23a7b,Rodney Wallace,b9415726dc3ec526,Y
John Howard,fc31f896cde2bc2e,Dennis Hallman,8a8a84b743ae7699,Y
Mark Bocek,cf9d24e4bd0cf2ce,Joe Brammer,013da757877044a2,Y
Forrest Griffin,fcffee71cff5530e,Tito Ortiz,2f732dd9210d301f,Y
Josh Koscheck,dd37fd509af89f15,Anthony Johnson,365fee2da473b177,Y
Paulo Thiago,30a09e43f15f1d75,Jacob Volkmann,6f81b6de2557739a,Y
Rogerio Nogueira,73e09f837f3b5ecc,Luiz Cane,24b033b3daf1c9df,Y
Amir Sadollah,2650e2f846a30f64,Phil Baroni,1652f3213655b935,Y
Ben Saunders,484acc7b0f856ce9,Marcus Davis,b7d524c77c27389b,Y
Kendall Grove,234f3767ff0e5701,Jake Rosholt,4f2fcbefb668689d,Y
Brian Foster,3dc3022232b79c7a,Brock Larson,5eedbf1e9601be35,Y
Caol Uno,eb1723480fa2f96c,Fabricio Camoes,7abe471b61725980,N
George Sotiropoulos,896c322f56b8be5a,Jason Dent,fa8b9e6b0c2269f8,Y
Randy Couture,0aa92558424ced9e,Brandon Vera,fa315e6c77eee106,Y
Dan Hardy,473ce3aa581251a2,Mike Swick,9fe85152f351e737,Y
Michael Bisping,2b93ebd9f5417ad2,Denis Kang,3c241737a6069b9f,Y
Matt Brown,31123249b0bbf52e,James Wilks,852454c572675334,Y
Ross Pearson,4f732e58ed907eff,Aaron Riley,f2c8ebbeafd45f2b,Y
John Hathaway,28f3c2258a1d8874,Paul Taylor,9b74de674c355425,Y
Terry Etim,33011768c3c4dc9a,Shannon Gugerty,9f1641c08cf8fbe2,Y
Nick Osipczak,5b407acfe0ef9b76,Matthew Riddle,d023ae89a2a4a41e,Y
Dennis Siver,5f87a5c00b3d17ed,Paul Kelly,aac5ac38148f0528,Y
Alexander Gustafsson,3c6976f8182d9527,Jared Hamman,23459ee7e373b98f,Y
Andre Winner,b45d6b73f4ca4467,Rolando Delgado,37b1696e6d115957,Y
Lyoto Machida,f7a7f7118d4b01b6,Mauricio Rua,140745cbbcb023ac,Y
Cain Velasquez,0ff11cc094e887bc,Ben Rothwell,bd58d34e39b7b12a,Y
Gleison Tibau,75e5fec9f72910ef,Josh Neer,d1a1314976c50bef,Y
Joe Stevenson,79899ecf62020f6d,Spencer Fisher,f34312c2ccfa0e00,Y
Anthony Johnson,365fee2da473b177,Yoshiyuki Yoshida,ab8900ae1f1dfd4c,Y
Ryan Bader,c0ab242c40decc55,Eric Schafer,f59f1d3a2ff13edd,Y
Pat Barry,658c3465581ae46b,Antoni Hardonk,69b69c0178c4004d,Y
Chael Sonnen,48d1f690b763934c,Yushin Okami,acff437707625fc7,Y
Jorge Rivera,cb46dface0e28a2c,Rob Kimmons,054defd5420a551f,Y
Kyle Kingsbury,b959e8c7fd8390d2,Razak Al-Hassan,38b50fd1e1b5b656,Y
Stefan Struve,ebc1f40e00e0c481,Chase Gormley,052ceb8976695342,Y
Vitor Belfort,0ee783aa00e468f0,Rich Franklin,d897897060f10a3a,Y
Junior Dos Santos,63def5a5662a6917,Mirko Filipovic,c32fb8c0f6471a4d,Y
Paul Daley,23725c826c481e7f,Martin Kampmann,8b69839f3555a67b,Y
Josh Koscheck,dd37fd509af89f15,Frank Trigg,d2d37e8eeb3abc8d,Y
Tyson Griffin,20205040232ed0f3,Hermes Franca,e0ec3c3b6b611f7e,Y
Efrain Escudero,83fd97284f4bb4a4,Cole Miller,282fa667ff9c51ed,Y
Tomasz Drwal,679a9054e2815943,Drew McFedries,1fd4fbdcc67de844,Y
Jim Miller,d1941565abf50b16,Steve Lopez,6085ceb59087514b,Y
Nik Lentz,6fb1ba67bef41b37,Rafaello Oliveira,15b1b21cd743d652,Y
Rick Story,5b5307450405abf0,Brian Foster,3dc3022232b79c7a,Y
Eliot Marshall,a08d909a5be6f410,Jason Brilz,497ba5b12a4bfc47,Y
Vladimir Matyushenko,ccdd90bd1fc7dab6,Igor Pokrajac,53278852bcd91e11,Y
Rafael Dos Anjos,6a2f7c151031653d,Rob Emerson,dc0f07928009a127,Y
Nate Diaz,8355922d564b152c,Melvin Guillard,ccd1299e0345e0ce,Y
Gray Maynard,7d96bc577e5178b2,Roger Huerta,daf1b84aebd6602b,Y
Carlos Condit,f9f07bb5a43535ed,Jake Ellenberger,d81ac739417d7f53,Y
Nate Quarry,52cae54377b433b7,Tim Credeur,89b8d1bf1ff09d1d,Y
Brian Stann,579fcdfcabd23a7b,Steve Cantwell,f1f9e48a0d150757,Y
Mike Pyle,f5990c11974d8e9c,Chris Wilson,a56607a451e4c70d,Y
CB Dollaway,5d7bdab5e03e3216,Jay Silva,53bb0d40905b87c0,Y
Jeremy Stephens,18968f97ad34f15c,Justin Buchholz,231926533134ec1f,Y
Mike Pierce,236a37d96d476164,Brock Larson,5eedbf1e9601be35,Y
Ryan Jensen,aae99701b21554e4,Steve Steinbeiss,0b5b6876c2a4723f,Y
Antonio Rodrigo Nogueira,ee9d73f4fee9cbdd,Randy Couture,0aa92558424ced9e,Y
Thiago Silva,2924886ee9c4c527,Keith Jardine,b9d0fd83bb8a147a,Y
Jake Rosholt,4f2fcbefb668689d,Chris Leben,d43a048a880efdff,Y
Nate Marquardt,a8e6a69796280f17,Demian Maia,427b5953ac8e3a27,Y
Brandon Vera,fa315e6c77eee106,Krzysztof Soszynski,59583ff832fe9d68,Y
Aaron Simpson,d5f820c11a121050,Ed Herman,06f36cf4bd97ec77,Y
Gabriel Gonzaga,270b89c00ef0c55c,Chris Tuchscherer,df05aa15b2d66f57,Y
Mike Russow,353de740bb6c7e75,Justin McCully,75f871836d41f90f,Y
Todd Duffee,bda04c573563cc2e,Tim Hague,219a254e15d60135,Y
Mark Munoz,179f1948dc234f1f,Nick Catone,f8fe2053d73d7bcf,Y
Evan Dunham,e5c9de15bb58b1c6,Marcus Aurelio,04643fd03d9159cc,Y
BJ Penn,73c7cfa551289285,Kenny Florian,cb139171ed1b69fe,Y
Anderson Silva,1f454354805b6f75,Forrest Griffin,fcffee71cff5530e,Y
Aaron Riley,f2c8ebbeafd45f2b,Shane Nelson,2db7fa8db6bc9632,Y
Johny Hendricks,0941df56f6ac954b,Amir Sadollah,2650e2f846a30f64,Y
Ricardo Almeida,91186547a7f3f758,Kendall Grove,234f3767ff0e5701,Y
Kurt Pellegrino,aa1952ec0b3dd8e1,Josh Neer,d1a1314976c50bef,Y
John Howard,fc31f896cde2bc2e,Tamdan McCrory,eff47295daf721a6,Y
Alessio Sakara,7f955f71fa2ce7ac,Thales Leites,cfb65863d5099327,Y
Matthew Riddle,d023ae89a2a4a41e,Dan Cramer,480b702debcb5433,Y
George Sotiropoulos,896c322f56b8be5a,George Roop,3c0437fbeda06962,Y
Jesse Lennox,3ae10ac4df3df05c,Danillo Villefort,fd87b1bbfcde9d5e,Y
Jon Fitch,6f018c039b4d5d80,Paulo Thiago,30a09e43f15f1d75,Y
Brock Lesnar,513c6f1715e547a8,Frank Mir,1ff9589f9065a9ed,Y
Georges St-Pierre,6506c1d34da9c013,Thiago Alves,31ee470ef5dc8d7f,Y
Dan Henderson,1ccf4e7caff270df,Michael Bisping,2b93ebd9f5417ad2,Y
Yoshihiro Akiyama,b0550072e5f0afa7,Alan Belcher,4130a743d9d22163,Y
Mark Coleman,21b8a0f5c231096f,Stephan Bonnar,c6a33ff198aaaeeb,Y
Jim Miller,d1941565abf50b16,Mac Danzig,86f582852a5b240a,Y
Jon Jones,07f72a2a7591b409,Jake O'Brien,20bcc9966affb19c,Y
Dong Hyun Kim,9bcf8603ceb25680,TJ Grant,a26198ba5093147e,Y
Tom Lawlor,4d44f37107f01b9b,CB Dollaway,5d7bdab5e03e3216,Y
Shannon Gugerty,9f1641c08cf8fbe2,Matt Grice,bfc2fc38a0e20211,Y
Diego Sanchez,82e7929bf6c2b689,Clay Guida,c47df9303d318c67,Y
James Wilks,852454c572675334,DaMarques Johnson,322a56923b396b4d,Y
Chris Lytle,91acd6910b802a9e,Kevin Burns,a6d8bfe9e0c8153b,Y
Ross Pearson,4f732e58ed907eff,Andre Winner,b45d6b73f4ca4467,Y
Joe Stevenson,79899ecf62020f6d,Nate Diaz,8355922d564b152c,Y
Melvin Guillard,ccd1299e0345e0ce,Gleison Tibau,75e5fec9f72910ef,Y
Brad Blackburn,7e69a4b0961aa555,Edgar Garcia,8d49545dadf9b919,Y
Tomasz Drwal,679a9054e2815943,Mike Ciesnolevicz,51b0bb73a1da34bc,Y
Nick Osipczak,5b407acfe0ef9b76,Frank Lester,edd8d5d8089a35f8,Y
Jason Dent,fa8b9e6b0c2269f8,Cameron Dollar,3bbcd63a016d9715,Y
Rich Franklin,d897897060f10a3a,Wanderlei Silva,a1f6999fe57236e0,Y
Cain Velasquez,0ff11cc094e887bc,Cheick Kongo,1eacf73d6a0055dc,Y
Mirko Filipovic,c32fb8c0f6471a4d,Mostapha Al-Turk,1cf1310684a841f5,Y
Mike Swick,9fe85152f351e737,Ben Saunders,484acc7b0f856ce9,Y
Spencer Fisher,f34312c2ccfa0e00,Caol Uno,eb1723480fa2f96c,Y
Dan Hardy,473ce3aa581251a2,Marcus Davis,b7d524c77c27389b,Y
Terry Etim,33011768c3c4dc9a,Justin Buchholz,231926533134ec1f,Y
Dennis Siver,5f87a5c00b3d17ed,Dale Hartt,058e4e08a1ad8aba,Y
Paul Taylor,9b74de674c355425,Peter Sobotta,1fcfc3709fe58151,Y
Paul Kelly,aac5ac38148f0528,Rolando Delgado,37b1696e6d115957,Y
Stefan Struve,ebc1f40e00e0c481,Denis Stojnic,a421465acbe59c77,Y
John Hathaway,28f3c2258a1d8874,Rick Story,5b5307450405abf0,Y
Lyoto Machida,f7a7f7118d4b01b6,Rashad Evans,ee779c43a8926d52,Y
Matt Hughes,621a6c59f88a44fe,Matt Serra,86dfed7cc24a9fa7,Y
Drew McFedries,1fd4fbdcc67de844,Xavier Foupa-Pokam,ec33146e43e58933,Y
Chael Sonnen,48d1f690b763934c,Dan Miller,d0c29452d3272603,Y
Frankie Edgar,f2688492b9a525a3,Sean Sherk,029880cdbf5ca089,Y
Brock Larson,5eedbf1e9601be35,Mike Pyle,f5990c11974d8e9c,Y
Tim Hague,219a254e15d60135,Pat Barry,658c3465581ae46b,Y
Kyle Bradley,a6959da32f0e6b5d,Phillipe Nover,64360e618823a8e4,Y
Krzysztof Soszynski,59583ff832fe9d68,Andre Gusmao,cc300e9aa3063431,Y
Yoshiyuki Yoshida,ab8900ae1f1dfd4c,Brandon Wolff,aa79d5399571068e,Y
George Roop,3c0437fbeda06962,David Kaplan,5669b828e7e11329,Y
Anderson Silva,1f454354805b6f75,Thales Leites,cfb65863d5099327,Y
Sam Stout,501b07aec9b8fc2d,Matt Wiman,eb29176b03dfa888,Y
Mauricio Rua,140745cbbcb023ac,Chuck Liddell,a390eb8a9b2df298,Y
Krzysztof Soszynski,59583ff832fe9d68,Brian Stann,579fcdfcabd23a7b,Y
Cheick Kongo,1eacf73d6a0055dc,Antoni Hardonk,69b69c0178c4004d,Y
Luiz Cane,24b033b3daf1c9df,Steve Cantwell,f1f9e48a0d150757,Y
Denis Kang,3c241737a6069b9f,Xavier Foupa-Pokam,ec33146e43e58933,Y
Nate Quarry,52cae54377b433b7,Jason MacDonald,2be6596a9db33bf5,Y
Ed Herman,06f36cf4bd97ec77,David Loiseau,22e47b53e4ceb27c,Y
Mark Bocek,cf9d24e4bd0cf2ce,David Bielkheden,1efa064872f089d0,Y
TJ Grant,a26198ba5093147e,Ryo Chonan,55a7b2d4e54ffac9,Y
Eliot Marshall,a08d909a5be6f410,Vinny Magalhaes,88a9bc81271ccd89,Y
Martin Kampmann,8b69839f3555a67b,Carlos Condit,f9f07bb5a43535ed,Y
Ryan Bader,c0ab242c40decc55,Carmelo Marrero,aa03a3ca00ac6827,Y
Tyson Griffin,20205040232ed0f3,Rafael Dos Anjos,6a2f7c151031653d,Y
Cole Miller,282fa667ff9c51ed,Junie Browning,d74cba8566291bfa,Y
Gleison Tibau,75e5fec9f72910ef,Jeremy Stephens,18968f97ad34f15c,Y
Ricardo Almeida,91186547a7f3f758,Matt Horwich,049d698d773eb3e1,Y
Brock Larson,5eedbf1e9601be35,Jesse Sanders,59aaf2730b84698a,Y
Tim Credeur,89b8d1bf1ff09d1d,Nick Catone,f8fe2053d73d7bcf,Y
Jorge Rivera,cb46dface0e28a2c,Nissen Osterneck,d632d156c0549e07,Y
Rob Kimmons,054defd5420a551f,Joe Vedepo,d35c3ed553b71fa2,Y
Aaron Simpson,d5f820c11a121050,Tim McKenzie,9ca265dfe8323db3,Y
Quinton Jackson,ffc088e64fab57e9,Keith Jardine,b9d0fd83bb8a147a,Y
Shane Carwin,68dd7b3783c19f9c,Gabriel Gonzaga,270b89c00ef0c55c,Y
Matt Brown,31123249b0bbf52e,Pete Sell,0359313549d230a1,Y
Matt Hamill,98b80a717b9bda17,Mark Munoz,179f1948dc234f1f,Y
Gray Maynard,7d96bc577e5178b2,Jim Miller,d1941565abf50b16,Y
Tamdan McCrory,eff47295daf721a6,Ryan Madigan,a8d521d913df4e31,Y
Kendall Grove,234f3767ff0e5701,Jason Day,a6fd2173d5e2d7f0,Y
Jason Brilz,497ba5b12a4bfc47,Tim Boetsch,c80095f6092271a7,Y
Brandon Vera,fa315e6c77eee106,Michael Patt,83d0de122f2f9664,Y
Shane Nelson,2db7fa8db6bc9632,Aaron Riley,f2c8ebbeafd45f2b,Y
Diego Sanchez,82e7929bf6c2b689,Joe Stevenson,79899ecf62020f6d,Y
Dan Hardy,473ce3aa581251a2,Rory Markham,23a16ebe733e3041,Y
Nate Marquardt,a8e6a69796280f17,Wilson Gouveia,af5b208e97f5d382,Y
Demian Maia,427b5953ac8e3a27,Chael Sonnen,48d1f690b763934c,Y
Paulo Thiago,30a09e43f15f1d75,Josh Koscheck,dd37fd509af89f15,Y
Terry Etim,33011768c3c4dc9a,Brian Cobb,3138fab619faf4d1,Y
Junior Dos Santos,63def5a5662a6917,Stefan Struve,ebc1f40e00e0c481,Y
Evan Dunham,e5c9de15bb58b1c6,Per Eklund,58bc81376286b3d3,Y
Mike Ciesnolevicz,51b0bb73a1da34bc,Neil Grove,36a432f22144843e,Y
Paul Kelly,aac5ac38148f0528,Troy Mandaloniz,725a834930c2b5bf,Y
Joe Lauzon,3bad7ef643840f67,Jeremy Stephens,18968f97ad34f15c,Y
Cain Velasquez,0ff11cc094e887bc,Denis Stojnic,a421465acbe59c77,Y
Josh Neer,d1a1314976c50bef,Mac Danzig,86f582852a5b240a,Y
Anthony Johnson,365fee2da473b177,Luigi Fioravanti,9583662df31d943f,Y
Kurt Pellegrino,aa1952ec0b3dd8e1,Rob Emerson,dc0f07928009a127,Y
Dan Miller,d0c29452d3272603,Jake Rosholt,4f2fcbefb668689d,Y
Matt Veach,5731cc327790b731,Matt Grice,bfc2fc38a0e20211,Y
Gleison Tibau,75e5fec9f72910ef,Rich Clementi,7d21de9c6d7c98b2,Y
Nick Catone,f8fe2053d73d7bcf,Derek Downey,b05086131c6f5dc5,Y
Matthew Riddle,d023ae89a2a4a41e,Steve Bruno,2f3f12002564bb55,Y
Georges St-Pierre,6506c1d34da9c013,BJ Penn,73c7cfa551289285,Y
Lyoto Machida,f7a7f7118d4b01b6,Thiago Silva,2924886ee9c4c527,Y
Jon Jones,07f72a2a7591b409,Stephan Bonnar,c6a33ff198aaaeeb,Y
Karo Parisyan,349aaa3da11eb587,Dong Hyun Kim,9bcf8603ceb25680,N
Clay Guida,c47df9303d318c67,Nate Diaz,8355922d564b152c,Y
Jon Fitch,6f018c039b4d5d80,Akihiro Gono,b2acebbef8da14ea,Y
Thiago Tavares,8a59d346dc976a10,Manvel Gamburyan,cc6f9d1e89f3449a,Y
John Howard,fc31f896cde2bc2e,Chris Wilson,a56607a451e4c70d,Y
Jake O'Brien,20bcc9966affb19c,Christian Wellisch,f1b2a4365799c48b,Y
Dan Cramer,480b702debcb5433,Matt Arroyo,de62052b2ede65ba,Y
Dan Henderson,1ccf4e7caff270df,Rich Franklin,d897897060f10a3a,Y
Mauricio Rua,140745cbbcb023ac,Mark Coleman,21b8a0f5c231096f,Y
Rousimar Palhares,8ddf9c51c5fdea75,Jeremy Horn,8d26912cd2aeb366,Y
Alan Belcher,4130a743d9d22163,Denis Kang,3c241737a6069b9f,Y
Marcus Davis,b7d524c77c27389b,Chris Lytle,91acd6910b802a9e,Y
John Hathaway,28f3c2258a1d8874,Tom Egan,eae4aec1a5a8ff01,Y
Martin Kampmann,8b69839f3555a67b,Alexandre Barros,8fd1f27e86661ede,Y
Eric Schafer,f59f1d3a2ff13edd,Antonio Mendes,3795fca327cbcf23,Y
Tomasz Drwal,679a9054e2815943,Ivan Serati,b23fca14c7b79935,Y
Dennis Siver,5f87a5c00b3d17ed,Nate Mohr,04c15b52c3cc1cab,Y
Rashad Evans,ee779c43a8926d52,Forrest Griffin,fcffee71cff5530e,Y
Frank Mir,1ff9589f9065a9ed,Antonio Rodrigo Nogueira,ee9d73f4fee9cbdd,Y
CB Dollaway,5d7bdab5e03e3216,Mike Massenzio,5b2d7906aa894274,Y
Quinton Jackson,ffc088e64fab57e9,Wanderlei Silva,a1f6999fe57236e0,Y
Cheick Kongo,1eacf73d6a0055dc,Mostapha Al-Turk,1cf1310684a841f5,Y
Yushin Okami,acff437707625fc7,Dean Lister,68c6cd5287b473a7,Y
Antoni Hardonk,69b69c0178c4004d,Mike Wessel,b51841e7c594090d,Y
Matt Hamill,98b80a717b9bda17,Reese Andy,46e2ca71fd5089cb,Y
Brad Blackburn,7e69a4b0961aa555,Ryo Chonan,55a7b2d4e54ffac9,Y
Pat Barry,658c3465581ae46b,Dan Evensen,dd8aec6de7035943,Y
Efrain Escudero,83fd97284f4bb4a4,Phillipe Nover,64360e618823a8e4,Y
Ryan Bader,c0ab242c40decc55,Vinny Magalhaes,88a9bc81271ccd89,Y
Anthony Johnson,365fee2da473b177,Kevin Burns,a6d8bfe9e0c8153b,Y
Wilson Gouveia,af5b208e97f5d382,Jason MacDonald,2be6596a9db33bf5,Y
Junie Browning,d74cba8566291bfa,David Kaplan,5669b828e7e11329,Y
Krzysztof Soszynski,59583ff832fe9d68,Shane Primm,5114f1b5ad4cdf72,Y
Eliot Marshall,a08d909a5be6f410,Jules Bruchez,d1dcd4e96464a53d,Y
Tom Lawlor,4d44f37107f01b9b,Kyle Kingsbury,b959e8c7fd8390d2,Y
Shane Nelson,2db7fa8db6bc9632,George Roop,3c0437fbeda06962,Y
Rolando Delgado,37b1696e6d115957,John Polakowski,b18fb36a4aa00093,Y
Josh Koscheck,dd37fd509af89f15,Yoshiyuki Yoshida,ab8900ae1f1dfd4c,Y
Mike Swick,9fe85152f351e737,Jonathan Goulet,fb1538b46877a695,Y
Steve Cantwell,f1f9e48a0d150757,Razak Al-Hassan,38b50fd1e1b5b656,Y
Tim Credeur,89b8d1bf1ff09d1d,Nate Loughran,cbf94e4c4af4ff6d,Y
Jim Miller,d1941565abf50b16,Matt Wiman,eb29176b03dfa888,Y
Luigi Fioravanti,9583662df31d943f,Brodie Farber,91d73ee59347ac16,Y
Steve Bruno,2f3f12002564bb55,Johnny Rees,3ba3b5cc94498437,Y
Ben Saunders,484acc7b0f856ce9,Brandon Wolff,aa79d5399571068e,Y
Dale Hartt,058e4e08a1ad8aba,Corey Hill,abbc737317f66b81,Y
Justin McCully,75f871836d41f90f,Eddie Sanchez,7f0b4a75ef3039a3,Y
Brock Lesnar,513c6f1715e547a8,Randy Couture,0aa92558424ced9e,Y
Kenny Florian,cb139171ed1b69fe,Joe Stevenson,79899ecf62020f6d,Y
Dustin Hazelett,a149d6bc670cdb60,Tamdan McCrory,eff47295daf721a6,Y
Gabriel Gonzaga,270b89c00ef0c55c,Josh Hendricks,7649c4c95b824488,Y
Demian Maia,427b5953ac8e3a27,Nate Quarry,52cae54377b433b7,Y
Aaron Riley,f2c8ebbeafd45f2b,Jorge Gurgel,04d5718ed2661e8c,Y
Jeremy Stephens,18968f97ad34f15c,Rafael Dos Anjos,6a2f7c151031653d,Y
Mark Bocek,cf9d24e4bd0cf2ce,Alvin Robinson,cbe79765d44bd172,Y
Matt Brown,31123249b0bbf52e,Ryan Thomas,b732b326c362fb62,Y
Anderson Silva,1f454354805b6f75,Patrick Cote,9fa3bd637edd9aa2,Y
Thiago Alves,31ee470ef5dc8d7f,Josh Koscheck,dd37fd509af89f15,Y
Gray Maynard,7d96bc577e5178b2,Rich Clementi,7d21de9c6d7c98b2,Y
Junior Dos Santos,63def5a5662a6917,Fabricio Werdum,492b202d2064e7a9,Y
Sean Sherk,029880cdbf5ca089,Tyson Griffin,20205040232ed0f3,Y
Thales Leites,cfb65863d5099327,Drew McFedries,1fd4fbdcc67de844,Y
Spencer Fisher,f34312c2ccfa0e00,Shannon Gugerty,9f1641c08cf8fbe2,Y
Dan Miller,d0c29452d3272603,Matt Horwich,049d698d773eb3e1,Y
Hermes Franca,e0ec3c3b6b611f7e,Marcus Aurelio,04643fd03d9159cc,Y
Pete Sell,0359313549d230a1,Joshua Burkman,6da99156486ed6c2,Y
Michael Bisping,2b93ebd9f5417ad2,Chris Leben,d43a048a880efdff,Y
Keith Jardine,b9d0fd83bb8a147a,Brandon Vera,fa315e6c77eee106,Y
Luiz Cane,24b033b3daf1c9df,Rameau Thierry Sokoudjou,d1152823307d7e7c,Y
Chris Lytle,91acd6910b802a9e,Paul Taylor,9b74de674c355425,Y
Marcus Davis,b7d524c77c27389b,Paul Kelly,aac5ac38148f0528,Y
Dan Hardy,473ce3aa581251a2,Akihiro Gono,b2acebbef8da14ea,Y
Shane Carwin,68dd7b3783c19f9c,Neil Wain,6b7bc7eaf2465387,Y
David Bielkheden,1efa064872f089d0,Jess Liaudin,a8aba6fd8a463043,Y
Terry Etim,33011768c3c4dc9a,Sam Stout,501b07aec9b8fc2d,Y
Jim Miller,d1941565abf50b16,David Baron,80c0bed43da0e27b,Y
Per Eklund,58bc81376286b3d3,Samy Schiavo,1208ffc5be6e31ad,Y
Nate Diaz,8355922d564b152c,Josh Neer,d1a1314976c50bef,Y
Clay Guida,c47df9303d318c67,Mac Danzig,86f582852a5b240a,Y
Alan Belcher,4130a743d9d22163,Ed Herman,06f36cf4bd97ec77,Y
Eric Schafer,f59f1d3a2ff13edd,Houston Alexander,0541480fbf719d86,Y
Alessio Sakara,7f955f71fa2ce7ac,Joe Vedepo,d35c3ed553b71fa2,Y
Wilson Gouveia,af5b208e97f5d382,Ryan Jensen,aae99701b21554e4,Y
Joe Lauzon,3bad7ef643840f67,Kyle Bradley,a6959da32f0e6b5d,Y
Jason Brilz,497ba5b12a4bfc47,Brad Morris,6803d4d6908354ac,Y
Mike Massenzio,5b2d7906aa894274,Drew McFedries,1fd4fbdcc67de844,Y
Dan Miller,d0c29452d3272603,Rob Kimmons,054defd5420a551f,Y
Rashad Evans,ee779c43a8926d52,Chuck Liddell,a390eb8a9b2df298,Y
Rich Franklin,d897897060f10a3a,Matt Hamill,98b80a717b9bda17,Y
Dan Henderson,1ccf4e7caff270df,Rousimar Palhares,8ddf9c51c5fdea75,Y
Nate Marquardt,a8e6a69796280f17,Martin Kampmann,8b69839f3555a67b,Y
Dong Hyun Kim,9bcf8603ceb25680,Matt Brown,31123249b0bbf52e,Y
Kurt Pellegrino,aa1952ec0b3dd8e1,Thiago Tavares,8a59d346dc976a10,Y
Tim Boetsch,c80095f6092271a7,Michael Patt,83d0de122f2f9664,Y
Jason MacDonald,2be6596a9db33bf5,Jason Lambert,5be86bb2f78fef2f,Y
Ryo Chonan,55a7b2d4e54ffac9,Roan Carneiro,1c86754617d9813a,Y
Georges St-Pierre,6506c1d34da9c013,Jon Fitch,6f018c039b4d5d80,Y
Brock Lesnar,513c6f1715e547a8,Heath Herring,7450525c7ba032a0,Y
Rob Emerson,dc0f07928009a127,Manvel Gamburyan,cc6f9d1e89f3449a,Y
Kenny Florian,cb139171ed1b69fe,Roger Huerta,daf1b84aebd6602b,Y
Demian Maia,427b5953ac8e3a27,Jason MacDonald,2be6596a9db33bf5,Y
Tamdan McCrory,eff47295daf721a6,Luke Cummo,93ce4ac89e3d7652,Y
Cheick Kongo,1eacf73d6a0055dc,Dan Evensen,dd8aec6de7035943,Y
Jon Jones,07f72a2a7591b409,Andre Gusmao,cc300e9aa3063431,Y
Chris Wilson,a56607a451e4c70d,Steve Bruno,2f3f12002564bb55,Y
Ben Saunders,484acc7b0f856ce9,Ryan Thomas,b732b326c362fb62,Y
Anderson Silva,1f454354805b6f75,James Irvin,a7f4d0902bb64092,Y
Brandon Vera,fa315e6c77eee106,Reese Andy,46e2ca71fd5089cb,Y
Frankie Edgar,f2688492b9a525a3,Hermes Franca,e0ec3c3b6b611f7e,Y
Cain Velasquez,0ff11cc094e887bc,Jake O'Brien,20bcc9966affb19c,Y
Kevin Burns,a6d8bfe9e0c8153b,Anthony Johnson,365fee2da473b177,Y
CB Dollaway,5d7bdab5e03e3216,Jesse Taylor,dd992d569aaebee6,Y
Tim Credeur,89b8d1bf1ff09d1d,Cale Yarbrough,a0b91014e9d16a76,Y
Rory Markham,23a16ebe733e3041,Brodie Farber,91d73ee59347ac16,Y
Nate Loughran,cbf94e4c4af4ff6d,Johnny Rees,3ba3b5cc94498437,Y
Brad Blackburn,7e69a4b0961aa555,James Giboo,f74e037b97917027,Y
Shannon Gugerty,9f1641c08cf8fbe2,Dale Hartt,058e4e08a1ad8aba,Y
Forrest Griffin,fcffee71cff5530e,Quinton Jackson,ffc088e64fab57e9,Y
Patrick Cote,9fa3bd637edd9aa2,Ricardo Almeida,91186547a7f3f758,Y
Joe Stevenson,79899ecf62020f6d,Gleison Tibau,75e5fec9f72910ef,Y
Josh Koscheck,dd37fd509af89f15,Chris Lytle,91acd6910b802a9e,Y
Tyson Griffin,20205040232ed0f3,Marcus Aurelio,04643fd03d9159cc,Y
Gabriel Gonzaga,270b89c00ef0c55c,Justin McCully,75f871836d41f90f,Y
Cole Miller,282fa667ff9c51ed,Jorge Gurgel,04d5718ed2661e8c,Y
Melvin Guillard,ccd1299e0345e0ce,Dennis Siver,5f87a5c00b3d17ed,Y
Justin Buchholz,231926533134ec1f,Corey Hill,abbc737317f66b81,Y
Kendall Grove,234f3767ff0e5701,Evan Tanner,8f2d9ee27f206f1f,Y
Amir Sadollah,2650e2f846a30f64,CB Dollaway,5d7bdab5e03e3216,Y
Diego Sanchez,82e7929bf6c2b689,Luigi Fioravanti,9583662df31d943f,Y
Spencer Fisher,f34312c2ccfa0e00,Jeremy Stephens,18968f97ad34f15c,Y
Matthew Riddle,d023ae89a2a4a41e,Dante Rivera,288aaa8f82040e02,Y
Dustin Hazelett,a149d6bc670cdb60,Joshua Burkman,6da99156486ed6c2,Y
Drew McFedries,1fd4fbdcc67de844,Marvin Eastman,05866d8c3a321856,Y
Matt Brown,31123249b0bbf52e,Matt Arroyo,de62052b2ede65ba,Y
Dean Lister,68c6cd5287b473a7,Jeremy Horn,8d26912cd2aeb366,Y
Rob Kimmons,054defd5420a551f,Rob Yundt,42078a86d3dd037b,Y
Thiago Alves,31ee470ef5dc8d7f,Matt Hughes,621a6c59f88a44fe,Y
Michael Bisping,2b93ebd9f5417ad2,Jason Day,a6fd2173d5e2d7f0,Y
Mike Swick,9fe85152f351e737,Marcus Davis,b7d524c77c27389b,Y
Thales Leites,cfb65863d5099327,Nate Marquardt,a8e6a69796280f17,Y
Fabricio Werdum,492b202d2064e7a9,Brandon Vera,fa315e6c77eee106,Y
Martin Kampmann,8b69839f3555a67b,Jorge Rivera,cb46dface0e28a2c,Y
Matt Wiman,eb29176b03dfa888,Thiago Tavares,8a59d346dc976a10,Y
Kevin Burns,a6d8bfe9e0c8153b,Roan Carneiro,1c86754617d9813a,Y
Luiz Cane,24b033b3daf1c9df,Jason Lambert,5be86bb2f78fef2f,Y
Paul Taylor,9b74de674c355425,Jess Liaudin,a8aba6fd8a463043,Y
Antoni Hardonk,69b69c0178c4004d,Eddie Sanchez,7f0b4a75ef3039a3,Y
BJ Penn,73c7cfa551289285,Sean Sherk,029880cdbf5ca089,Y
Wanderlei Silva,a1f6999fe57236e0,Keith Jardine,b9d0fd83bb8a147a,Y
Goran Reljic,132f860d02953f4c,Wilson Gouveia,af5b208e97f5d382,Y
Lyoto Machida,f7a7f7118d4b01b6,Tito Ortiz,2f732dd9210d301f,Y
Thiago Silva,2924886ee9c4c527,Antonio Mendes,3795fca327cbcf23,Y
Rousimar Palhares,8ddf9c51c5fdea75,Ivan Salaverry,394f55ebca199124,Y
Rameau Thierry Sokoudjou,d1152823307d7e7c,Kazuhiro Nakamura,b034747dc1d15491,Y
Rich Clementi,7d21de9c6d7c98b2,Terry Etim,33011768c3c4dc9a,Y
Yoshiyuki Yoshida,ab8900ae1f1dfd4c,War Machine,cd7bafbeee1f29a0,Y
Dong Hyun Kim,9bcf8603ceb25680,Jason Tan,ad3041e61896b975,Y
Shane Carwin,68dd7b3783c19f9c,Christian Wellisch,f1b2a4365799c48b,Y
Georges St-Pierre,6506c1d34da9c013,Matt Serra,86dfed7cc24a9fa7,Y
Rich Franklin,d897897060f10a3a,Travis Lutter,622f015c81a9b13a,Y
Nate Quarry,52cae54377b433b7,Kalib Starnes,c8136ab8aa32c974,Y
Michael Bisping,2b93ebd9f5417ad2,Charles McCarthy,da97d6c97d09c030,Y
Mac Danzig,86f582852a5b240a,Mark Bocek,cf9d24e4bd0cf2ce,Y
Jason MacDonald,2be6596a9db33bf5,Joe Doerksen,dbaaf42313af90fa,Y
Jason Day,a6fd2173d5e2d7f0,Alan Belcher,4130a743d9d22163,Y
Demian Maia,427b5953ac8e3a27,Ed Herman,06f36cf4bd97ec77,Y
Rich Clementi,7d21de9c6d7c98b2,Sam Stout,501b07aec9b8fc2d,Y
Cain Velasquez,0ff11cc094e887bc,Brad Morris,6803d4d6908354ac,Y
Jonathan Goulet,fb1538b46877a695,Kuniyoshi Hironaka,9d4522df6fc49a47,Y
Kenny Florian,cb139171ed1b69fe,Joe Lauzon,3bad7ef643840f67,Y
Gray Maynard,7d96bc577e5178b2,Frankie Edgar,f2688492b9a525a3,Y
Thiago Alves,31ee470ef5dc8d7f,Karo Parisyan,349aaa3da11eb587,Y
Matt Hamill,98b80a717b9bda17,Tim Boetsch,c80095f6092271a7,Y
Nate Diaz,8355922d564b152c,Kurt Pellegrino,aa1952ec0b3dd8e1,Y
James Irvin,a7f4d0902bb64092,Houston Alexander,0541480fbf719d86,Y
Josh Neer,d1a1314976c50bef,Din Thomas,40a604761ca7d64d,Y
Marcus Aurelio,04643fd03d9159cc,Ryan Roberts,35dc6220b113b7ec,Y
Manvel Gamburyan,cc6f9d1e89f3449a,Jeff Cox,c9bbf1a0285a8076,Y
Clay Guida,c47df9303d318c67,Samy Schiavo,1208ffc5be6e31ad,Y
George Sotiropoulos,896c322f56b8be5a,Roman Mitichyan,2961be02cfb0d2c1,Y
Anthony Johnson,365fee2da473b177,Tommy Speer,1411c630ba711b64,Y
Anderson Silva,1f454354805b6f75,Dan Henderson,1ccf4e7caff270df,Y
Heath Herring,7450525c7ba032a0,Cheick Kongo,1eacf73d6a0055dc,Y
Chris Leben,d43a048a880efdff,Alessio Sakara,7f955f71fa2ce7ac,Y
Yushin Okami,acff437707625fc7,Evan Tanner,8f2d9ee27f206f1f,Y
Jon Fitch,6f018c039b4d5d80,Chris Wilson,a56607a451e4c70d,Y
Andrei Arlovski,3738e68d2261e60f,Jake O'Brien,20bcc9966affb19c,Y
Luigi Fioravanti,9583662df31d943f,Luke Cummo,93ce4ac89e3d7652,Y
Josh Koscheck,dd37fd509af89f15,Dustin Hazelett,a149d6bc670cdb60,Y
Diego Sanchez,82e7929bf6c2b689,David Bielkheden,1efa064872f089d0,Y
Jorge Gurgel,04d5718ed2661e8c,John Halverson,88c8f47241d90040,Y
Antonio Rodrigo Nogueira,ee9d73f4fee9cbdd,Tim Sylvia,2a542ee8a8b83559,Y
Frank Mir,1ff9589f9065a9ed,Brock Lesnar,513c6f1715e547a8,Y
Nate Marquardt,a8e6a69796280f17,Jeremy Horn,8d26912cd2aeb366,Y
Ricardo Almeida,91186547a7f3f758,Rob Yundt,42078a86d3dd037b,Y
Tyson Griffin,20205040232ed0f3,Gleison Tibau,75e5fec9f72910ef,Y
Chris Lytle,91acd6910b802a9e,Kyle Bradley,a6959da32f0e6b5d,Y
Tim Boetsch,c80095f6092271a7,David Heath,4f95f74620a6b7a4,Y
Marvin Eastman,05866d8c3a321856,Terry Martin,6a92caba39b64752,Y
Rob Emerson,dc0f07928009a127,Keita Nakamura,65ddc8a9ac4e8531,Y
Mike Swick,9fe85152f351e737,Joshua Burkman,6da99156486ed6c2,Y
Patrick Cote,9fa3bd637edd9aa2,Drew McFedries,1fd4fbdcc67de844,Y
Thiago Tavares,8a59d346dc976a10,Michihiro Omigawa,9f842be1a5337be6,Y
Nate Diaz,8355922d564b152c,Alvin Robinson,cbe79765d44bd172,Y
Kurt Pellegrino,aa1952ec0b3dd8e1,Alberto Crane,25433871e4eee0f4,Y
Gray Maynard,7d96bc577e5178b2,Dennis Siver,5f87a5c00b3d17ed,Y
Jeremy Stephens,18968f97ad34f15c,Cole Miller,282fa667ff9c51ed,Y
Corey Hill,abbc737317f66b81,Joe Veres,c6d8ae3b016d5ad5,Y
Matt Wiman,eb29176b03dfa888,Justin Buchholz,231926533134ec1f,Y
BJ Penn,73c7cfa551289285,Joe Stevenson,79899ecf62020f6d,Y
Fabricio Werdum,492b202d2064e7a9,Gabriel Gonzaga,270b89c00ef0c55c,Y
Marcus Davis,b7d524c77c27389b,Jess Liaudin,a8aba6fd8a463043,Y
Wilson Gouveia,af5b208e97f5d382,Jason Lambert,5be86bb2f78fef2f,Y
Jorge Rivera,cb46dface0e28a2c,Kendall Grove,234f3767ff0e5701,Y
Antoni Hardonk,69b69c0178c4004d,Colin Robinson,1a1a4d7a29041d77,Y
Paul Kelly,aac5ac38148f0528,Paul Taylor,9b74de674c355425,Y
Alessio Sakara,7f955f71fa2ce7ac,James Lee,863d06a7ef8bc98c,Y
Sam Stout,501b07aec9b8fc2d,Per Eklund,58bc81376286b3d3,Y
Georges St-Pierre,6506c1d34da9c013,Matt Hughes,621a6c59f88a44fe,Y
Chuck Liddell,a390eb8a9b2df298,Wanderlei Silva,a1f6999fe57236e0,Y
Eddie Sanchez,7f0b4a75ef3039a3,Soa Palelei,60029bcf496bd707,Y
Lyoto Machida,f7a7f7118d4b01b6,Rameau Thierry Sokoudjou,d1152823307d7e7c,Y
Rich Clementi,7d21de9c6d7c98b2,Melvin Guillard,ccd1299e0345e0ce,Y
James Irvin,a7f4d0902bb64092,Luiz Cane,24b033b3daf1c9df,Y
Manvel Gamburyan,cc6f9d1e89f3449a,Nate Mohr,04c15b52c3cc1cab,Y
Dean Lister,68c6cd5287b473a7,Jordan Radev,45bc8f98d62bd096,Y
Roan Carneiro,1c86754617d9813a,Tony DeSouza,6ad9058b7c7898b0,Y
Mark Bocek,cf9d24e4bd0cf2ce,Doug Evans,d3de4a24f7eefac8,Y
Roger Huerta,daf1b84aebd6602b,Clay Guida,c47df9303d318c67,Y
Mac Danzig,86f582852a5b240a,Tommy Speer,1411c630ba711b64,Y
War Machine,cd7bafbeee1f29a0,Jared Rollins,c4b6099f0d25f75e,Y
George Sotiropoulos,896c322f56b8be5a,Billy Miles,3c48019bc387b80c,Y
Ben Saunders,484acc7b0f856ce9,Dan Barrera,f12f979b657ab876,Y
Troy Mandaloniz,725a834930c2b5bf,Richie Hightower,318e629d1eb7aa49,Y
Matt Arroyo,de62052b2ede65ba,John Kolosci,5f6038bcdb95e3e4,Y
Roman Mitichyan,2961be02cfb0d2c1,Dorian Price,ee4b670e159f4a33,Y
Jonathan Goulet,fb1538b46877a695,Paul Georgieff,2f1700b3a4a09bc7,Y
Rashad Evans,ee779c43a8926d52,Michael Bisping,2b93ebd9f5417ad2,Y
Thiago Silva,2924886ee9c4c527,Houston Alexander,0541480fbf719d86,Y
Karo Parisyan,349aaa3da11eb587,Ryo Chonan,55a7b2d4e54ffac9,Y
Ed Herman,06f36cf4bd97ec77,Joe Doerksen,dbaaf42313af90fa,Y
Frankie Edgar,f2688492b9a525a3,Spencer Fisher,f34312c2ccfa0e00,Y
Thiago Alves,31ee470ef5dc8d7f,Chris Lytle,91acd6910b802a9e,Y
Joe Lauzon,3bad7ef643840f67,Jason Reinhardt,02500fb9fd79a974,Y
Marcus Aurelio,04643fd03d9159cc,Luke Caudillo,68d76fd9ecf7431d,Y
Akihiro Gono,b2acebbef8da14ea,Tamdan McCrory,eff47295daf721a6,Y
Anderson Silva,1f454354805b6f75,Rich Franklin,d897897060f10a3a,Y
Tim Sylvia,2a542ee8a8b83559,Brandon Vera,fa315e6c77eee106,Y
Alvin Robinson,cbe79765d44bd172,Jorge Gurgel,04d5718ed2661e8c,Y
Stephan Bonnar,c6a33ff198aaaeeb,Eric Schafer,f59f1d3a2ff13edd,Y
Alan Belcher,4130a743d9d22163,Kalib Starnes,c8136ab8aa32c974,Y
Yushin Okami,acff437707625fc7,Jason MacDonald,2be6596a9db33bf5,Y
Demian Maia,427b5953ac8e3a27,Ryan Jensen,aae99701b21554e4,Y
Joshua Burkman,6da99156486ed6c2,Forrest Petz,e86bc32f5997a8f7,Y
Matt Grice,bfc2fc38a0e20211,Jason Black,b2f743746e8dcfa2,Y
Keith Jardine,b9d0fd83bb8a147a,Chuck Liddell,a390eb8a9b2df298,Y
Forrest Griffin,fcffee71cff5530e,Mauricio Rua,140745cbbcb023ac,Y
Jon Fitch,6f018c039b4d5d80,Diego Sanchez,82e7929bf6c2b689,Y
Lyoto Machida,f7a7f7118d4b01b6,Kazuhiro Nakamura,b034747dc1d15491,Y
Tyson Griffin,20205040232ed0f3,Thiago Tavares,8a59d346dc976a10,Y
Rich Clementi,7d21de9c6d7c98b2,Anthony Johnson,365fee2da473b177,Y
Jeremy Stephens,18968f97ad34f15c,Diego Saraiva,4f4dac51adc1af4f,Y
Christian Wellisch,f1b2a4365799c48b,Scott Junk,ac70a4f1db1b8c40,Y
Matt Wiman,eb29176b03dfa888,Michihiro Omigawa,9f842be1a5337be6,Y
Kenny Florian,cb139171ed1b69fe,Din Thomas,40a604761ca7d64d,Y
Chris Leben,d43a048a880efdff,Terry Martin,6a92caba39b64752,Y
Nate Diaz,8355922d564b152c,Junior Assuncao,d0d7160824278840,Y
Nate Quarry,52cae54377b433b7,Pete Sell,0359313549d230a1,Y
Luke Cummo,93ce4ac89e3d7652,Edilberto de Oliveira,afdb76fbd86f6d11,Y
Cole Miller,282fa667ff9c51ed,Leonard Garcia,917e53fa0adea0d3,Y
Gray Maynard,7d96bc577e5178b2,Joe Veres,c6d8ae3b016d5ad5,Y
Thiago Alves,31ee470ef5dc8d7f,Kuniyoshi Hironaka,9d4522df6fc49a47,Y
Dustin Hazelett,a149d6bc670cdb60,Jonathan Goulet,fb1538b46877a695,Y
Quinton Jackson,ffc088e64fab57e9,Dan Henderson,1ccf4e7caff270df,Y
Michael Bisping,2b93ebd9f5417ad2,Matt Hamill,98b80a717b9bda17,Y
Cheick Kongo,1eacf73d6a0055dc,Mirko Filipovic,c32fb8c0f6471a4d,Y
Marcus Davis,b7d524c77c27389b,Paul Taylor,9b74de674c355425,Y
Houston Alexander,0541480fbf719d86,Alessio Sakara,7f955f71fa2ce7ac,Y
Gleison Tibau,75e5fec9f72910ef,Terry Etim,33011768c3c4dc9a,Y
Thiago Silva,2924886ee9c4c527,Tomasz Drwal,679a9054e2815943,Y
Dennis Siver,5f87a5c00b3d17ed,Naoyuki Kotani,bc8f6b42767e28df,Y
Jess Liaudin,a8aba6fd8a463043,Anthony Torres,918d9d89d4d52acc,Y
Randy Couture,0aa92558424ced9e,Gabriel Gonzaga,270b89c00ef0c55c,Y
Georges St-Pierre,6506c1d34da9c013,Josh Koscheck,dd37fd509af89f15,Y
Roger Huerta,daf1b84aebd6602b,Alberto Crane,25433871e4eee0f4,Y
Joe Stevenson,79899ecf62020f6d,Kurt Pellegrino,aa1952ec0b3dd8e1,Y
Patrick Cote,9fa3bd637edd9aa2,Kendall Grove,234f3767ff0e5701,Y
Renato Sobral,d468288756ae3982,David Heath,4f95f74620a6b7a4,Y
Frank Mir,1ff9589f9065a9ed,Antoni Hardonk,69b69c0178c4004d,Y
Thales Leites,cfb65863d5099327,Ryan Jensen,aae99701b21554e4,Y
Clay Guida,c47df9303d318c67,Marcus Aurelio,04643fd03d9159cc,Y
Kenny Florian,cb139171ed1b69fe,Alvin Robinson,cbe79765d44bd172,Y
Anderson Silva,1f454354805b6f75,Nate Marquardt,a8e6a69796280f17,Y
Rashad Evans,ee779c43a8926d52,Tito Ortiz,2f732dd9210d301f,N
Sean Sherk,029880cdbf5ca089,Hermes Franca,e0ec3c3b6b611f7e,Y
Antonio Rodrigo Nogueira,ee9d73f4fee9cbdd,Heath Herring,7450525c7ba032a0,Y
Stephan Bonnar,c6a33ff198aaaeeb,Mike Nickels,330ec26453c44a59,Y
Jorge Gurgel,04d5718ed2661e8c,Diego Saraiva,4f4dac51adc1af4f,Y
Chris Lytle,91acd6910b802a9e,Jason Gilliam,91720876db0ee468,Y
Frankie Edgar,f2688492b9a525a3,Mark Bocek,cf9d24e4bd0cf2ce,Y
BJ Penn,73c7cfa551289285,Jens Pulver,44260175069b6276,Y
Nate Diaz,8355922d564b152c,Manvel Gamburyan,cc6f9d1e89f3449a,Y
Thales Leites,cfb65863d5099327,Floyd Sword,5330fe7e4c3af81c,Y
Roger Huerta,daf1b84aebd6602b,Doug Evans,d3de4a24f7eefac8,Y
Joe Lauzon,3bad7ef643840f67,Brandon Melendez,2b06b6ad5db63348,Y
Cole Miller,282fa667ff9c51ed,Andy Wang,476414d2f18cd059,Y
Gray Maynard,7d96bc577e5178b2,Rob Emerson,dc0f07928009a127,N
Leonard Garcia,917e53fa0adea0d3,Allen Berube,aebfb84d1f6d2d8c,Y
Matt Wiman,eb29176b03dfa888,Brian Geraghty,15edcf67ccf5be84,Y
Rich Franklin,d897897060f10a3a,Yushin Okami,acff437707625fc7,Y
Forrest Griffin,fcffee71cff5530e,Hector Ramirez,d1759b2b7be9be56,Y
Jason MacDonald,2be6596a9db33bf5,Rory Singer,546015aa2ad945fd,Y
Tyson Griffin,20205040232ed0f3,Clay Guida,c47df9303d318c67,Y
Ed Herman,06f36cf4bd97ec77,Scott Smith,3410cf010558dc8b,Y
Marcus Davis,b7d524c77c27389b,Jason Tan,ad3041e61896b975,Y
Eddie Sanchez,7f0b4a75ef3039a3,Colin Robinson,1a1a4d7a29041d77,Y
Dustin Hazelett,a149d6bc670cdb60,Stevie Lynch,710d93f1508f7104,Y
Spencer Fisher,f34312c2ccfa0e00,Sam Stout,501b07aec9b8fc2d,Y
Jon Fitch,6f018c039b4d5d80,Roan Carneiro,1c86754617d9813a,Y
Drew McFedries,1fd4fbdcc67de844,Jordan Radev,45bc8f98d62bd096,Y
Thiago Tavares,8a59d346dc976a10,Jason Black,b2f743746e8dcfa2,Y
Forrest Petz,e86bc32f5997a8f7,Luigi Fioravanti,9583662df31d943f,Y
Tamdan McCrory,eff47295daf721a6,Pete Spratt,c3ea8deeba00462b,Y
Gleison Tibau,75e5fec9f72910ef,Jeff Cox,c9bbf1a0285a8076,Y
Anthony Johnson,365fee2da473b177,Chad Reiner,d8022d5526b1d937,Y
Nate Mohr,04c15b52c3cc1cab,Luke Caudillo,68d76fd9ecf7431d,Y
Quinton Jackson,ffc088e64fab57e9,Chuck Liddell,a390eb8a9b2df298,Y
Karo Parisyan,349aaa3da11eb587,Joshua Burkman,6da99156486ed6c2,Y
Terry Martin,6a92caba39b64752,Ivan Salaverry,394f55ebca199124,Y
Houston Alexander,0541480fbf719d86,Keith Jardine,b9d0fd83bb8a147a,Y
Kalib Starnes,c8136ab8aa32c974,Chris Leben,d43a048a880efdff,Y
Thiago Silva,2924886ee9c4c527,James Irvin,a7f4d0902bb64092,Y
Alan Belcher,4130a743d9d22163,Sean Salmon,7c0847d3854a95f2,Y
Din Thomas,40a604761ca7d64d,Jeremy Stephens,18968f97ad34f15c,Y
Wilson Gouveia,af5b208e97f5d382,Carmelo Marrero,aa03a3ca00ac6827,Y
Gabriel Gonzaga,270b89c00ef0c55c,Mirko Filipovic,c32fb8c0f6471a4d,Y
Andrei Arlovski,3738e68d2261e60f,Fabricio Werdum,492b202d2064e7a9,Y
Michael Bisping,2b93ebd9f5417ad2,Elvis Sinosic,817e0bdf08efce2e,Y
Lyoto Machida,f7a7f7118d4b01b6,David Heath,4f95f74620a6b7a4,Y
Cheick Kongo,1eacf73d6a0055dc,Assuerio Silva,e091482fa6648261,Y
Terry Etim,33011768c3c4dc9a,Matt Grice,bfc2fc38a0e20211,Y
Junior Assuncao,d0d7160824278840,David Lee,8caca5857ce0e30b,Y
Alessio Sakara,7f955f71fa2ce7ac,Victor Valimaki,663b76da637402c3,Y
Jess Liaudin,a8aba6fd8a463043,Dennis Siver,5f87a5c00b3d17ed,Y
Paul Taylor,9b74de674c355425,Edilberto de Oliveira,afdb76fbd86f6d11,Y
Matt Serra,86dfed7cc24a9fa7,Georges St-Pierre,6506c1d34da9c013,Y
Josh Koscheck,dd37fd509af89f15,Diego Sanchez,82e7929bf6c2b689,Y
Roger Huerta,daf1b84aebd6602b,Leonard Garcia,917e53fa0adea0d3,Y
Yushin Okami,acff437707625fc7,Mike Swick,9fe85152f351e737,Y
Kendall Grove,234f3767ff0e5701,Alan Belcher,4130a743d9d22163,Y
Heath Herring,7450525c7ba032a0,Brad Imes,4908c5ee68a50ee5,Y
Thales Leites,cfb65863d5099327,Pete Sell,0359313549d230a1,Y
Marcus Davis,b7d524c77c27389b,Pete Spratt,c3ea8deeba00462b,Y
Luke Cummo,93ce4ac89e3d7652,Josh Haynes,6ef58dabef8beb15,Y
Joe Stevenson,79899ecf62020f6d,Melvin Guillard,ccd1299e0345e0ce,Y
Justin McCully,75f871836d41f90f,Antoni Hardonk,69b69c0178c4004d,Y
Kenny Florian,cb139171ed1b69fe,Dokonjonosuke Mishima,b14a68c533f4a4aa,Y
Wilson Gouveia,af5b208e97f5d382,Seth Petruzelli,93b9496275bbbf80,Y
Drew Fickett,d814f5192e58fb2f,Keita Nakamura,65ddc8a9ac4e8531,Y
Kurt Pellegrino,aa1952ec0b3dd8e1,Nate Mohr,04c15b52c3cc1cab,Y
Kuniyoshi Hironaka,9d4522df6fc49a47,Forrest Petz,e86bc32f5997a8f7,Y
Roan Carneiro,1c86754617d9813a,Rich Clementi,7d21de9c6d7c98b2,Y
Thiago Tavares,8a59d346dc976a10,Naoyuki Kotani,bc8f6b42767e28df,Y
Randy Couture,0aa92558424ced9e,Tim Sylvia,2a542ee8a8b83559,Y
Martin Kampmann,8b69839f3555a67b,Drew McFedries,1fd4fbdcc67de844,Y
Rich Franklin,d897897060f10a3a,Jason MacDonald,2be6596a9db33bf5,Y
Matt Hughes,621a6c59f88a44fe,Chris Lytle,91acd6910b802a9e,Y
Jason Lambert,5be86bb2f78fef2f,Renato Sobral,d468288756ae3982,Y
Matt Hamill,98b80a717b9bda17,Rex Holman,b5ea750025697880,Y
Jon Fitch,6f018c039b4d5d80,Luigi Fioravanti,9583662df31d943f,Y
Gleison Tibau,75e5fec9f72910ef,Jason Dent,fa8b9e6b0c2269f8,Y
Jamie Varner,a54fc2d6fc224dc3,Jason Gilliam,91720876db0ee468,Y
Anderson Silva,1f454354805b6f75,Travis Lutter,622f015c81a9b13a,Y
Mirko Filipovic,c32fb8c0f6471a4d,Eddie Sanchez,7f0b4a75ef3039a3,Y
Roger Huerta,daf1b84aebd6602b,John Halverson,88c8f47241d90040,Y
Quinton Jackson,ffc088e64fab57e9,Marvin Eastman,05866d8c3a321856,Y
Patrick Cote,9fa3bd637edd9aa2,Scott Smith,3410cf010558dc8b,Y
Terry Martin,6a92caba39b64752,Jorge Rivera,cb46dface0e28a2c,Y
Frankie Edgar,f2688492b9a525a3,Tyson Griffin,20205040232ed0f3,Y
Lyoto Machida,f7a7f7118d4b01b6,Sam Hoger,84a067c46306a737,Y
Dustin Hazelett,a149d6bc670cdb60,Diego Saraiva,4f4dac51adc1af4f,Y
Rashad Evans,ee779c43a8926d52,Sean Salmon,7c0847d3854a95f2,Y
Jake O'Brien,20bcc9966affb19c,Heath Herring,7450525c7ba032a0,Y
Hermes Franca,e0ec3c3b6b611f7e,Spencer Fisher,f34312c2ccfa0e00,Y
Nate Marquardt,a8e6a69796280f17,Dean Lister,68c6cd5287b473a7,Y
Joshua Burkman,6da99156486ed6c2,Chad Reiner,d8022d5526b1d937,Y
Ed Herman,06f36cf4bd97ec77,Chris Price,0597a4528ebd1307,Y
Din Thomas,40a604761ca7d64d,Clay Guida,c47df9303d318c67,Y
Rich Clementi,7d21de9c6d7c98b2,Ross Pointon,7215953cd5c6254d,Y
Chuck Liddell,a390eb8a9b2df298,Tito Ortiz,2f732dd9210d301f,Y
Keith Jardine,b9d0fd83bb8a147a,Forrest Griffin,fcffee71cff5530e,Y
Jason MacDonald,2be6596a9db33bf5,Chris Leben,d43a048a880efdff,Y
Andrei Arlovski,3738e68d2261e60f,Marcio Cruz,6aa1cbc1466e9a0b,Y
Michael Bisping,2b93ebd9f5417ad2,Eric Schafer,f59f1d3a2ff13edd,Y
Thiago Alves,31ee470ef5dc8d7f,Tony DeSouza,6ad9058b7c7898b0,Y
Gabriel Gonzaga,270b89c00ef0c55c,Carmelo Marrero,aa03a3ca00ac6827,Y
Yushin Okami,acff437707625fc7,Rory Singer,546015aa2ad945fd,Y
Christian Wellisch,f1b2a4365799c48b,Anthony Perosh,4b4753d19489297f,Y
Diego Sanchez,82e7929bf6c2b689,Joe Riggs,d512d9f204059f57,Y
Josh Koscheck,dd37fd509af89f15,Jeff Joslin,388abbf8832b5adf,Y
Karo Parisyan,349aaa3da11eb587,Drew Fickett,d814f5192e58fb2f,Y
Marcus Davis,b7d524c77c27389b,Shonie Carter,7b6e40a73b567072,Y
David Heath,4f95f74620a6b7a4,Victor Valimaki,663b76da637402c3,Y
Alan Belcher,4130a743d9d22163,Jorge Santiago,f8dc544e7077d014,Y
Luigi Fioravanti,9583662df31d943f,Dave Menne,275cafc9de131c83,Y
Brock Larson,5eedbf1e9601be35,Keita Nakamura,65ddc8a9ac4e8531,Y
Logan Clark,6776260cb0aef647,Steve Byrnes,43612456979e5d5e,Y
Georges St-Pierre,6506c1d34da9c013,Matt Hughes,621a6c59f88a44fe,Y
Tim Sylvia,2a542ee8a8b83559,Jeff Monson,cbfd1d34356a004c,Y
Drew McFedries,1fd4fbdcc67de844,Alessio Sakara,7f955f71fa2ce7ac,Y
Brandon Vera,fa315e6c77eee106,Frank Mir,1ff9589f9065a9ed,Y
Joe Stevenson,79899ecf62020f6d,Dokonjonosuke Mishima,b14a68c533f4a4aa,Y
Nick Diaz,f57a8a52ca401ed9,Gleison Tibau,75e5fec9f72910ef,Y
Antoni Hardonk,69b69c0178c4004d,Sherman Pendergarst,e670f8cc2969a789,Y
James Irvin,a7f4d0902bb64092,Hector Ramirez,d1759b2b7be9be56,Y
Jake O'Brien,20bcc9966affb19c,Josh Shockman,821cd80aab70d5f9,Y
Matt Serra,86dfed7cc24a9fa7,Chris Lytle,91acd6910b802a9e,Y
Travis Lutter,622f015c81a9b13a,Patrick Cote,9fa3bd637edd9aa2,Y
Din Thomas,40a604761ca7d64d,Rich Clementi,7d21de9c6d7c98b2,Y
Jorge Rivera,cb46dface0e28a2c,Edwin DeWees,75bbd2206a15319f,Y
Pete Spratt,c3ea8deeba00462b,Jeremy Jackson,ad32471f01e7b1a5,Y
Scott Smith,3410cf010558dc8b,Pete Sell,0359313549d230a1,Y
Charles McCarthy,da97d6c97d09c030,Gideon Ray,ea3ef6206c7907d5,Y
Martin Kampmann,8b69839f3555a67b,Thales Leites,cfb65863d5099327,Y
Anderson Silva,1f454354805b6f75,Rich Franklin,d897897060f10a3a,Y
Sean Sherk,029880cdbf5ca089,Kenny Florian,cb139171ed1b69fe,Y
Jon Fitch,6f018c039b4d5d80,Kuniyoshi Hironaka,9d4522df6fc49a47,Y
Carmelo Marrero,aa03a3ca00ac6827,Cheick Kongo,1eacf73d6a0055dc,Y
Spencer Fisher,f34312c2ccfa0e00,Dan Lauzon,4c8d6fde2dde07c4,Y
Yushin Okami,acff437707625fc7,Kalib Starnes,c8136ab8aa32c974,Y
Clay Guida,c47df9303d318c67,Justin James,1ea8df62b3f8fea6,Y
Kurt Pellegrino,aa1952ec0b3dd8e1,Junior Assuncao,d0d7160824278840,Y
Tito Ortiz,2f732dd9210d301f,Ken Shamrock,63b65af1c5cb02cb,Y
Kendall Grove,234f3767ff0e5701,Chris Price,0597a4528ebd1307,Y
Jason MacDonald,2be6596a9db33bf5,Ed Herman,06f36cf4bd97ec77,Y
Matt Hamill,98b80a717b9bda17,Seth Petruzelli,93b9496275bbbf80,Y
Nate Marquardt,a8e6a69796280f17,Crafton Wallace,bf41b5131545da12,Y
Tony DeSouza,6ad9058b7c7898b0,Dustin Hazelett,a149d6bc670cdb60,Y
Rory Singer,546015aa2ad945fd,Josh Haynes,6ef58dabef8beb15,Y
Thiago Alves,31ee470ef5dc8d7f,John Alessio,7a15f3694c5cbc02,Y
Marcus Davis,b7d524c77c27389b,Forrest Petz,e86bc32f5997a8f7,Y
Matt Hughes,621a6c59f88a44fe,BJ Penn,73c7cfa551289285,Y
Mike Swick,9fe85152f351e737,David Loiseau,22e47b53e4ceb27c,Y
Melvin Guillard,ccd1299e0345e0ce,Gabe Ruediger,ccba80d4820ef557,Y
Rashad Evans,ee779c43a8926d52,Jason Lambert,5be86bb2f78fef2f,Y
Joe Lauzon,3bad7ef643840f67,Jens Pulver,44260175069b6276,Y
Roger Huerta,daf1b84aebd6602b,Jason Dent,fa8b9e6b0c2269f8,Y
Eddie Sanchez,7f0b4a75ef3039a3,Mario Neto,1209b5134401ca53,Y
Jorge Gurgel,04d5718ed2661e8c,Danny Abbadi,15df64c02b6b0fde,Y
Tyson Griffin,20205040232ed0f3,David Lee,8caca5857ce0e30b,Y
Chuck Liddell,a390eb8a9b2df298,Renato Sobral,d468288756ae3982,Y
Forrest Griffin,fcffee71cff5530e,Stephan Bonnar,c6a33ff198aaaeeb,Y
Nick Diaz,f57a8a52ca401ed9,Josh Neer,d1a1314976c50bef,Y
Cheick Kongo,1eacf73d6a0055dc,Christian Wellisch,f1b2a4365799c48b,Y
Hermes Franca,e0ec3c3b6b611f7e,Jamie Varner,a54fc2d6fc224dc3,Y
Eric Schafer,f59f1d3a2ff13edd,Rob MacDonald,f3388d2cf7ab3f64,Y
Wilson Gouveia,af5b208e97f5d382,Wes Combs,a85998eb79650b2c,Y
David Heath,4f95f74620a6b7a4,Cory Walmsley,83c6c3e0f8bde8ee,Y
Yushin Okami,acff437707625fc7,Alan Belcher,4130a743d9d22163,Y
Diego Sanchez,82e7929bf6c2b689,Karo Parisyan,349aaa3da11eb587,Y
Chris Leben,d43a048a880efdff,Jorge Santiago,f8dc544e7077d014,Y
Dean Lister,68c6cd5287b473a7,Yuki Sasaki,e5c38954c006f15c,Y
Josh Koscheck,dd37fd509af89f15,Jonathan Goulet,fb1538b46877a695,Y
Martin Kampmann,8b69839f3555a67b,Crafton Wallace,bf41b5131545da12,Y
Joe Riggs,d512d9f204059f57,Jason Von Flue,c4b9296214f4c09c,Y
Jake O'Brien,20bcc9966affb19c,Kristof Midoux,5b5b9c6f6f270369,Y
Forrest Petz,e86bc32f5997a8f7,Sammy Morgan,2067a177a2842fbf,Y
Anthony Torres,918d9d89d4d52acc,Pat Healy,50d2f0018bcf9eef,Y
Tim Sylvia,2a542ee8a8b83559,Andrei Arlovski,3738e68d2261e60f,Y
Joshua Burkman,6da99156486ed6c2,Josh Neer,d1a1314976c50bef,Y
Tito Ortiz,2f732dd9210d301f,Ken Shamrock,63b65af1c5cb02cb,Y
Frank Mir,1ff9589f9065a9ed,Dan Christison,b369533a577fa97c,Y
Joe Stevenson,79899ecf62020f6d,Yves Edwards,5f04e3d58d9ce982,Y
Hermes Franca,e0ec3c3b6b611f7e,Joe Jordan,712c4db78b9373d1,Y
Jeff Monson,cbfd1d34356a004c,Anthony Perosh,4b4753d19489297f,Y
Cheick Kongo,1eacf73d6a0055dc,Gilbert Aldana,d26934530dc5b248,Y
Drew Fickett,d814f5192e58fb2f,Kurt Pellegrino,aa1952ec0b3dd8e1,Y
Jonathan Goulet,fb1538b46877a695,Luke Cummo,93ce4ac89e3d7652,Y
Anderson Silva,1f454354805b6f75,Chris Leben,d43a048a880efdff,Y
Rashad Evans,ee779c43a8926d52,Stephan Bonnar,c6a33ff198aaaeeb,Y
Mark Hominick,0a97691039c4bbfb,Jorge Gurgel,04d5718ed2661e8c,Y
Josh Koscheck,dd37fd509af89f15,Dave Menne,275cafc9de131c83,Y
Jason Lambert,5be86bb2f78fef2f,Branden Lee Hinkle,06f0ffa6446c5b6d,Y
Jon Fitch,6f018c039b4d5d80,Thiago Alves,31ee470ef5dc8d7f,Y
Rob MacDonald,f3388d2cf7ab3f64,Kristian Rothaermel,af49a6c491ca22a3,Y
Jorge Santiago,f8dc544e7077d014,Justin Levens,8c3f3c43c8ceb778,Y
Kenny Florian,cb139171ed1b69fe,Sam Stout,501b07aec9b8fc2d,Y
Michael Bisping,2b93ebd9f5417ad2,Josh Haynes,6ef58dabef8beb15,Y
Kendall Grove,234f3767ff0e5701,Ed Herman,06f36cf4bd97ec77,Y
Keith Jardine,b9d0fd83bb8a147a,Wilson Gouveia,af5b208e97f5d382,Y
Rory Singer,546015aa2ad945fd,Ross Pointon,7215953cd5c6254d,Y
Kalib Starnes,c8136ab8aa32c974,Danny Abbadi,15df64c02b6b0fde,Y
Luigi Fioravanti,9583662df31d943f,Solomon Hutcherson,155bfc7ed36622df,Y
Matt Hamill,98b80a717b9bda17,Jesse Forbes,947eccadb72f4f6f,Y
Mike Nickels,330ec26453c44a59,Wes Combs,a85998eb79650b2c,Y
Matt Hughes,621a6c59f88a44fe,Royce Gracie,429e7d3725852ce9,Y
Dean Lister,68c6cd5287b473a7,Alessio Sakara,7f955f71fa2ce7ac,Y
Diego Sanchez,82e7929bf6c2b689,John Alessio,7a15f3694c5cbc02,Y
Brandon Vera,fa315e6c77eee106,Assuerio Silva,e091482fa6648261,Y
Mike Swick,9fe85152f351e737,Joe Riggs,d512d9f204059f57,Y
Jeremy Horn,8d26912cd2aeb366,Chael Sonnen,48d1f690b763934c,Y
Spencer Fisher,f34312c2ccfa0e00,Matt Wiman,eb29176b03dfa888,Y
Gabriel Gonzaga,270b89c00ef0c55c,Fabiano Scherner,0bc7e61d204f2137,Y
Melvin Guillard,ccd1299e0345e0ce,Rick Davis,2549d63da9c456cb,Y
Tim Sylvia,2a542ee8a8b83559,Andrei Arlovski,3738e68d2261e60f,Y
Sean Sherk,029880cdbf5ca089,Nick Diaz,f57a8a52ca401ed9,Y
Tito Ortiz,2f732dd9210d301f,Forrest Griffin,fcffee71cff5530e,Y
Evan Tanner,8f2d9ee27f206f1f,Justin Levens,8c3f3c43c8ceb778,Y
Jeff Monson,cbfd1d34356a004c,Marcio Cruz,6aa1cbc1466e9a0b,Y
Karo Parisyan,349aaa3da11eb587,Nick Thompson,7d3caf0f96f1b33d,Y
David Terrell,4123fd4dcc1fe937,Scott Smith,3410cf010558dc8b,Y
Jason Lambert,5be86bb2f78fef2f,Terry Martin,6a92caba39b64752,Y
Thiago Alves,31ee470ef5dc8d7f,Derrick Noble,21321cdfba797c52,Y
Stephan Bonnar,c6a33ff198aaaeeb,Keith Jardine,b9d0fd83bb8a147a,Y
Rashad Evans,ee779c43a8926d52,Sam Hoger,84a067c46306a737,Y
Josh Neer,d1a1314976c50bef,Joe Stevenson,79899ecf62020f6d,Y
Chris Leben,d43a048a880efdff,Luigi Fioravanti,9583662df31d943f,Y
Luke Cummo,93ce4ac89e3d7652,Jason Von Flue,c4b9296214f4c09c,Y
Jon Fitch,6f018c039b4d5d80,Joshua Burkman,6da99156486ed6c2,Y
Dan Christison,b369533a577fa97c,Brad Imes,4908c5ee68a50ee5,Y
Josh Koscheck,dd37fd509af89f15,Ansar Chalangov,7342fcc41a4817fa,Y
Chael Sonnen,48d1f690b763934c,Trevor Prangley,f5ff7bcdcfeba3ad,Y
Rich Franklin,d897897060f10a3a,David Loiseau,22e47b53e4ceb27c,Y
Mike Swick,9fe85152f351e737,Steve Vigneault,6888e31ce88f5b17,Y
Georges St-Pierre,6506c1d34da9c013,BJ Penn,73c7cfa551289285,Y
Nate Marquardt,a8e6a69796280f17,Joe Doerksen,dbaaf42313af90fa,Y
Mark Hominick,0a97691039c4bbfb,Yves Edwards,5f04e3d58d9ce982,Y
Sam Stout,501b07aec9b8fc2d,Spencer Fisher,f34312c2ccfa0e00,Y
Jason Lambert,5be86bb2f78fef2f,Rob MacDonald,f3388d2cf7ab3f64,Y
Tom Murphy,62918a2118de08b2,Icho Larenas,49efbdc6c9f650c4,Y
Chuck Liddell,a390eb8a9b2df298,Randy Couture,0aa92558424ced9e,Y
Brandon Vera,fa315e6c77eee106,Justin Eilers,27fc9218a3653e3c,Y
Marcio Cruz,6aa1cbc1466e9a0b,Frank Mir,1ff9589f9065a9ed,Y
Renato Sobral,d468288756ae3982,Mike van Arsdale,2ee09ec2a0695eb9,Y
Joe Riggs,d512d9f204059f57,Nick Diaz,f57a8a52ca401ed9,Y
Alessio Sakara,7f955f71fa2ce7ac,Elvis Sinosic,817e0bdf08efce2e,Y
Paul Buentello,f0abbb6f3444dae7,Gilbert Aldana,d26934530dc5b248,Y
Jeff Monson,cbfd1d34356a004c,Branden Lee Hinkle,06f0ffa6446c5b6d,Y
Keith Jardine,b9d0fd83bb8a147a,Mike Whitehead,22d1e00e1aabb7c9,Y
Tim Sylvia,2a542ee8a8b83559,Assuerio Silva,e091482fa6648261,Y
Stephan Bonnar,c6a33ff198aaaeeb,James Irvin,a7f4d0902bb64092,Y
Joshua Burkman,6da99156486ed6c2,Drew Fickett,d814f5192e58fb2f,Y
Chris Leben,d43a048a880efdff,Jorge Rivera,cb46dface0e28a2c,Y
Josh Neer,d1a1314976c50bef,Melvin Guillard,ccd1299e0345e0ce,Y
Duane Ludwig,84ac950d4c1722dd,Jonathan Goulet,fb1538b46877a695,Y
Spencer Fisher,f34312c2ccfa0e00,Aaron Riley,f2c8ebbeafd45f2b,Y
Jason Von Flue,c4b9296214f4c09c,Alex Karalexis,e361e5c858af6ff1,Y
Rich Franklin,d897897060f10a3a,Nate Quarry,52cae54377b433b7,Y
Gabriel Gonzaga,270b89c00ef0c55c,Kevin Jordan,02e52b3a595f0786,Y
Matt Hughes,621a6c59f88a44fe,Joe Riggs,d512d9f204059f57,Y
Georges St-Pierre,6506c1d34da9c013,Sean Sherk,029880cdbf5ca089,Y
Jeremy Horn,8d26912cd2aeb366,Trevor Prangley,f5ff7bcdcfeba3ad,Y
Sam Hoger,84a067c46306a737,Jeff Newton,94609dd91731d428,Y
Thiago Alves,31ee470ef5dc8d7f,Ansar Chalangov,7342fcc41a4817fa,Y
Nick Thompson,7d3caf0f96f1b33d,Keith Wisniewski,cd12227edd3f134b,Y
Diego Sanchez,82e7929bf6c2b689,Nick Diaz,f57a8a52ca401ed9,Y
Rashad Evans,ee779c43a8926d52,Brad Imes,4908c5ee68a50ee5,Y
Joe Stevenson,79899ecf62020f6d,Luke Cummo,93ce4ac89e3d7652,Y
Kenny Florian,cb139171ed1b69fe,Kit Cope,ce47f49e5c386a9c,Y
Joshua Burkman,6da99156486ed6c2,Sammy Morgan,2067a177a2842fbf,Y
Melvin Guillard,ccd1299e0345e0ce,Marcus Davis,b7d524c77c27389b,Y
Keith Jardine,b9d0fd83bb8a147a,Kerry Schall,030f08370fd1c2bb,Y
Andrei Arlovski,3738e68d2261e60f,Paul Buentello,f0abbb6f3444dae7,Y
Branden Lee Hinkle,06f0ffa6446c5b6d,Sean Gannon,6d7886b094b471ac,Y
Forrest Griffin,fcffee71cff5530e,Elvis Sinosic,817e0bdf08efce2e,Y
Renato Sobral,d468288756ae3982,Chael Sonnen,48d1f690b763934c,Y
Joe Riggs,d512d9f204059f57,Chris Lytle,91acd6910b802a9e,Y
Jorge Rivera,cb46dface0e28a2c,Dennis Hallman,8a8a84b743ae7699,Y
Marcio Cruz,6aa1cbc1466e9a0b,Keigo Kunihara,782a2a17d3e38fdf,Y
Alessio Sakara,7f955f71fa2ce7ac,Ron Faircloth,453ee00c3e1ae9dd,N
David Loiseau,22e47b53e4ceb27c,Evan Tanner,8f2d9ee27f206f1f,Y
Chris Leben,d43a048a880efdff,Edwin DeWees,75bbd2206a15319f,Y
Brandon Vera,fa315e6c77eee106,Fabiano Scherner,0bc7e61d204f2137,Y
Drew Fickett,d814f5192e58fb2f,Josh Koscheck,dd37fd509af89f15,Y
Spencer Fisher,f34312c2ccfa0e00,Thiago Alves,31ee470ef5dc8d7f,Y
Jon Fitch,6f018c039b4d5d80,Brock Larson,5eedbf1e9601be35,Y
Jonathan Goulet,fb1538b46877a695,Jay Hieron,5bb0a618ad03ac64,Y
Chuck Liddell,a390eb8a9b2df298,Jeremy Horn,8d26912cd2aeb366,Y
Tim Sylvia,2a542ee8a8b83559,Tra Telligman,1dab0d1d81dd06db,Y
Randy Couture,0aa92558424ced9e,Mike van Arsdale,2ee09ec2a0695eb9,Y
Diego Sanchez,82e7929bf6c2b689,Brian Gassaway,e4770d5ed44a3970,Y
Georges St-Pierre,6506c1d34da9c013,Frank Trigg,d2d37e8eeb3abc8d,Y
Matt Lindland,0e041d43a47d2e4b,Joe Doerksen,dbaaf42313af90fa,Y
Trevor Prangley,f5ff7bcdcfeba3ad,Travis Lutter,622f015c81a9b13a,Y
James Irvin,a7f4d0902bb64092,Terry Martin,6a92caba39b64752,Y
Nate Marquardt,a8e6a69796280f17,Ivan Salaverry,394f55ebca199124,Y
Chris Leben,d43a048a880efdff,Patrick Cote,9fa3bd637edd9aa2,Y
Stephan Bonnar,c6a33ff198aaaeeb,Sam Hoger,84a067c46306a737,Y
Nate Quarry,52cae54377b433b7,Pete Sell,0359313549d230a1,Y
Josh Koscheck,dd37fd509af89f15,Pete Spratt,c3ea8deeba00462b,Y
Mike Swick,9fe85152f351e737,Gideon Ray,ea3ef6206c7907d5,Y
Kenny Florian,cb139171ed1b69fe,Alex Karalexis,e361e5c858af6ff1,Y
Drew Fickett,d814f5192e58fb2f,Josh Neer,d1a1314976c50bef,Y
Andrei Arlovski,3738e68d2261e60f,Justin Eilers,27fc9218a3653e3c,Y
Karo Parisyan,349aaa3da11eb587,Matt Serra,86dfed7cc24a9fa7,Y
Rich Franklin,d897897060f10a3a,Evan Tanner,8f2d9ee27f206f1f,Y
Forrest Griffin,fcffee71cff5530e,Bill Mahood,ae58685caf8e4a0d,Y
Paul Buentello,f0abbb6f3444dae7,Kevin Jordan,02e52b3a595f0786,Y
Nate Quarry,52cae54377b433b7,Shonie Carter,7b6e40a73b567072,Y
David Loiseau,22e47b53e4ceb27c,Charles McCarthy,da97d6c97d09c030,Y
Nick Diaz,f57a8a52ca401ed9,Koji Oishi,01daf32100ed7517,Y
Chuck Liddell,a390eb8a9b2df298,Randy Couture,0aa92558424ced9e,Y
Renato Sobral,d468288756ae3982,Travis Wiuff,7f9f528cb72a6ed1,Y
Matt Hughes,621a6c59f88a44fe,Frank Trigg,d2d37e8eeb3abc8d,Y
Matt Lindland,0e041d43a47d2e4b,Travis Lutter,622f015c81a9b13a,Y
Georges St-Pierre,6506c1d34da9c013,Jason Miller,b2f88c04c4dd43ce,Y
Ivan Salaverry,394f55ebca199124,Joe Riggs,d512d9f204059f57,Y
Joe Doerksen,dbaaf42313af90fa,Patrick Cote,9fa3bd637edd9aa2,Y
Mike van Arsdale,2ee09ec2a0695eb9,John Marsh,b6b12014698cc345,Y
Rich Franklin,d897897060f10a3a,Ken Shamrock,63b65af1c5cb02cb,Y
Forrest Griffin,fcffee71cff5530e,Stephan Bonnar,c6a33ff198aaaeeb,Y
Diego Sanchez,82e7929bf6c2b689,Kenny Florian,cb139171ed1b69fe,Y
Sam Hoger,84a067c46306a737,Bobby Southworth,aee8eecfc4bfb1e7,Y
Chris Leben,d43a048a880efdff,Jason Thacker,f0264252e191da22,Y
Josh Koscheck,dd37fd509af89f15,Chris Sanford,29f935654825331b,Y
Nate Quarry,52cae54377b433b7,Lodune Sincaid,265589bdd93e7ce5,Y
Mike Swick,9fe85152f351e737,Alex Schoenauer,fdfef29ba17ee525,Y
Alex Karalexis,e361e5c858af6ff1,Josh Rafferty,ff2c606c8bc365e3,Y
Tito Ortiz,2f732dd9210d301f,Vitor Belfort,0ee783aa00e468f0,Y
Pete Sell,0359313549d230a1,Phil Baroni,1652f3213655b935,Y
Andrei Arlovski,3738e68d2261e60f,Tim Sylvia,2a542ee8a8b83559,Y
Evan Tanner,8f2d9ee27f206f1f,David Terrell,4123fd4dcc1fe937,Y
Paul Buentello,f0abbb6f3444dae7,Justin Eilers,27fc9218a3653e3c,Y
Mike Kyle,56b8b24f65f9f057,James Irvin,a7f4d0902bb64092,Y
David Loiseau,22e47b53e4ceb27c,Gideon Ray,ea3ef6206c7907d5,Y
Karo Parisyan,349aaa3da11eb587,Chris Lytle,91acd6910b802a9e,Y
Nick Diaz,f57a8a52ca401ed9,Drew Fickett,d814f5192e58fb2f,Y
Tito Ortiz,2f732dd9210d301f,Patrick Cote,9fa3bd637edd9aa2,Y
Rich Franklin,d897897060f10a3a,Jorge Rivera,cb46dface0e28a2c,Y
Matt Hughes,621a6c59f88a44fe,Georges St-Pierre,6506c1d34da9c013,Y
Frank Trigg,d2d37e8eeb3abc8d,Renato Verissimo,c24b1db4b809d41b,Y
Evan Tanner,8f2d9ee27f206f1f,Robbie Lawler,f2925e6db404bf1d,Y
Ivan Salaverry,394f55ebca199124,Tony Fryklund,253de74457bd6374,Y
Travis Lutter,622f015c81a9b13a,Marvin Eastman,05866d8c3a321856,Y
Randy Couture,0aa92558424ced9e,Vitor Belfort,0ee783aa00e468f0,Y
Joe Riggs,d512d9f204059f57,Joe Doerksen,dbaaf42313af90fa,Y
Chuck Liddell,a390eb8a9b2df298,Vernon White,12458872d6afae1b,Y
David Terrell,4123fd4dcc1fe937,Matt Lindland,0e041d43a47d2e4b,Y
Justin Eilers,27fc9218a3653e3c,Mike Kyle,56b8b24f65f9f057,Y
Chris Lytle,91acd6910b802a9e,Ronald Jhun,b9e871af730f826c,Y
Karo Parisyan,349aaa3da11eb587,Nick Diaz,f57a8a52ca401ed9,Y
Yves Edwards,5f04e3d58d9ce982,Josh Thomson,a566371ba2ad7152,Y
Ken Shamrock,63b65af1c5cb02cb,Kimo Leopoldo,08ae5cd9aef7ddd3,Y
Frank Trigg,d2d37e8eeb3abc8d,Dennis Hallman,8a8a84b743ae7699,Y
Frank Mir,1ff9589f9065a9ed,Tim Sylvia,2a542ee8a8b83559,Y
Matt Hughes,621a6c59f88a44fe,Renato Verissimo,c24b1db4b809d41b,Y
Evan Tanner,8f2d9ee27f206f1f,Phil Baroni,1652f3213655b935,Y
Matt Serra,86dfed7cc24a9fa7,Ivan Menjivar,5755960ebd0b16f6,Y
Georges St-Pierre,6506c1d34da9c013,Jay Hieron,5bb0a618ad03ac64,Y
Trevor Prangley,f5ff7bcdcfeba3ad,Curtis Stout,e09dbbd5fe3f0fe2,Y
Chuck Liddell,a390eb8a9b2df298,Tito Ortiz,2f732dd9210d301f,Y
Chris Lytle,91acd6910b802a9e,Tiki Ghosn,cb6783c39c01d896,Y
Yves Edwards,5f04e3d58d9ce982,Hermes Franca,e0ec3c3b6b611f7e,Y
Andrei Arlovski,3738e68d2261e60f,Wesley Correira,4e9fb05d7e5e61b8,Y
Nick Diaz,f57a8a52ca401ed9,Robbie Lawler,f2925e6db404bf1d,Y
Mike Kyle,56b8b24f65f9f057,Wes Sims,e0f7c4f3f67bc808,Y
Jonathan Wiezorek,60884f31ead1609c,Wade Shipp,a9a314cc77d90b6e,Y
Genki Sudo,99dd0147dc4ef80c,Mike Brown,e0b74df14f52cd15,Y
Vitor Belfort,0ee783aa00e468f0,Randy Couture,0aa92558424ced9e,Y
Renato Verissimo,c24b1db4b809d41b,Carlos Newton,952f6fa06f25a0ec,Y
BJ Penn,73c7cfa551289285,Matt Hughes,621a6c59f88a44fe,Y
Frank Mir,1ff9589f9065a9ed,Wes Sims,e0f7c4f3f67bc808,Y
Lee Murray,32016899d0a222a3,Jorge Rivera,cb46dface0e28a2c,Y
Georges St-Pierre,6506c1d34da9c013,Karo Parisyan,349aaa3da11eb587,Y
Josh Thomson,a566371ba2ad7152,Hermes Franca,e0ec3c3b6b611f7e,Y
Matt Serra,86dfed7cc24a9fa7,Jeff Curran,a8ea84cbe1655f0a,Y
Matt Hughes,621a6c59f88a44fe,Frank Trigg,d2d37e8eeb3abc8d,Y
Matt Lindland,0e041d43a47d2e4b,Falaniko Vitale,445a98acb8985970,Y
Wesley Correira,4e9fb05d7e5e61b8,David Abbott,b361180739bed4b0,Y
Evan Tanner,8f2d9ee27f206f1f,Phil Baroni,1652f3213655b935,Y
Robbie Lawler,f2925e6db404bf1d,Chris Lytle,91acd6910b802a9e,Y
Pedro Rizzo,b44f39a5c6596953,Ricco Rodriguez,50cc91ce2982785d,Y
Keith Rockel,c75b99887c8c3f5a,Chris Liguori,0e31bfd26cc8c503,Y
Yves Edwards,5f04e3d58d9ce982,Nick Agallar,ebc5af72ad5a28cb,Y
Randy Couture,0aa92558424ced9e,Tito Ortiz,2f732dd9210d301f,Y
Andrei Arlovski,3738e68d2261e60f,Vladimir Matyushenko,ccdd90bd1fc7dab6,Y
Tim Sylvia,2a542ee8a8b83559,Gan McGee,d90b630e0561818b,Y
Jorge Rivera,cb46dface0e28a2c,David Loiseau,22e47b53e4ceb27c,Y
Rich Franklin,d897897060f10a3a,Edwin DeWees,75bbd2206a15319f,Y
Karo Parisyan,349aaa3da11eb587,Dave Strasser,980b4e712489098e,Y
Josh Thomson,a566371ba2ad7152,Gerald Strebendt,04f9fe830cf13482,Y
Nick Diaz,f57a8a52ca401ed9,Jeremy Jackson,ad32471f01e7b1a5,Y
Hermes Franca,e0ec3c3b6b611f7e,Caol Uno,eb1723480fa2f96c,Y
Randy Couture,0aa92558424ced9e,Chuck Liddell,a390eb8a9b2df298,Y
Kimo Leopoldo,08ae5cd9aef7ddd3,David Abbott,b361180739bed4b0,Y
Vitor Belfort,0ee783aa00e468f0,Marvin Eastman,05866d8c3a321856,Y
Vernon White,12458872d6afae1b,Ian Freeman,b4bc2e3353a770b5,N
Frank Mir,1ff9589f9065a9ed,Wes Sims,e0f7c4f3f67bc808,Y
Yves Edwards,5f04e3d58d9ce982,Eddie Ruiz,7b9aa973e5c04624,Y
Falaniko Vitale,445a98acb8985970,Matt Lindland,0e041d43a47d2e4b,Y
Pedro Rizzo,b44f39a5c6596953,Tra Telligman,1dab0d1d81dd06db,Y
Matt Hughes,621a6c59f88a44fe,Sean Sherk,029880cdbf5ca089,Y
Pete Spratt,c3ea8deeba00462b,Robbie Lawler,f2925e6db404bf1d,Y
Dave Strasser,980b4e712489098e,Romie Aram,73ef22f25d0f70e2,Y
Wesley Correira,4e9fb05d7e5e61b8,Sean Alvarez,e741536153227386,Y
Rich Franklin,d897897060f10a3a,Evan Tanner,8f2d9ee27f206f1f,Y
Duane Ludwig,84ac950d4c1722dd,Genki Sudo,99dd0147dc4ef80c,Y
Hermes Franca,e0ec3c3b6b611f7e,Richard Crunkilton,22ee260735da0d58,Y
David Loiseau,22e47b53e4ceb27c,Mark Weir,9ccdd2ce45903f34,Y
Tim Sylvia,2a542ee8a8b83559,Ricco Rodriguez,50cc91ce2982785d,Y
Frank Mir,1ff9589f9065a9ed,David Abbott,b361180739bed4b0,Y
BJ Penn,73c7cfa551289285,Caol Uno,eb1723480fa2f96c,N
Matt Lindland,0e041d43a47d2e4b,Phil Baroni,1652f3213655b935,Y
Vladimir Matyushenko,ccdd90bd1fc7dab6,Pedro Rizzo,b44f39a5c6596953,Y
Din Thomas,40a604761ca7d64d,Matt Serra,86dfed7cc24a9fa7,Y
Gan McGee,d90b630e0561818b,Alexandre Dantas,8dc46e9a7895ce1a,Y
Yves Edwards,5f04e3d58d9ce982,Rich Clementi,7d21de9c6d7c98b2,Y
Tito Ortiz,2f732dd9210d301f,Ken Shamrock,63b65af1c5cb02cb,Y
Chuck Liddell,a390eb8a9b2df298,Renato Sobral,d468288756ae3982,Y
Matt Hughes,621a6c59f88a44fe,Gil Castillo,31ceaf0e670c1578,Y
Carlos Newton,952f6fa06f25a0ec,Pete Spratt,c3ea8deeba00462b,Y
Robbie Lawler,f2925e6db404bf1d,Tiki Ghosn,cb6783c39c01d896,Y
Andrei Arlovski,3738e68d2261e60f,Ian Freeman,b4bc2e3353a770b5,Y
Vladimir Matyushenko,ccdd90bd1fc7dab6,Travis Wiuff,7f9f528cb72a6ed1,Y
Phillip Miller,18aecaf50f52e4c3,Mark Weir,9ccdd2ce45903f34,Y
Ricco Rodriguez,50cc91ce2982785d,Randy Couture,0aa92558424ced9e,Y
Tim Sylvia,2a542ee8a8b83559,Wesley Correira,4e9fb05d7e5e61b8,Y
BJ Penn,73c7cfa551289285,Matt Serra,86dfed7cc24a9fa7,Y
Caol Uno,eb1723480fa2f96c,Din Thomas,40a604761ca7d64d,Y
Gan McGee,d90b630e0561818b,Pedro Rizzo,b44f39a5c6596953,Y
Phil Baroni,1652f3213655b935,Dave Menne,275cafc9de131c83,Y
Matt Lindland,0e041d43a47d2e4b,Ivan Salaverry,394f55ebca199124,Y
Sean Sherk,029880cdbf5ca089,Benji Radach,01b39decaf0abf6a,Y
Matt Hughes,621a6c59f88a44fe,Carlos Newton,952f6fa06f25a0ec,Y
Ian Freeman,b4bc2e3353a770b5,Frank Mir,1ff9589f9065a9ed,Y
Mark Weir,9ccdd2ce45903f34,Eugene Jackson,ce783bf73b5131f9,Y
Genki Sudo,99dd0147dc4ef80c,Leigh Remedios,918db42c3637916f,Y
Phillip Miller,18aecaf50f52e4c3,James Zikic,4b4fc3ddc307bc73,Y
Renato Sobral,d468288756ae3982,Elvis Sinosic,817e0bdf08efce2e,Y
Evan Tanner,8f2d9ee27f206f1f,Chris Haseman,5bd533d50c8e7b8a,Y
Chuck Liddell,a390eb8a9b2df298,Vitor Belfort,0ee783aa00e468f0,Y
Benji Radach,01b39decaf0abf6a,Nick Serra,1975c2272ba40e71,Y
Pete Spratt,c3ea8deeba00462b,Zach Light,5d7c18191b8aa432,Y
Robbie Lawler,f2925e6db404bf1d,Steve Berger,21b1132949f2a9b0,Y
Tony Fryklund,253de74457bd6374,Rodrigo Ruas,94070f6544c4b2a5,Y
Yves Edwards,5f04e3d58d9ce982,Joao Pierini,9a967e8e43dcef63,Y
Murilo Bustamante,85d905f7c4f5a1af,Matt Lindland,0e041d43a47d2e4b,Y
Ricco Rodriguez,50cc91ce2982785d,Tsuyoshi Kohsaka,b76ed59283d3559c,Y
BJ Penn,73c7cfa551289285,Paul Creighton,ed73c85164a5f5a4,Y
Phil Baroni,1652f3213655b935,Amar Suloev,7aa88401f93ce836,Y
Caol Uno,eb1723480fa2f96c,Yves Edwards,5f04e3d58d9ce982,Y
Ivan Salaverry,394f55ebca199124,Andrei Semenov,5f2f0da6fd6a84fd,Y
Benji Radach,01b39decaf0abf6a,Steve Berger,21b1132949f2a9b0,N
Robbie Lawler,f2925e6db404bf1d,Aaron Riley,f2c8ebbeafd45f2b,Y
Josh Barnett,ad3f53c454cbbead,Randy Couture,0aa92558424ced9e,Y
Pedro Rizzo,b44f39a5c6596953,Andrei Arlovski,3738e68d2261e60f,Y
Matt Hughes,621a6c59f88a44fe,Hayato Sakurai,85e26e2468b4e82f,Y
Matt Lindland,0e041d43a47d2e4b,Pat Miletich,cedfdf8d423d500c,Y
Evan Tanner,8f2d9ee27f206f1f,Elvis Sinosic,817e0bdf08efce2e,Y
Frank Mir,1ff9589f9065a9ed,Pete Williams,6291ac0a3726732f,Y
Matt Serra,86dfed7cc24a9fa7,Kelly Dullanty,1a225f04aa6e0739,Y
Sean Sherk,029880cdbf5ca089,Jutaro Nakao,95eb112a85601a0a,Y
Jens Pulver,44260175069b6276,BJ Penn,73c7cfa551289285,Y
Ricco Rodriguez,50cc91ce2982785d,Jeff Monson,cbfd1d34356a004c,Y
Murilo Bustamante,85d905f7c4f5a1af,Dave Menne,275cafc9de131c83,Y
Chuck Liddell,a390eb8a9b2df298,Amar Suloev,7aa88401f93ce836,Y
Andrei Semenov,5f2f0da6fd6a84fd,Ricardo Almeida,91186547a7f3f758,Y
Kevin Randleman,6859f67468ba8489,Renato Sobral,d468288756ae3982,Y
Gil Castillo,31ceaf0e670c1578,Chris Brennan,b19fc66613dc75b9,Y
Eugene Jackson,ce783bf73b5131f9,Keith Rockel,c75b99887c8c3f5a,Y
Randy Couture,0aa92558424ced9e,Pedro Rizzo,b44f39a5c6596953,Y
Ricco Rodriguez,50cc91ce2982785d,Pete Williams,6291ac0a3726732f,Y
Matt Hughes,621a6c59f88a44fe,Carlos Newton,952f6fa06f25a0ec,Y
BJ Penn,73c7cfa551289285,Caol Uno,eb1723480fa2f96c,Y
Josh Barnett,ad3f53c454cbbead,Bobby Hoffman,afaad7d6a581e307,Y
Evan Tanner,8f2d9ee27f206f1f,Homer Moore,e56df3c1d8b4b1cc,Y
Matt Lindland,0e041d43a47d2e4b,Phil Baroni,1652f3213655b935,Y
Frank Mir,1ff9589f9065a9ed,Roberto Traven,20ec0061400178ca,Y
Tito Ortiz,2f732dd9210d301f,Vladimir Matyushenko,ccdd90bd1fc7dab6,Y
Jens Pulver,44260175069b6276,Dennis Hallman,8a8a84b743ae7699,Y
Chuck Liddell,a390eb8a9b2df298,Murilo Bustamante,85d905f7c4f5a1af,Y
Matt Serra,86dfed7cc24a9fa7,Yves Edwards,5f04e3d58d9ce982,Y
Dave Menne,275cafc9de131c83,Gil Castillo,31ceaf0e670c1578,Y
Jutaro Nakao,95eb112a85601a0a,Tony DeSouza,6ad9058b7c7898b0,Y
Ricardo Almeida,91186547a7f3f758,Eugene Jackson,ce783bf73b5131f9,Y
Din Thomas,40a604761ca7d64d,Fabiano Iha,263ebd4a669e1e98,Y
Tito Ortiz,2f732dd9210d301f,Elvis Sinosic,817e0bdf08efce2e,Y
BJ Penn,73c7cfa551289285,Din Thomas,40a604761ca7d64d,Y
Josh Barnett,ad3f53c454cbbead,Semmy Schilt,d5ed14b2153c6ed2,Y
Pat Miletich,cedfdf8d423d500c,Shonie Carter,7b6e40a73b567072,Y
Caol Uno,eb1723480fa2f96c,Fabiano Iha,263ebd4a669e1e98,Y
Vladimir Matyushenko,ccdd90bd1fc7dab6,Yuki Kondo,1fe7adb23b3eedfb,Y
Ricco Rodriguez,50cc91ce2982785d,Andrei Arlovski,3738e68d2261e60f,Y
Tony DeSouza,6ad9058b7c7898b0,Paul Rodriguez,26eddcda9d6b2ffe,Y
Randy Couture,0aa92558424ced9e,Pedro Rizzo,b44f39a5c6596953,Y
Carlos Newton,952f6fa06f25a0ec,Pat Miletich,cedfdf8d423d500c,Y
Chuck Liddell,a390eb8a9b2df298,Kevin Randleman,6859f67468ba8489,Y
Shonie Carter,7b6e40a73b567072,Matt Serra,86dfed7cc24a9fa7,Y
Semmy Schilt,d5ed14b2153c6ed2,Pete Williams,6291ac0a3726732f,Y
Matt Lindland,0e041d43a47d2e4b,Ricardo Almeida,91186547a7f3f758,Y
BJ Penn,73c7cfa551289285,Joey Gilbert,6bb1d2b714d4b3bc,Y
Tony DeSouza,6ad9058b7c7898b0,Steve Berger,21b1132949f2a9b0,Y
Tito Ortiz,2f732dd9210d301f,Evan Tanner,8f2d9ee27f206f1f,Y
Jens Pulver,44260175069b6276,Caol Uno,eb1723480fa2f96c,Y
Fabiano Iha,263ebd4a669e1e98,Phil Johns,a8fa0c4e95512806,Y
Elvis Sinosic,817e0bdf08efce2e,Jeremy Horn,8d26912cd2aeb366,Y
Pedro Rizzo,b44f39a5c6596953,Josh Barnett,ad3f53c454cbbead,Y
Bobby Hoffman,afaad7d6a581e307,Mark Robinson,4604ab1de9058474,N
Phil Baroni,1652f3213655b935,Curtis Stout,e09dbbd5fe3f0fe2,Y
Sean Sherk,029880cdbf5ca089,Tiki Ghosn,cb6783c39c01d896,Y
Tito Ortiz,2f732dd9210d301f,Yuki Kondo,1fe7adb23b3eedfb,Y
Pat Miletich,cedfdf8d423d500c,Kenichi Yamamoto,9f488f520ed25bbf,Y
Matt Lindland,0e041d43a47d2e4b,Yoji Anjo,e06fd1260ac865a7,Y
Fabiano Iha,263ebd4a669e1e98,Daiju Takase,4f74c8be51db8a37,Y
Evan Tanner,8f2d9ee27f206f1f,Lance Gibson,63eedfcc73071d41,Y
Dennis Hallman,8a8a84b743ae7699,Matt Hughes,621a6c59f88a44fe,Y
Chuck Liddell,a390eb8a9b2df298,Jeff Monson,cbfd1d34356a004c,Y
Randy Couture,0aa92558424ced9e,Kevin Randleman,6859f67468ba8489,Y
Renato Sobral,d468288756ae3982,Maurice Smith,33e33d51f289d2a1,Y
Josh Barnett,ad3f53c454cbbead,Gan McGee,d90b630e0561818b,Y
Andrei Arlovski,3738e68d2261e60f,Aaron Brink,cf1a88371c8cb690,Y
Jens Pulver,44260175069b6276,John Lewis,4a01dc8376736ef5,Y
Mark Hughes,d62bb4d84a7267ba,Alex Stiebling,df5a77121ba84a5d,Y
Ben Earwood,ee457ef1e1c326c1,Chris Lytle,91acd6910b802a9e,Y
Pedro Rizzo,b44f39a5c6596953,Dan Severn,c670aa48827d6be6,Y
Maurice Smith,33e33d51f289d2a1,Bobby Hoffman,afaad7d6a581e307,Y
Jeremy Horn,8d26912cd2aeb366,Eugene Jackson,ce783bf73b5131f9,Y
Fabiano Iha,263ebd4a669e1e98,Laverne Clark,1c2f2571b18791b6,Y
Yuki Kondo,1fe7adb23b3eedfb,Alexandre Dantas,8dc46e9a7895ce1a,Y
Ian Freeman,b4bc2e3353a770b5,Tedd Williams,b63e800c18e011b5,Y
Jeff Monson,cbfd1d34356a004c,Tim Lajcik,c7e9d15cfce52f1d,Y
Brad Gumm,4d74641fac830182,CJ Fernandes,979f7edbb6980b0d,N
Kevin Randleman,6859f67468ba8489,Pedro Rizzo,b44f39a5c6596953,Y
Tyrone Roberts,d1e6a6536ee62517,David Dodd,c2a7623f398d9bd7,Y
Pat Miletich,cedfdf8d423d500c,John Alessio,7a15f3694c5cbc02,Y
Amaury Bitetti,7a359ef685a304a7,Alex Andrade,1562b12763cc8d67,Y
Matt Hughes,621a6c59f88a44fe,Marcelo Aguiar,44aa652b181bcf68,Y
Jens Pulver,44260175069b6276,Joao Roque,0f6528b461e47462,Y
Ian Freeman,b4bc2e3353a770b5,Nate Schroeder,040426baba8a45e8,Y
Shonie Carter,7b6e40a73b567072,Adrian Serrano,e7ec11096eac0282,Y
Tito Ortiz,2f732dd9210d301f,Wanderlei Silva,a1f6999fe57236e0,Y
Murilo Bustamante,85d905f7c4f5a1af,Yoji Anjo,e06fd1260ac865a7,Y
Sanae Kikuta,e4bde462b043d3e1,Eugene Jackson,ce783bf73b5131f9,Y
Ron Waterman,efaf544314bb5c2e,Satoshi Honma,d2b1c1317a39f6c6,Y
Ikuhisa Minowa,ce6065baef021cf3,Joe Slick,80e6d71e14c1d356,Y
Laverne Clark,1c2f2571b18791b6,Koji Oishi,01daf32100ed7517,Y
Tedd Williams,b63e800c18e011b5,Steve Judson,6ece1d2ab1bed31d,Y
Lance Gibson,63eedfcc73071d41,Jermaine Andre,9bad58fa651d6196,Y
Dave Menne,275cafc9de131c83,Fabiano Iha,263ebd4a669e1e98,Y
Bob Cook,1c061eb6e29eaa0a,Tiki Ghosn,cb6783c39c01d896,Y
Jens Pulver,44260175069b6276,David Velasquez,09c44b317c98bf96,Y
Scott Adams,2620f3eb21c79614,Ian Freeman,b4bc2e3353a770b5,Y
Shonie Carter,7b6e40a73b567072,Brad Gumm,4d74641fac830182,Y
Kevin Randleman,6859f67468ba8489,Pete Williams,6291ac0a3726732f,Y
Pedro Rizzo,b44f39a5c6596953,Tsuyoshi Kohsaka,b76ed59283d3559c,Y
Kenichi Yamamoto,9f488f520ed25bbf,Katsuhisa Fujii,d71d968dc6ecfdaf,Y
Joe Slick,80e6d71e14c1d356,Jason DeLucia,6ceff86fae4f6b3b,Y
Eugene Jackson,ce783bf73b5131f9,Keiichiro Yamamiya,6014d25e73b669c9,Y
Kenichi Yamamoto,9f488f520ed25bbf,Daiju Takase,4f74c8be51db8a37,Y
Katsuhisa Fujii,d71d968dc6ecfdaf,Masutatsu Yano,d56caaa5e123f518,Y
Frank Shamrock,fcaae0385b514f11,Tito Ortiz,2f732dd9210d301f,Y
Tim Lajcik,c7e9d15cfce52f1d,Ron Waterman,efaf544314bb5c2e,N
Jeremy Horn,8d26912cd2aeb366,Jason Godsey,5ca158b1cc9cb242,Y
Brad Kohler,13c4313ed0f744f3,Steve Judson,6ece1d2ab1bed31d,Y
Chuck Liddell,a390eb8a9b2df298,Paul Jones,f341f9551ba744e2,Y
Matt Hughes,621a6c59f88a44fe,Valeri Ignatov,7b6ce3a9460565b5,Y
John Lewis,4a01dc8376736ef5,Lowell Anderson,1ffc38f67785797b,Y
Jens Pulver,44260175069b6276,Alfonso Alcarez,1e38bba6738b7b10,N
Maurice Smith,33e33d51f289d2a1,Marco Ruas,597db668b01c442c,Y
Pat Miletich,cedfdf8d423d500c,Andre Pederneiras,bba678d312590087,Y
Jeremy Horn,8d26912cd2aeb366,Daiju Takase,4f74c8be51db8a37,Y
Paul Jones,f341f9551ba744e2,Flavio Luiz Moura,ab35634d1a8c7a11,Y
Tsuyoshi Kohsaka,b76ed59283d3559c,Tim Lajcik,c7e9d15cfce52f1d,Y
Eugene Jackson,ce783bf73b5131f9,Royce Alger,669a3cb6e394f515,Y
Andre Roberts,a54a35a670d8e852,Ron Waterman,efaf544314bb5c2e,Y
Travis Fulton,911fb265462f0d94,David Dodd,c2a7623f398d9bd7,Y
Bas Rutten,03688dc3c3af3ac1,Kevin Randleman,6859f67468ba8489,Y
Pedro Rizzo,b44f39a5c6596953,Tra Telligman,1dab0d1d81dd06db,Y
Pete Williams,6291ac0a3726732f,Travis Fulton,911fb265462f0d94,Y
Wanderlei Silva,a1f6999fe57236e0,Tony Petarra,c61f66d8c3fd5f07,Y
Marcelo Mello,672ef06fd9f41f7d,David Roberts,775bad6d700d2302,Y
Laverne Clark,1c2f2571b18791b6,Fabiano Iha,263ebd4a669e1e98,Y
Ron Waterman,efaf544314bb5c2e,Chris Condo,41e77dc504a192c6,Y
Tito Ortiz,2f732dd9210d301f,Guy Mezger,946f341df6472ee0,Y
Gary Goodridge,fbbde91f7bc2d3c5,Andre Roberts,a54a35a670d8e852,Y
Jeremy Horn,8d26912cd2aeb366,Chuck Liddell,a390eb8a9b2df298,Y
Kevin Randleman,6859f67468ba8489,Maurice Smith,33e33d51f289d2a1,Y
Evan Tanner,8f2d9ee27f206f1f,Valeri Ignatov,7b6ce3a9460565b5,Y
Pete Williams,6291ac0a3726732f,Jason Godsey,5ca158b1cc9cb242,Y
Sione Latu,5898357a45a73674,Joey Roberts,c058823a2595ab09,Y
Bas Rutten,03688dc3c3af3ac1,Tsuyoshi Kohsaka,b76ed59283d3559c,Y
Pat Miletich,cedfdf8d423d500c,Jorge Patino,c8cca8f3de5be4b4,Y
Pedro Rizzo,b44f39a5c6596953,Mark Coleman,21b8a0f5c231096f,Y
Tito Ortiz,2f732dd9210d301f,Jerry Bohlander,93892752c5fc23ca,Y
Mikey Burnett,4c805f5f58a75df0,Townsend Saunders,20bd6c3e03c46ee6,Y
Evan Tanner,8f2d9ee27f206f1f,Darrel Gholar,a24e080000fa7a35,Y
Laverne Clark,1c2f2571b18791b6,Frank Caracci,44f9c777fed7ca03,Y
Frank Shamrock,fcaae0385b514f11,John Lober,31652c9267606d54,Y
Vitor Belfort,0ee783aa00e468f0,Wanderlei Silva,a1f6999fe57236e0,Y
Pedro Rizzo,b44f39a5c6596953,David Abbott,b361180739bed4b0,Y
Pat Miletich,cedfdf8d423d500c,Mikey Burnett,4c805f5f58a75df0,Y
Tsuyoshi Kohsaka,b76ed59283d3559c,Pete Williams,6291ac0a3726732f,Y
Ebenezer Fontes Braga,dc950d59dc590aca,Jeremy Horn,8d26912cd2aeb366,Y
Tulio Palhares,e8c170a64dc920ac,Adriano Santos,c6e6926a81adcd00,Y
Cesar Marscucci,e8efeb9cf33b1941,Paulo Santos,7ca4c3f8aa8bacae,Y
Frank Shamrock,fcaae0385b514f11,Jeremy Horn,8d26912cd2aeb366,Y
Pete Williams,6291ac0a3726732f,Mark Coleman,21b8a0f5c231096f,Y
Dan Henderson,1ccf4e7caff270df,Carlos Newton,952f6fa06f25a0ec,Y
David Abbott,b361180739bed4b0,Hugo Duarte,706404da0775dcbc,Y
Mike van Arsdale,2ee09ec2a0695eb9,Joe Pardo,74fefd43f073cd2f,Y
Carlos Newton,952f6fa06f25a0ec,Bob Gilstrap,c96518b7f6881004,Y
Dan Henderson,1ccf4e7caff270df,Allan Goes,e62b36885ecdac27,Y
Andre Roberts,a54a35a670d8e852,Harry Moskowitz,4dc496aa0cfc0d95,Y
Chuck Liddell,a390eb8a9b2df298,Noe Hernandez,df2cf66d8c0123db,Y
Frank Shamrock,fcaae0385b514f11,Igor Zinoviev,108afe61a26bcbf4,Y
Tsuyoshi Kohsaka,b76ed59283d3559c,Kimo Leopoldo,08ae5cd9aef7ddd3,Y
Pat Miletich,cedfdf8d423d500c,Chris Brennan,b19fc66613dc75b9,Y
Jerry Bohlander,93892752c5fc23ca,Kevin Jackson,13b2f59210dda9cc,Y
Pat Miletich,cedfdf8d423d500c,Townsend Saunders,20bd6c3e03c46ee6,Y
Mikey Burnett,4c805f5f58a75df0,Eugenio Tadeu,f70144caea5c4c80,Y
Chris Brennan,b19fc66613dc75b9,Courtney Turner,56f4b81ec4db61af,Y
Laverne Clark,1c2f2571b18791b6,Josh Stuart,601cf40c09090853,Y
Randy Couture,0aa92558424ced9e,Maurice Smith,33e33d51f289d2a1,Y
Kazushi Sakuraba,9b5b5a75523728f3,Marcus Silveira,f717b6002486f73f,Y
Vitor Belfort,0ee783aa00e468f0,Joe Charles,19ffeb5e3fffd6d5,Y
Frank Shamrock,fcaae0385b514f11,Kevin Jackson,13b2f59210dda9cc,Y
Kazushi Sakuraba,9b5b5a75523728f3,Marcus Silveira,f717b6002486f73f,N
David Abbott,b361180739bed4b0,Yoji Anjo,e06fd1260ac865a7,Y
Tra Telligman,1dab0d1d81dd06db,Brad Kohler,13c4313ed0f744f3,Y
Maurice Smith,33e33d51f289d2a1,David Abbott,b361180739bed4b0,Y
Mark Kerr,a7b48e18ca27795d,Dwayne Cason,31c01fbc2586a5eb,Y
Randy Couture,0aa92558424ced9e,Vitor Belfort,0ee783aa00e468f0,Y
Dave Beneteau,9fd1f08dd4aec14a,Carlos Barreto,a220be6d41d6f97d,Y
Mark Kerr,a7b48e18ca27795d,Greg Stott,91181b29be041f1c,Y
Dwayne Cason,31c01fbc2586a5eb,Houston Dorr,312f47c3d2f83ffa,Y
Alex Hunter,baa5358456803df8,Harry Moskowitz,4dc496aa0cfc0d95,Y
Maurice Smith,33e33d51f289d2a1,Mark Coleman,21b8a0f5c231096f,Y
Mark Kerr,a7b48e18ca27795d,Dan Bobish,f348d05403fad037,Y
Kevin Jackson,13b2f59210dda9cc,Tony Fryklund,253de74457bd6374,Y
Dan Bobish,f348d05403fad037,Brian Johnston,1c3f5e85b59ec710,Y
Mark Kerr,a7b48e18ca27795d,Moti Horenstein,baf942f4bcb09894,Y
Kevin Jackson,13b2f59210dda9cc,Todd Butler,3fed746acfd026dd,Y
Joe Moreira,df85d6ec3493d120,Yuri Vaulin,4679a38cced7c64a,Y
Alex Hunter,baa5358456803df8,Sam Fulton,1f5f75658551f2d3,Y
Tony Fryklund,253de74457bd6374,Donnie Chappell,8788beb528894f33,Y
Vitor Belfort,0ee783aa00e468f0,David Abbott,b361180739bed4b0,Y
Randy Couture,0aa92558424ced9e,Steven Graham,3e514f437c51ce0a,Y
Guy Mezger,946f341df6472ee0,Tito Ortiz,2f732dd9210d301f,Y
Randy Couture,0aa92558424ced9e,Tony Halme,bad28b7b34f334de,Y
Steven Graham,3e514f437c51ce0a,Dmitri Stepanov,738acab0c6934dd8,Y
Enson Inoue,0cf935519d439ba6,Royce Alger,669a3cb6e394f515,Y
Guy Mezger,946f341df6472ee0,Christophe Leninger,7269329bd87eb479,Y
Jack Nilson,53e533db1b8e9712,Saeed Hosseini,21f2974fd08085e3,Y
Tito Ortiz,2f732dd9210d301f,Wes Albritton,184b955181bdef52,Y
Mark Coleman,21b8a0f5c231096f,Dan Severn,c670aa48827d6be6,Y
Vitor Belfort,0ee783aa00e468f0,Scott Ferrozzo,977081bc01197656,Y
Jerry Bohlander,93892752c5fc23ca,Nick Sanzo,1d147d4163a6989b,Y
Vitor Belfort,0ee783aa00e468f0,Tra Telligman,1dab0d1d81dd06db,Y
Scott Ferrozzo,977081bc01197656,Jim Mullen,1a49e0670dfaca31,Y
Yoshiki Takahashi,6420efac0578988b,Wallid Ismail,da6dfd09cca1d705,Y
Jerry Bohlander,93892752c5fc23ca,Rainy Martinez,577ec7e108b94be3,Y
Justin Martin,3da19339ee7051d5,Eric Martin,abbc4fc02e0d84b3,Y
Nick Sanzo,1d147d4163a6989b,Jackie Lee,4985113c0928aa62,Y
Don Frye,271fe91f4ba9d2c5,David Abbott,b361180739bed4b0,Y
David Abbott,b361180739bed4b0,Steve Nelmark,13e62d766b709aa6,Y
Don Frye,271fe91f4ba9d2c5,Mark Hall,18524b46c570730b,Y
Ken Shamrock,63b65af1c5cb02cb,Brian Johnston,1c3f5e85b59ec710,Y
Kimo Leopoldo,08ae5cd9aef7ddd3,Paul Varelans,07a18ae55dfc3cd9,Y
David Abbott,b361180739bed4b0,Cal Worsham,de3ed2e152520c8d,Y
Don Frye,271fe91f4ba9d2c5,Gary Goodridge,fbbde91f7bc2d3c5,Y
Tai Bowden,2efbc83a6b9b7f86,Jack Nilson,53e533db1b8e9712,Y
Steve Nelmark,13e62d766b709aa6,Marcus Bossett,e8fb8e53bc2e29d6,Y
Mark Hall,18524b46c570730b,Felix Lee Mitchell,6cbb7661c3258617,Y
Scott Ferrozzo,977081bc01197656,David Abbott,b361180739bed4b0,Y
Mark Coleman,21b8a0f5c231096f,Brian Johnston,1c3f5e85b59ec710,Y
Jerry Bohlander,93892752c5fc23ca,Fabio Gurgel,8377c5572cb356f3,Y
David Abbott,b361180739bed4b0,Sam Adkins,0e9869d712e81f8f,Y
Brian Johnston,1c3f5e85b59ec710,Reza Nasri,d41937647eae9a34,Y
Mark Coleman,21b8a0f5c231096f,Julian Sanchez,c6da1c24fe473418,Y
Roberto Traven,20ec0061400178ca,Dave Berry,b3bbe88fecd6a0d2,Y
Scott Ferrozzo,977081bc01197656,Sam Fulton,1f5f75658551f2d3,Y
Mark Coleman,21b8a0f5c231096f,Don Frye,271fe91f4ba9d2c5,Y
Mark Coleman,21b8a0f5c231096f,Gary Goodridge,fbbde91f7bc2d3c5,Y
Don Frye,271fe91f4ba9d2c5,Brian Johnston,1c3f5e85b59ec710,Y
Gary Goodridge,fbbde91f7bc2d3c5,John Campetella,31bbd46d57dfbcb7,Y
Mark Coleman,21b8a0f5c231096f,Moti Horenstein,baf942f4bcb09894,Y
Brian Johnston,1c3f5e85b59ec710,Scott Fiedler,0ec821423baa26bd,Y
Don Frye,271fe91f4ba9d2c5,Mark Hall,18524b46c570730b,Y
Sam Adkins,0e9869d712e81f8f,Felix Lee Mitchell,6cbb7661c3258617,Y
Geza Kalman,304fcd812f12c589,Dieusel Berto,0db70ca89e1c7374,Y
Dan Severn,c670aa48827d6be6,Ken Shamrock,63b65af1c5cb02cb,Y
Don Frye,271fe91f4ba9d2c5,Amaury Bitetti,7a359ef685a304a7,Y
Mark Hall,18524b46c570730b,Koji Kitao,2a6f8136da1e52c0,Y
Mark Schultz,c1684f00c626f4c0,Gary Goodridge,fbbde91f7bc2d3c5,Y
Rafael Carino,08a7080ff5904661,Matt Andersen,8738eacd62e82a32,Y
Cal Worsham,de3ed2e152520c8d,Zane Frazier,d3711d3784b76255,Y
Steve Nelmark,13e62d766b709aa6,Tai Bowden,2efbc83a6b9b7f86,Y
Don Frye,271fe91f4ba9d2c5,Gary Goodridge,fbbde91f7bc2d3c5,Y
Ken Shamrock,63b65af1c5cb02cb,Kimo Leopoldo,08ae5cd9aef7ddd3,Y
Gary Goodridge,fbbde91f7bc2d3c5,Jerry Bohlander,93892752c5fc23ca,Y
Don Frye,271fe91f4ba9d2c5,Sam Adkins,0e9869d712e81f8f,Y
Gary Goodridge,fbbde91f7bc2d3c5,Paul Herrera,440c9dbab63528fb,Y
Jerry Bohlander,93892752c5fc23ca,Scott Ferrozzo,977081bc01197656,Y
Paul Varelans,07a18ae55dfc3cd9,Joe Moreira,df85d6ec3493d120,Y
Don Frye,271fe91f4ba9d2c5,Thomas Ramirez,ea398c802d9998ee,Y
Sam Adkins,0e9869d712e81f8f,Keith Mielke,f62850b3c7480db9,Y
Dan Severn,c670aa48827d6be6,Oleg Taktarov,1dc56b59cb28425d,Y
Oleg Taktarov,1dc56b59cb28425d,Marco Ruas,597db668b01c442c,Y
Dan Severn,c670aa48827d6be6,David Abbott,b361180739bed4b0,Y
Oleg Taktarov,1dc56b59cb28425d,Dave Beneteau,9fd1f08dd4aec14a,Y
Marco Ruas,597db668b01c442c,Keith Hackney,bf12aca029bfcc47,Y
Dan Severn,c670aa48827d6be6,Paul Varelans,07a18ae55dfc3cd9,Y
David Abbott,b361180739bed4b0,Steve Jennum,ad047e3073a775f3,Y
Mark Hall,18524b46c570730b,Trent Jenkins,02fc8f50f56eb307,Y
Joe Charles,19ffeb5e3fffd6d5,Scott Bessac,3f24c96753dbd9f9,Y
Marco Ruas,597db668b01c442c,Paul Varelans,07a18ae55dfc3cd9,Y
Ken Shamrock,63b65af1c5cb02cb,Oleg Taktarov,1dc56b59cb28425d,N
Marco Ruas,597db668b01c442c,Remco Pardoel,749685d24e2cac50,Y
Paul Varelans,07a18ae55dfc3cd9,Mark Hall,18524b46c570730b,Y
Marco Ruas,597db668b01c442c,Larry Cureton,46f11d15c0134fe3,Y
Remco Pardoel,749685d24e2cac50,Ryan Parker,6a0b80a24f22e152,Y
Mark Hall,18524b46c570730b,Harold Howard,a2b06ca02bca14c0,Y
Paul Varelans,07a18ae55dfc3cd9,Gerry Harris,30cd319d39ee689b,Y
Scott Bessac,3f24c96753dbd9f9,David Hood,5af480a3b2e1726b,Y
Onassis Parungao,96d173b7f92aa520,Francesco Maturi,d3b5ad3b15a64a18,Y
Joel Sutton,a6a9ab5a824e8f66,Geza Kalman,304fcd812f12c589,Y
Oleg Taktarov,1dc56b59cb28425d,David Abbott,b361180739bed4b0,Y
Ken Shamrock,63b65af1c5cb02cb,Dan Severn,c670aa48827d6be6,Y
Oleg Taktarov,1dc56b59cb28425d,Anthony Macias,dedc3bb440d09554,Y
David Abbott,b361180739bed4b0,Paul Varelans,07a18ae55dfc3cd9,Y
Oleg Taktarov,1dc56b59cb28425d,Dave Beneteau,9fd1f08dd4aec14a,Y
Patrick Smith,46c8ec317aff28ac,Rudyard Moncayo,02d276b7d62b3472,Y
Paul Varelans,07a18ae55dfc3cd9,Cal Worsham,de3ed2e152520c8d,Y
David Abbott,b361180739bed4b0,John Matua,c933d423ebdbbbdb,Y
Anthony Macias,dedc3bb440d09554,He-Man Gipson,3e03cec9767d37e6,Y
Joel Sutton,a6a9ab5a824e8f66,Jack McGlaughlin,237187ed9f419285,Y
Dan Severn,c670aa48827d6be6,Dave Beneteau,9fd1f08dd4aec14a,Y
Ken Shamrock,63b65af1c5cb02cb,Royce Gracie,429e7d3725852ce9,N
Dan Severn,c670aa48827d6be6,Oleg Taktarov,1dc56b59cb28425d,Y
Dave Beneteau,9fd1f08dd4aec14a,Todd Medina,b60391da771deefe,Y
Dan Severn,c670aa48827d6be6,Joe Charles,19ffeb5e3fffd6d5,Y
Oleg Taktarov,1dc56b59cb28425d,Ernie Verdicia,2b1587a3376ab743,Y
Todd Medina,b60391da771deefe,Larry Cureton,46f11d15c0134fe3,Y
Jon Hess,32a3025d5db456ae,Andy Anderson,9199e0735b83dd32,Y
Guy Mezger,946f341df6472ee0,John Dowdy,e780ccc79a209985,Y
Dave Beneteau,9fd1f08dd4aec14a,Asbel Cancio,2a7afe14b3a0a058,Y
Royce Gracie,429e7d3725852ce9,Dan Severn,c670aa48827d6be6,Y
Dan Severn,c670aa48827d6be6,Marcus Bossett,e8fb8e53bc2e29d6,Y
Royce Gracie,429e7d3725852ce9,Keith Hackney,bf12aca029bfcc47,Y
Dan Severn,c670aa48827d6be6,Anthony Macias,dedc3bb440d09554,Y
Steve Jennum,ad047e3073a775f3,Melton Bowen,81ca2c245b19b3c5,Y
Keith Hackney,bf12aca029bfcc47,Joe Son,83b743fedde154fb,Y
Royce Gracie,429e7d3725852ce9,Ron van Clief,23ab42947c1990e3,Y
Guy Mezger,946f341df6472ee0,Jason Fairn,adea9f0090aa8e14,Y
Marcus Bossett,e8fb8e53bc2e29d6,Eldo Xavier Dias,ee5df903f80c6816,Y
Joe Charles,19ffeb5e3fffd6d5,Kevin Rosier,598a58db87b890ee,Y
Steve Jennum,ad047e3073a775f3,Harold Howard,a2b06ca02bca14c0,Y
Ken Shamrock,63b65af1c5cb02cb,Felix Lee Mitchell,6cbb7661c3258617,Y
Royce Gracie,429e7d3725852ce9,Kimo Leopoldo,08ae5cd9aef7ddd3,Y
Harold Howard,a2b06ca02bca14c0,Roland Payne,2e04a3b4a2011b97,Y
Ken Shamrock,63b65af1c5cb02cb,Christophe Leninger,7269329bd87eb479,Y
Keith Hackney,bf12aca029bfcc47,Emmanuel Yarborough,2299605af59fd309,Y
Royce Gracie,429e7d3725852ce9,Patrick Smith,46c8ec317aff28ac,Y
Royce Gracie,429e7d3725852ce9,Remco Pardoel,749685d24e2cac50,Y
Patrick Smith,46c8ec317aff28ac,Johnny Rhodes,319fa1bd3176bded,Y
Royce Gracie,429e7d3725852ce9,Jason DeLucia,6ceff86fae4f6b3b,Y
Remco Pardoel,749685d24e2cac50,Orlando Wiet,a6c2f5381d575920,Y
Johnny Rhodes,319fa1bd3176bded,Fred Ettish,8d5daf67983b65ba,Y
Patrick Smith,46c8ec317aff28ac,Scott Morris,be9d259be012e8a4,Y
Royce Gracie,429e7d3725852ce9,Minoki Ichihara,4565d435005319c0,Y
Jason DeLucia,6ceff86fae4f6b3b,Scott Baker,7d5b12de1625984e,Y
Remco Pardoel,749685d24e2cac50,Alberta Cerra Leon,6e02c318762f52f1,Y
Orlando Wiet,a6c2f5381d575920,Robert Lucarelli,96087e90d900f0ef,Y
Frank Hamaker,c3c23c99477c041b,Thaddeus Luster,505934897b8b4824,Y
Johnny Rhodes,319fa1bd3176bded,David Levicki,49590e0508b2c19f,Y
Patrick Smith,46c8ec317aff28ac,Ray Wizard,ea0ad155451ed1f5,Y
Scott Morris,be9d259be012e8a4,Sean Daugherty,a683f9ddb70aa4bd,Y
